1,2,3,4,5,6,7,8,9,10,11,12,13,14,15,16,17,18,19,20,21,22,23,24,25,26,27,28,29,30,31,32,33
15.689599,13.366301,58.459583,12.636102,85.0202,25.052765,13.6491375,14.554909,19.310354,20.556524,16.714123,34.542027,15.596799,4.576716,18.059872,13.311173,11.192099,38.463314,18.102337,12.636315,41.249256,17.976473,62.69077,8.568137,15.2787075,10.992452,25.193531,16.757187,25.474632,22.117981,29.990753,34.730415,40.088245
15.920159,13.401544,57.505985,12.639705,83.18473,25.054407,13.6491375,14.56414,19.448055,20.21675,16.708225,34.529766,15.951584,4.6620965,18.235813,13.049906,11.1953125,38.407646,17.990637,12.628623,41.318813,17.965326,62.90141,8.877931,15.721252,11.158471,25.872046,17.084288,25.565775,22.119104,30.230446,35.025043,40.524662
16.220314,13.943319,56.5993,12.645626,78.92901,25.041986,13.6491375,14.590493,19.613247,20.205254,16.031536,34.927425,14.406771,4.937523,18.215187,13.144817,11.190317,38.41721,16.801664,12.614124,41.677383,17.94116,64.184456,8.63829,17.517313,11.231277,25.714977,17.638533,25.682732,22.122734,30.841125,35.451893,41.687054
17.318243,16.042362,52.654793,12.671276,69.06441,25.028658,13.6491375,14.60288,19.790506,22.30773,15.755859,34.842175,13.44503,5.0550346,18.871775,12.237962,11.206888,39.49725,13.192058,12.579185,41.40691,17.821543,63.821915,9.097517,20.599194,10.973003,28.37428,19.604042,25.335484,22.13304,31.383442,36.051666,43.61354
17.76831,16.225826,50.212482,12.680043,67.04097,25.031637,13.6491375,14.585391,19.869263,22.909943,16.26936,35.152508,15.120964,4.842394,19.318634,11.350113,11.224755,39.873158,11.692942,12.563176,41.59229,17.859722,60.123226,8.745687,21.92934,11.415317,29.669481,20.689842,25.112034,22.13923,31.26329,35.80586,43.78798
17.38528,16.113916,53.730457,12.683059,73.43056,25.03483,13.6491375,14.56843,19.611662,24.262098,17.929565,35.054504,14.859576,3.6695175,18.925957,12.446817,11.234902,38.76901,13.205431,12.606725,42.00917,17.822489,57.74797,7.911223,18.088858,10.659313,30.06172,19.80353,25.18507,22.136297,29.972788,33.94987,41.777546
17.001438,15.586851,54.208748,12.689713,73.69239,25.031366,13.6491375,14.601273,19.983364,24.913754,18.380436,34.619095,15.30411,3.6695175,19.015984,12.734495,11.236086,38.69246,12.746664,12.611695,42.043736,17.51581,57.19665,8.649799,17.067194,10.580115,30.451107,19.849028,24.877,22.136822,29.898672,33.818417,41.866234
16.782988,15.317526,55.50552,12.690081,75.564896,25.036371,13.6491375,14.59475,19.959864,25.3218,18.369143,33.87898,15.097396,3.6695175,18.941706,13.175537,11.23847,38.508965,13.507934,12.627237,41.51758,17.483467,58.720627,8.916609,15.791422,10.381095,30.88218,19.00121,24.770811,22.134455,29.471401,33.50651,41.01918
17.25743,15.046545,58.26497,12.7217245,70.488335,25.01501,13.6491375,14.643824,20.548351,25.645187,19.40292,31.998312,16.816494,3.6695175,18.339159,14.609546,11.226348,37.907234,12.30216,12.639146,41.434616,17.155062,64.33078,10.476259,16.223665,9.78345,33.41227,19.428297,25.092365,22.138638,30.142033,33.47582,42.712322
17.07775,15.388267,62.05313,12.74232,69.54264,25.003195,13.6491375,14.645221,20.486523,25.138891,19.397388,31.080801,14.998389,4.4903417,17.93361,15.811981,11.185717,37.59143,13.575395,12.670142,41.576504,17.305162,68.23867,10.569873,17.349134,8.788431,32.41662,18.697426,26.521982,22.131763,31.015413,33.756836,43.29837
17.002838,15.404942,60.36262,12.711239,71.09542,25.011808,13.6491375,14.613134,20.241026,24.532236,18.251495,32.24782,13.740541,3.7913299,18.757994,15.211413,11.196016,38.49802,13.983206,12.642588,41.73439,17.390265,65.491486,10.160224,17.190384,9.661372,31.262606,18.810144,26.334463,22.131224,30.888329,33.96684,42.770912
16.750725,14.727844,58.916798,12.687748,72.85855,25.022726,13.6491375,14.597828,20.404669,23.755657,17.878967,32.72964,13.103608,3.6695175,19.055162,14.565694,11.205725,38.818245,14.885085,12.624891,41.673706,17.379927,64.39029,10.327126,16.749914,10.821492,30.44253,18.523184,25.77601,22.129873,30.657473,34.264656,42.111504
15.683168,13.365184,56.730312,12.669083,81.458336,25.057123,14.089255,14.545188,19.655792,21.841776,16.792051,34.273693,13.103389,3.6695175,19.900257,12.913078,11.209802,39.583893,15.453704,12.617095,41.921455,17.639357,58.41333,9.305476,14.938095,11.545985,27.607859,17.30894,25.256319,22.123468,29.537146,34.258663,40.07293
15.36082,12.625891,54.37454,12.685608,82.13765,25.067352,14.1105795,14.592111,19.278559,19.8291,15.573562,34.870255,17.820776,3.6695175,19.639599,11.784967,11.210753,39.30008,15.381213,12.616576,42.4443,17.743198,54.564514,8.774497,15.078021,12.175627,26.377735,17.895586,24.442993,22.132105,29.45817,34.750175,40.237537
15.820377,14.298395,56.208965,12.689172,81.75539,25.06174,14.423842,14.552149,18.60857,19.598167,15.404478,34.08153,17.58734,3.6695175,19.316998,12.130388,11.199569,39.10185,16.022444,12.636643,42.764194,17.995857,55.47523,8.417645,14.525268,11.464742,25.906597,17.6929,24.610409,22.13447,29.173903,34.70034,40.047146
16.197811,14.927015,58.971565,12.68753,82.36495,25.056093,14.375438,14.537828,18.19973,20.240107,15.594757,33.225166,16.212715,3.6695175,18.915573,12.991659,11.187135,38.915382,16.831366,12.653716,42.786037,18.234612,57.6384,8.170103,13.994191,11.062949,25.879026,17.714746,24.920235,22.132511,28.653654,34.175556,39.464718
17.520128,17.141075,62.532234,12.689365,78.498184,25.036032,14.265238,14.537828,17.924112,19.70275,14.6167755,32.95207,17.291945,4.0245857,18.127953,15.053528,11.182769,38.509365,16.880445,12.680739,41.57688,18.282413,68.21706,8.686074,13.444167,10.687066,25.474522,16.924017,24.773409,22.13221,28.657219,34.447502,40.108418
17.16516,16.867441,64.70836,12.697003,79.50211,25.026154,14.5852995,14.549718,18.010479,19.190538,13.826429,32.718033,18.163818,4.3545637,17.594715,16.06031,11.170136,38.040176,17.2847,12.70249,41.50616,18.178198,70.68483,8.768788,12.93813,10.550514,23.381176,16.13069,24.744373,22.132551,28.724497,34.5236,40.18344
16.858652,16.285606,63.875755,12.709142,79.15274,25.028181,15.352466,14.592865,18.18471,18.590696,13.488209,32.736973,17.866009,4.200478,17.462011,15.715557,11.172159,37.952644,17.731213,12.692585,41.98627,17.996248,69.32689,9.2524395,12.524482,11.099664,23.138664,15.827115,24.26461,22.137362,28.783882,34.911926,40.497704
16.505644,15.615985,61.69699,12.710815,78.73902,25.033245,15.808816,14.599342,18.49121,18.432611,13.529599,33.416565,16.070932,3.6695175,17.886662,14.713783,11.17128,38.22721,17.11003,12.663772,42.805904,17.86467,65.85322,9.387929,13.2725935,11.560306,23.530342,16.283092,24.171257,22.139904,29.201445,35.271004,41.046623
15.745346,14.541508,60.82885,12.712603,81.433716,25.041878,15.9915695,14.597671,18.78108,18.939823,13.912097,33.48465,15.498902,3.6695175,18.037428,14.055583,11.17107,38.349934,17.152168,12.660637,42.89366,17.763119,61.831333,9.538163,13.146475,11.852347,23.557053,16.328388,24.161558,22.137157,29.131828,35.091114,40.392544
15.372289,13.453006,61.64351,12.723374,83.667305,25.055595,15.723686,14.591616,19.019337,19.69378,14.232778,32.897377,14.467308,3.6695175,18.06027,13.963014,11.178416,38.30388,19.46843,12.668868,42.651905,17.79523,60.34629,10.092921,12.688479,12.155259,24.137943,16.15344,24.542639,22.135756,28.93079,34.726902,39.437103
15.451387,12.310869,59.663147,12.73129,82.10224,25.066082,14.727293,14.593947,19.597963,20.410658,14.975908,32.8782,14.1107855,3.6695175,18.525036,13.311653,11.200663,38.25477,19.211542,12.655784,41.791527,17.69779,60.07575,10.649442,13.68128,12.781252,27.026915,16.487274,24.62095,22.134302,28.947859,34.511536,39.12469
15.620882,11.713264,57.344578,12.738926,79.29879,25.073923,13.884018,14.621013,19.921432,20.672447,15.092504,32.90145,17.391628,3.6695175,18.808523,12.741986,11.221641,38.5838,18.752504,12.6437235,40.850666,17.553106,59.562523,11.492894,14.138896,13.442661,28.54549,17.906181,24.029737,22.138382,29.019564,34.704014,39.415665
16.002846,11.528527,59.1225,12.746144,77.551025,25.061106,13.766302,14.6123295,19.856016,20.206835,15.204304,31.752903,19.459974,3.6695175,18.296806,13.164418,11.201593,38.330833,19.436277,12.645899,41.250343,17.627464,60.72353,12.235518,14.5166235,14.081419,27.90012,19.185883,24.081852,22.142164,29.315376,35.224472,40.209045
16.187853,11.673907,60.852966,12.743215,75.726395,25.042967,13.720902,14.604404,20.199087,20.430864,16.578959,31.095139,19.444052,3.6695175,17.960941,13.863819,11.179873,38.160355,19.189682,12.65127,41.883415,17.506851,62.44131,12.783368,15.236014,14.281091,27.297005,19.406921,24.351568,22.141249,29.735144,35.447002,41.121483
17.12123,13.970192,64.01069,12.747806,75.04967,25.041061,13.831181,14.537828,19.704472,23.902374,16.073051,30.647022,16.761269,3.6695175,17.976671,15.391662,11.20354,38.53137,20.930647,12.679956,40.834053,17.687471,65.85301,12.186059,13.541796,13.172949,28.146936,19.364397,24.681633,22.140966,28.459358,34.164433,39.6299
17.444304,14.9233,64.39188,12.767713,74.496735,25.038437,13.889712,14.537828,19.506304,26.968052,17.25142,30.398512,17.930029,3.6695175,17.889719,15.586394,11.212862,38.976265,20.313087,12.696165,40.528336,17.670206,63.869537,12.273354,12.753835,12.688189,28.486887,20.858606,24.51741,22.140997,27.52607,33.35778,39.069305
17.393652,14.970175,63.039604,12.750713,74.88925,25.03846,14.009458,14.537828,19.587103,27.158775,18.278238,31.627872,15.521712,3.6695175,18.758642,14.758191,11.205277,39.38373,18.705471,12.668561,41.906635,17.70351,59.555706,11.545445,13.351605,12.995904,28.403969,21.973467,24.998985,22.136164,27.765303,33.179462,39.517796
16.84881,14.61033,62.116497,12.750385,77.94853,25.049175,14.134562,14.537828,19.287308,26.431812,18.199106,31.891,14.617725,3.6695175,18.982048,13.734659,11.193258,39.36195,18.033966,12.6707,42.509335,17.94051,55.070183,10.906882,13.548598,12.84413,28.076597,22.489668,25.211977,22.132902,27.497154,33.090286,38.99609
16.410257,14.116954,60.261105,12.761558,77.36058,25.05728,15.097706,14.537828,19.133387,25.77473,16.680079,31.436249,15.383505,3.6695175,18.898443,12.900806,11.187719,39.832264,17.778183,12.657552,42.750866,17.867167,51.910027,11.477542,13.149897,12.782232,27.314936,23.32982,24.157501,22.137962,27.231234,33.60608,39.25033
16.722925,14.379866,60.30277,12.752154,76.794525,25.052736,14.283428,14.537828,18.997124,23.056221,16.67318,32.44278,18.47017,3.6695175,18.753363,12.70358,11.184044,39.469265,18.096489,12.656031,42.805367,18.01004,53.352757,11.613926,14.101411,14.109188,26.100182,23.663969,24.166481,22.139502,27.990906,34.44791,40.030437
16.966553,14.33857,60.631157,12.75378,76.33307,25.04951,14.099946,14.537828,19.081734,22.71667,18.414154,32.743584,18.47709,3.6695175,19.108988,12.683433,11.1833315,39.34543,17.421045,12.658261,43.2548,18.008043,53.144855,11.51182,14.451183,14.602157,26.564175,23.625463,24.746925,22.135962,28.161873,34.40742,40.35302
17.179811,14.594266,60.984444,12.756922,75.401726,25.047834,14.285175,14.537828,19.195803,22.804356,18.680183,32.50371,17.435581,3.6695175,19.154314,12.890966,11.186002,39.154297,17.365261,12.659966,43.11995,17.961662,54.688442,11.79005,14.340235,14.463416,27.3121,22.776728,24.928312,22.135597,28.254227,34.431286,40.43114
17.40429,14.433408,59.27929,12.76786,72.37645,25.041206,14.720818,14.537828,19.676497,20.639885,18.914663,31.973494,17.282122,3.7171087,19.011196,11.976383,11.173519,38.462223,16.436962,12.651078,43.66182,17.847656,55.56567,12.804763,15.805377,14.766802,27.715197,21.74505,24.78332,22.140059,29.188143,35.728516,41.96713
17.995852,13.813555,56.322823,12.789445,67.10333,25.038046,15.03156,14.537828,20.22128,19.638376,18.805023,30.42026,16.00268,4.0912356,19.238983,10.799736,11.171515,37.810047,15.352759,12.631879,43.573864,17.6652,56.79075,14.099969,17.821058,15.385537,30.729387,21.089218,24.26049,22.145676,29.722935,36.970543,43.27315
18.421463,13.602546,54.19315,12.784635,64.300644,25.038324,15.067798,14.537828,20.404053,19.567795,18.369877,30.045515,14.433249,4.03302,19.899778,10.243457,11.1752205,37.88493,14.405832,12.609429,43.414707,17.634754,56.684372,14.017509,19.41572,15.820134,32.37851,20.73523,24.284452,22.148006,30.115767,37.32387,43.680023
18.933374,13.740117,51.26495,12.769796,60.08714,25.032717,14.490785,14.537828,20.82407,19.919254,17.91195,30.333725,13.116988,4.9882345,20.617907,9.675233,11.177432,38.63961,12.93248,12.581719,42.814445,17.703451,56.26986,13.495177,23.125483,16.530436,33.062984,20.894566,24.872063,22.148657,31.216423,37.7349,44.460712
19.036968,13.914847,51.115402,12.781748,58.405098,25.029057,14.535851,14.537828,20.904455,19.574175,18.238667,30.53359,13.516274,5.861037,20.955942,9.591699,11.163008,38.83512,12.510668,12.587825,43.154152,17.692017,56.80847,13.451134,24.181908,16.29032,32.68459,20.344893,25.648567,22.146503,31.611784,38.132893,45.17254
19.084997,13.239839,51.105225,12.767539,60.67169,25.035994,14.390254,14.537828,20.832146,18.648518,18.83111,31.368582,12.2943535,5.666745,21.017544,9.51694,11.171662,38.40066,13.993021,12.584694,43.15835,17.67681,57.09398,13.38055,22.299534,17.806265,31.455288,20.13972,25.225658,22.139025,30.885895,38.152416,44.19691
18.773865,15.331701,51.76873,12.756294,63.71298,25.05096,14.874172,14.537828,20.058296,18.568228,17.584972,33.18475,11.945717,5.0920277,21.053787,9.909243,11.192339,38.922,15.710104,12.588399,42.87921,17.794489,57.006004,12.416716,18.857712,17.211964,29.201237,18.779621,25.148571,22.136179,29.785341,37.55062,42.52902
17.386152,14.892183,53.26355,12.737768,70.81425,25.066147,15.504764,14.537828,19.605831,17.833256,16.365835,34.224476,11.848041,4.5780597,21.275429,10.078417,11.192357,39.106964,16.455654,12.611039,43.63552,17.99222,53.477512,10.607107,17.894648,15.965358,27.163065,17.480848,25.372105,22.134436,29.46097,36.665493,40.938877
17.392805,14.207696,54.223633,12.751129,71.43016,25.068897,15.517365,14.537828,19.65924,18.173325,16.62342,33.243587,11.735446,4.5787363,20.971176,10.18826,11.190269,38.61233,16.94253,12.623185,43.26811,17.984642,54.379707,11.402262,17.63433,15.900123,28.608032,17.529263,25.306433,22.132893,29.352396,36.6197,40.600037
18.056362,13.611789,54.489685,12.790435,67.28585,25.07186,15.196501,14.537828,20.00625,19.574268,16.896208,30.535904,12.531257,4.791872,20.820158,10.191161,11.201699,37.820557,17.110216,12.6345825,41.866234,17.842253,58.688587,13.376731,17.768955,15.889425,34.277325,17.927763,25.213167,22.133327,29.308622,36.867546,40.803307
18.095608,13.152633,57.386345,12.800831,68.18736,25.073277,14.698818,14.537828,19.704014,19.24993,16.446404,29.754492,12.258667,4.9253883,20.60013,10.937424,11.206058,37.162647,19.046007,12.647449,41.44016,18.021572,62.038784,13.709084,16.8972,16.53854,35.76509,18.269093,25.593475,22.132444,29.283792,36.739098,40.533752
17.674593,13.650827,61.00612,12.782211,72.385605,25.078247,14.594157,14.537828,19.086134,19.073492,14.038239,29.937735,11.237189,5.126787,20.30953,12.032491,11.190773,37.467186,22.007677,12.672772,40.911304,18.35132,63.885277,12.903701,16.269657,16.201836,33.486927,17.797768,26.005102,22.130396,29.332842,36.634247,39.499344
17.364725,13.9512415,66.08871,12.763,76.33936,25.06975,14.517616,14.537828,18.558884,19.465534,13.477361,30.35858,10.839418,5.268446,20.230185,14.078349,11.175676,37.37505,23.451193,12.697798,41.519085,18.587715,66.66757,11.085337,15.275245,15.622225,30.778618,16.621803,26.940603,22.127958,28.971146,35.419743,38.652668
16.263153,12.802706,64.97406,12.767608,80.594696,25.0818,14.436982,14.537828,18.528093,19.101309,13.807769,31.853525,14.850226,4.3781714,19.404057,13.383543,11.176348,37.77916,22.938978,12.702427,41.62744,18.514484,61.042843,11.366064,14.02032,15.502775,28.103958,18.507544,25.861961,22.1291,28.547405,34.945747,38.113083
16.18286,12.921967,63.935375,12.7771,79.165344,25.084148,14.84916,14.537828,18.398602,18.260002,13.042861,32.042095,19.263685,4.340408,18.919756,13.551386,11.1860075,37.89432,22.078922,12.700938,40.860252,18.330914,62.56062,11.746696,12.835256,15.569949,27.348328,18.496315,24.840786,22.133514,28.282013,35.04709,38.229862
15.934579,12.638799,64.18979,12.771074,79.905655,25.076094,14.84055,14.537828,18.785652,18.657284,14.024082,32.359695,17.948448,3.9830875,18.869495,13.567674,11.186123,37.495205,21.4576,12.703009,41.768326,18.278318,60.7778,11.279008,13.37543,15.407161,27.021807,18.110397,24.930498,22.136742,28.430882,34.548943,38.432533
16.378233,12.39596,59.087105,12.760797,73.649254,25.059317,14.4909315,14.615552,19.752216,18.064068,16.674261,34.81468,19.87849,3.6695175,19.548264,12.457561,11.214508,37.18491,16.752136,12.655847,43.632782,17.855202,57.42583,10.514462,15.572899,16.869886,28.573687,18.826101,24.351974,22.145758,29.300648,34.56538,41.00942
17.22657,12.393336,53.681633,12.777983,61.03329,25.056356,14.104401,14.793187,20.896294,16.94183,16.565323,35.497032,20.19339,3.6695175,20.674334,11.928817,11.279659,36.67882,13.581985,12.605426,42.92913,17.164593,62.807514,11.266179,17.1239,18.01523,34.683098,17.723843,23.4382,22.15495,30.012629,34.993565,43.770454
17.74532,12.042835,49.70177,12.795977,50.146156,25.04778,14.191364,14.930152,21.854103,17.09261,17.20688,36.44094,18.334234,3.6695175,22.020634,11.898092,11.333498,36.51856,10.005119,12.554449,43.1369,16.463078,64.92096,11.376327,18.333218,18.700233,40.688313,17.3035,23.459974,22.160152,30.596428,34.477394,46.351234
19.097136,14.339514,48.26339,12.815183,41.908714,25.025757,14.485996,14.97187,21.387102,18.338074,18.817617,37.007446,18.489086,3.6695175,22.130676,11.927404,11.348563,36.266014,7.2089996,12.547967,44.138,16.260733,65.81661,11.299796,18.731743,18.891449,42.207474,17.933208,23.109873,22.168055,30.467873,34.618774,48.36794
19.214188,14.943481,50.089813,12.843559,38.180428,25.005667,14.725873,15.019565,21.386246,17.846788,20.928518,36.51197,17.620613,3.6695175,21.777056,12.59007,11.3335285,35.608242,5.390891,12.5635,44.939457,16.012642,68.11024,12.161491,18.9899,18.297,43.417194,17.94798,23.608877,22.169075,31.147984,34.64794,50.07217
16.879604,13.02411,48.57265,12.89088,38.22545,24.99297,16.16227,15.302265,20.291664,17.886988,17.314163,39.829975,14.955205,3.6695175,22.493662,14.052715,11.342712,35.24731,4.9243712,12.590483,45.457424,15.264716,62.700085,10.919607,17.515532,17.999043,42.76795,14.767188,23.96212,22.17037,30.217073,34.684933,50.13979
15.979497,12.227536,47.49277,12.908319,38.27148,24.993584,16.66588,15.388749,19.827124,18.431898,15.366582,41.237644,13.646573,3.6695175,22.676102,14.472843,11.341468,35.31891,5.497976,12.594318,45.649776,15.097635,59.63341,10.206647,17.472532,17.876463,42.410374,13.716658,24.471497,22.168459,29.612278,34.713745,49.705914
16.129007,12.116451,46.107258,12.858236,38.48299,25.006859,15.79378,15.352978,19.79274,19.591091,15.509451,41.191498,13.673629,3.6695175,23.652826,14.15397,11.359468,35.49011,5.933561,12.581688,44.908855,15.260989,61.26536,9.416011,16.408964,18.92314,42.58968,12.810721,24.31598,22.159357,28.631668,34.578503,48.449745
16.647808,13.359182,44.89069,12.820094,38.20418,25.012537,15.563146,15.327125,19.297424,23.360327,15.797124,40.768257,14.35036,3.6695175,23.985552,13.836586,11.36044,35.302574,6.8514757,12.584737,44.784767,15.501442,61.042404,9.057485,15.139191,19.496008,41.36132,12.336375,24.40489,22.152729,27.306921,35.273197,46.9129
16.748234,13.280948,44.70967,12.796751,37.9994,25.015295,15.036665,15.271726,19.623219,24.76288,18.08367,40.991737,14.409611,3.6695175,24.580795,13.827617,11.365536,35.371925,5.806133,12.573154,45.187477,15.51139,60.05023,8.251542,15.301203,19.971987,42.669304,12.560381,25.288275,22.144863,27.202833,34.591473,46.67957
16.944399,13.693986,45.260563,12.803888,37.12954,25.011982,14.907354,15.2502575,19.773966,24.39257,18.681173,41.136753,13.64512,3.6695175,24.648888,14.055491,11.367586,35.526707,5.401505,12.574707,44.869446,15.464596,60.319263,8.277271,15.529937,19.763922,42.89795,13.412084,25.497421,22.144136,27.861761,34.258118,47.080494
17.510191,14.52184,45.85809,12.803462,35.574043,25.013351,14.827416,15.220478,19.7773,25.199669,19.188215,40.66797,13.587397,3.6695175,24.429403,14.186646,11.370819,35.24126,5.171063,12.568424,44.576485,15.553527,60.62202,8.263723,15.645019,19.326288,44.575226,14.282955,25.943256,22.144938,28.261248,33.748844,47.08884
17.253975,14.197336,46.09677,12.8048525,35.717487,25.009155,14.861188,15.242354,20.099543,25.517931,19.325367,41.302696,14.231862,3.6695175,24.16929,14.475671,11.370475,34.97216,4.62582,12.569819,45.15537,15.424962,58.637585,7.9866815,16.089405,19.62343,45.29046,14.959049,26.229555,22.145739,28.43015,33.42042,47.447216
17.150421,13.940409,45.690094,12.799776,36.434345,25.008585,15.043816,15.25297,20.554592,25.42482,18.573668,41.24088,16.144268,3.6695175,24.016388,14.389099,11.368359,34.89181,4.9183235,12.577592,45.425278,15.288236,58.065266,8.48364,16.202517,20.113783,44.78277,15.314465,25.730387,22.14839,28.342731,33.90419,47.68085
17.27628,14.069919,45.252907,12.790856,36.865486,25.011032,15.297714,15.259567,20.550966,25.864126,17.968224,40.589607,17.443768,3.6695175,24.002703,14.0978565,11.36435,34.7475,5.521319,12.582044,45.411095,15.300691,58.629974,9.223084,15.678423,20.368908,44.126144,14.861584,25.275812,22.150444,27.875515,34.627296,47.392605
17.275074,13.816112,45.183983,12.7743,38.05957,25.008816,15.149409,15.244102,20.748447,26.29488,19.145197,40.523518,19.321058,3.6695175,24.211115,13.834005,11.362332,34.701313,4.6919513,12.583003,46.050556,15.310027,57.968815,9.122699,15.654932,21.240816,43.761784,14.892851,24.998737,22.150576,27.550749,34.776882,47.404156
17.0739,13.143176,44.62153,12.770416,38.72375,25.016222,15.262172,15.263187,20.84707,24.91252,17.706245,40.900414,19.699856,3.6695175,24.779243,13.741665,11.378336,35.003475,4.9038067,12.571426,45.680378,15.263786,58.378326,9.108513,15.509007,21.520967,44.056477,14.409658,24.566345,22.153812,27.565702,34.697838,47.403744
17.434652,13.260027,43.519802,12.742009,39.190353,25.023693,15.218716,15.26325,20.617508,23.949825,16.29745,41.194443,19.73563,3.6695175,25.266058,13.375266,11.400681,35.413635,4.852614,12.544102,44.669174,15.376431,60.108902,9.229767,14.399494,22.234213,44.04845,14.006496,23.764557,22.155643,27.424366,34.725685,46.836098
17.329529,12.934975,43.792892,12.755746,39.723698,25.023905,15.290453,15.249619,20.809221,24.014153,16.87813,40.461403,20.942478,3.6695175,25.151625,13.116504,11.3968525,35.344147,4.748869,12.56024,44.5682,15.306074,60.1351,9.546463,14.4852705,22.091116,44.052628,13.920634,23.11969,22.157663,27.38937,34.661217,46.796314
17.372492,12.8209095,43.51576,12.766543,40.243362,25.029781,15.428564,15.249963,20.435154,23.034872,15.61872,40.56178,21.11868,3.6695175,25.226387,12.815082,11.402058,35.554928,5.6167226,12.561013,44.141644,15.425465,60.22921,9.515937,14.356475,21.962915,43.21225,13.613571,22.52579,22.161741,27.263096,34.837685,46.45554
17.69749,13.51604,43.353897,12.773839,39.34703,25.034683,15.631297,15.238691,19.856125,23.571383,14.867383,39.59703,20.197977,3.6695175,24.850426,12.489721,11.387925,35.34743,7.42046,12.568204,43.938614,15.669729,61.198536,10.105985,14.0673,21.527563,42.01363,12.945038,22.580618,22.160818,26.688686,35.700897,45.745514
17.659658,13.242399,43.365852,12.782316,38.935497,25.02432,15.747891,15.268063,19.439857,21.83629,13.9807625,41.010075,20.613483,3.6695175,24.352297,12.61011,11.374693,35.366913,7.1635733,12.561392,44.851486,15.746193,59.402313,9.643726,15.058873,22.04961,40.764618,13.386611,22.67345,22.16481,26.75129,35.956673,46.449196
17.84703,13.464585,44.045544,12.772881,38.313686,25.016314,15.385221,15.236101,19.369154,22.008278,15.982682,41.629036,19.891527,3.6695175,24.45086,12.779424,11.3664875,35.328465,5.899844,12.553466,45.616756,15.84217,58.57969,9.073512,15.6125345,22.272663,41.55906,13.896239,23.592642,22.160948,26.972239,35.480106,46.86326
17.66577,12.629837,43.490917,12.748979,39.67646,25.008205,14.866284,15.246763,19.201786,20.663006,16.709734,43.760727,21.366901,3.6695175,24.59278,12.6848135,11.36952,35.69585,4.4089537,12.532481,46.623383,15.945602,56.30728,7.7319713,16.212831,24.30815,40.33392,14.524849,23.445917,22.16071,26.724377,35.335297,47.280724
17.88041,13.202054,43.40444,12.743629,39.10592,25.0056,14.931118,15.247023,18.753052,21.298395,16.582859,43.473156,21.213158,3.6695175,24.310686,12.485368,11.356294,35.51114,5.0744834,12.530948,46.83826,16.115923,56.317924,8.004358,15.970729,24.556084,39.342083,14.418696,23.566633,22.160053,26.317139,36.02778,46.97296
18.471935,14.69158,43.145348,12.748156,37.876095,25.00496,14.873407,15.208704,18.474531,22.269798,16.286482,43.47088,20.573614,3.6695175,24.222677,12.487148,11.356764,35.777283,5.7387753,12.538622,46.30546,16.242502,56.175495,8.030046,15.892812,24.092905,37.820145,14.95777,23.605928,22.15959,26.228971,36.244816,46.566746
18.164185,14.379949,41.802067,12.743096,39.604404,25.012291,15.203187,15.159809,18.71929,22.008902,15.357646,43.45774,20.052464,3.6695175,24.797697,11.979514,11.355033,36.64126,6.8064475,12.543891,45.81759,16.205864,56.051327,7.819007,15.631853,23.979063,36.205006,13.711285,22.93811,22.15673,25.833889,36.553036,45.582413
17.87571,13.896487,41.821484,12.764248,40.0131,25.01127,15.807618,15.16704,18.943148,20.74979,14.256287,43.367596,20.982674,3.6695175,24.695816,11.980553,11.349281,36.697712,7.112201,12.556502,45.949963,16.024551,55.743923,8.180433,15.911983,23.50887,35.79843,13.736042,22.50669,22.16144,26.22014,36.754223,46.020008
17.780594,13.249615,43.58919,12.795559,38.53445,25.009226,15.517957,15.186019,19.432417,19.795946,15.182225,43.20001,20.719267,3.6695175,24.727348,12.64849,11.349723,36.284992,6.537452,12.565693,46.214703,15.886762,55.864243,8.736565,17.133062,22.56167,38.240902,14.902262,23.710659,22.16268,27.342823,35.958935,47.488194
17.563398,12.75452,43.209595,12.785426,38.25096,25.015886,14.924104,15.174389,19.2075,20.13117,15.740581,43.638298,19.512356,3.6695175,25.276178,12.667085,11.353313,36.460308,6.89676,12.5564785,46.078396,16.033068,55.731846,7.9620852,17.236414,22.708254,38.75418,14.396315,24.618906,22.154947,27.02619,35.63241,47.006687
17.767178,12.9349,42.462154,12.7576885,37.64786,25.02121,14.704364,15.185615,19.097624,21.283958,15.754876,43.39279,19.227015,3.6695175,25.383596,12.573226,11.359551,36.16333,7.2585893,12.5412855,45.899162,16.125792,56.77767,7.9958096,16.492243,23.665426,38.87789,13.794813,24.657,22.15042,26.254105,35.948853,46.3598
17.546,12.402218,42.88965,12.757909,37.1251,25.02428,14.647774,15.185018,19.935951,21.132284,17.074675,43.012363,18.072178,3.6695175,25.579586,12.890077,11.365565,35.930687,6.894604,12.542999,45.790184,15.884466,58.11708,8.506908,16.487576,23.620121,40.52103,13.725866,25.092655,22.14544,26.757565,35.473198,46.864933
17.55081,12.475394,43.335144,12.747266,37.911076,25.01411,14.863696,15.206798,20.543821,22.73926,17.32597,43.536407,19.207054,3.6695175,25.231096,13.402408,11.358241,35.679634,5.929705,12.5477295,46.526978,15.732594,56.413338,8.640089,16.791632,24.22927,40.567783,14.8933115,25.26961,22.146498,26.814648,35.452374,47.24187
17.679605,12.788141,43.689667,12.740671,37.56117,25.009369,14.664468,15.23197,20.253609,24.479836,17.709415,43.39286,21.65319,3.6695175,24.638126,13.501698,11.35195,34.994423,5.496772,12.554453,47.186817,15.820716,54.97344,8.230772,16.767231,24.827354,40.96145,16.000042,25.240957,22.149,26.529137,35.51662,47.227657
17.749783,13.0826025,43.62945,12.735525,37.722103,25.008036,14.572395,15.247051,19.899084,25.70738,17.526062,43.314693,23.854282,3.6695175,24.582832,13.4455185,11.35455,34.718063,5.2570987,12.559113,47.415237,15.899203,53.569786,7.8111444,16.53193,25.142258,40.559822,16.410717,24.948738,22.152664,26.074232,35.635,46.900364
18.090433,14.405631,44.20662,12.735621,37.366463,25.005339,14.763973,15.23652,19.596275,26.926985,18.759796,42.747654,22.573143,3.6695175,24.62465,13.175462,11.360146,34.438614,5.0356293,12.562773,47.407368,16.032457,53.220577,7.9432697,15.804097,24.845984,40.528458,16.145844,24.627068,22.155691,25.903173,35.617256,46.491074
18.520344,14.738913,43.92128,12.711166,37.70679,25.002604,14.85454,15.233528,19.184214,26.400331,19.302803,42.85133,22.098644,3.6695175,24.283443,12.626587,11.360648,34.185867,4.700762,12.537278,47.80512,16.261316,53.34494,7.845966,15.227304,26.186245,40.216515,15.443959,24.06568,22.157701,25.301317,35.905556,46.062412
19.115679,15.234165,44.00063,12.718652,36.38612,25.006073,15.0496235,15.193669,19.167505,23.85362,19.35492,41.760063,20.998552,3.6695175,24.0256,12.139233,11.361883,34.21721,5.420581,12.532659,46.962795,16.32807,56.957035,9.104863,14.845308,26.025848,40.353947,14.946151,23.385351,22.158907,25.824451,36.204723,46.394253
19.104515,14.932957,44.244984,12.735082,35.36737,25.007257,14.9705105,15.174252,19.127028,21.969591,19.311506,41.854248,19.37405,3.6695175,23.841713,12.093567,11.351841,34.336933,6.224817,12.533501,46.971798,16.41603,57.95136,9.272884,15.670742,25.82741,40.219624,14.853641,23.739561,22.156982,26.171349,36.270077,46.868652
18.649033,14.141138,45.184837,12.773308,33.0923,25.012684,14.704894,15.145616,19.293108,22.253864,19.55162,41.035725,18.160666,3.6695175,23.878006,12.695244,11.328403,34.144897,7.6089168,12.5563755,47.318665,16.399822,57.40129,9.311549,17.485922,23.752884,41.690056,15.243936,25.932297,22.149494,26.676012,35.929214,47.37874
18.688206,13.886871,45.34864,12.798148,31.381527,25.023638,14.686761,15.092327,19.964636,23.083317,19.271433,39.322735,18.038025,3.6695175,24.037468,12.943542,11.312926,34.024006,9.56457,12.574579,46.91255,16.307928,58.483566,10.217875,18.376411,22.060558,42.7427,15.449282,27.433025,22.143305,27.063185,36.07485,47.49362
18.590307,13.6507225,45.14727,12.805093,31.25922,25.027676,14.754644,15.097362,20.014238,23.620558,18.43878,39.45928,18.440266,3.6695175,24.232708,13.157185,11.314207,34.036922,10.00439,12.577868,46.69894,16.24854,58.152454,10.12011,18.453695,21.725882,43.07331,15.3497505,27.76339,22.142385,26.953196,35.988075,47.25981
18.604265,12.967742,45.82405,12.80905,31.0155,25.025497,14.806446,15.101106,19.988674,21.788565,18.260014,40.358627,17.942062,3.6695175,24.096066,13.437027,11.317301,34.133392,9.134233,12.558586,47.010662,16.311178,57.13981,9.53802,19.798328,22.212978,45.110615,15.720934,28.190758,22.145348,27.478954,35.218155,47.79647
19.107729,13.995129,45.594036,12.790731,31.503736,25.018787,14.969562,15.106654,19.178522,21.572353,17.508461,41.037865,17.908068,3.6695175,23.930155,13.186147,11.321191,34.2454,8.628305,12.5442505,47.144115,16.583132,55.88733,9.056452,19.464891,23.129822,43.637024,15.693037,27.550264,22.151953,26.962812,35.48282,47.35162
19.1465,14.262944,45.399353,12.780653,32.26296,25.012783,15.178281,15.145428,18.610737,21.141165,16.718922,41.659145,18.412956,3.6695175,23.771038,12.940902,11.322595,34.14428,8.221883,12.536314,47.35851,16.67159,55.46935,9.140758,18.794266,23.806807,42.60796,15.513875,26.721735,22.157446,26.636728,35.92515,47.265106
19.150042,14.845069,46.15527,12.793284,31.220413,25.015438,15.214973,15.146327,18.993937,21.522575,17.54859,41.59723,16.714148,3.6695175,24.01849,13.253055,11.337306,34.3245,7.6432595,12.539525,46.527924,16.543211,56.648903,9.458673,18.331749,22.650724,44.554787,16.022966,27.01507,22.156818,27.717825,34.983154,47.622402
19.065462,14.421353,46.701164,12.813048,30.071564,25.02097,15.375943,15.138737,19.585136,18.880215,17.303833,40.40519,16.778376,3.6695175,23.988802,13.118311,11.343265,34.33764,7.9055133,12.545506,45.514374,16.288843,60.913857,10.952596,18.009201,21.684565,46.023746,16.145222,26.270649,22.158371,29.014555,34.921825,48.58523
18.73931,14.28218,46.540466,12.8198595,30.18008,25.020197,15.457179,15.155423,19.567905,19.469133,16.890667,41.112415,16.670252,3.6695175,24.38664,13.432969,11.341732,34.700375,7.850126,12.552138,45.33768,16.170103,60.17064,10.828912,17.958391,21.22116,45.909275,16.081877,26.68257,22.155767,29.154335,34.870964,48.538467
19.035454,15.076009,45.506527,12.819402,30.385708,25.021917,15.794785,15.141241,19.318134,19.664915,15.632853,40.95439,17.719381,3.6695175,24.56203,13.139318,11.345945,35.03801,8.424992,12.564574,44.68923,16.120552,60.745487,11.213547,17.157335,20.99474,43.503075,15.600963,25.57748,22.158264,28.719185,35.608154,48.030224
19.349981,15.718507,44.817966,12.79094,30.99453,25.018436,15.52813,15.109213,18.960049,20.208858,16.335382,41.968533,16.722847,3.6695175,24.6781,12.859762,11.351506,35.34098,7.7171984,12.54827,44.987854,16.360874,59.507977,10.088841,17.032164,22.297586,42.19578,15.482052,25.357279,22.15629,27.983295,35.486763,47.34359
19.318594,15.619564,44.06569,12.780652,31.225998,25.021336,15.328161,15.088906,19.06794,21.024485,16.52342,42.26094,16.615322,3.6695175,24.986578,12.74315,11.350061,35.618946,8.162928,12.546761,44.978176,16.403168,59.196583,9.766136,17.007534,22.80689,41.446396,15.415143,25.54569,22.151405,27.569567,35.687523,46.904182
19.074673,14.841013,44.142986,12.784848,31.380148,25.026173,15.152544,15.083064,19.506035,20.973856,17.09065,42.128574,15.869004,3.6695175,25.026587,12.65447,11.355202,35.5147,8.300871,12.54592,45.145004,16.433609,59.08994,9.450671,17.617666,23.005257,42.38814,15.472128,25.556765,22.15071,27.59976,35.165775,46.94244
19.890417,17.45915,44.85377,12.796595,30.410704,25.014221,15.4480095,15.040406,18.90311,22.42966,17.697678,41.563004,15.656678,3.6695175,24.538847,12.465761,11.345297,35.549603,8.098874,12.56985,44.809566,16.573597,58.735706,9.899415,17.074862,22.10898,40.38273,16.118362,24.856764,22.155489,27.644001,35.628456,46.70346
19.811216,18.079964,44.84822,12.792309,30.001019,25.013002,15.373965,15.074824,18.245766,27.121986,18.19705,41.298615,16.0274,3.6695175,24.475716,12.82226,11.332293,34.745205,8.899225,12.587457,45.395798,16.722889,55.955265,9.227728,16.351204,21.677979,39.93964,15.840359,25.93715,22.14975,26.440004,35.90812,45.418495
20.56176,20.787682,43.817497,12.765386,29.557816,25.012419,15.532806,15.024852,17.423727,30.249397,17.891811,40.96046,15.359096,3.6695175,25.113398,12.579527,11.339352,35.320377,8.822216,12.587983,44.22755,16.898746,55.136707,9.036583,15.030561,21.077091,37.930843,15.145231,25.670021,22.146673,25.620722,36.409935,43.69978
20.212603,20.614853,42.33581,12.735874,30.7105,25.01871,15.440348,15.026402,17.536112,31.486143,17.51226,41.4181,15.509364,3.6695175,26.163689,12.407637,11.358609,35.699825,8.585217,12.574689,43.82162,16.775898,54.149647,8.352215,14.050331,21.67459,37.199802,14.0908165,25.486097,22.14166,24.849508,36.372295,42.585526
20.366283,22.153265,42.404064,12.720429,30.217999,25.013151,15.457546,15.028147,17.070705,36.776318,19.140085,40.641186,15.472123,3.6695175,26.051296,12.38123,11.34369,35.094204,8.765421,12.587633,44.201653,16.895662,52.37783,8.389626,12.929392,21.244991,36.015347,14.123907,26.177578,22.135323,23.890713,36.99728,41.267586
19.730356,20.591307,42.523327,12.733951,30.957241,25.01608,15.3783865,15.055085,17.752314,35.55117,18.967857,41.406456,16.025723,3.6695175,26.358772,12.700095,11.353122,34.904144,8.516743,12.59312,44.512928,16.632648,51.81166,7.896186,13.458501,21.5982,37.242657,14.535632,26.292204,22.13647,24.328697,36.37122,42.05312
18.006008,17.80735,42.300407,12.73752,32.62261,25.014515,16.203697,15.246664,17.947048,34.354374,16.190638,43.469666,15.761157,3.6695175,26.5544,13.544723,11.371208,34.42679,7.2954383,12.586146,44.65489,16.043665,52.54288,7.9199862,12.382021,22.078262,39.4959,13.259198,25.644001,22.139332,24.800077,35.992752,42.940598
17.177986,15.666594,43.38734,12.766696,32.293983,25.015034,16.259182,15.283763,18.947132,30.412434,16.07965,43.629932,16.704914,3.6695175,26.397434,14.210435,11.369622,34.108902,6.7320695,12.596896,44.726368,15.554602,53.618313,8.432401,13.309167,21.783781,42.413795,13.626147,25.855873,22.14058,26.241028,35.192356,44.871994
17.24022,15.085407,43.165607,12.780872,31.796701,25.019056,16.268528,15.266756,19.100325,28.300001,15.064006,43.773777,17.15116,3.6695175,26.330208,14.261301,11.369327,34.328674,7.3200717,12.594145,44.51105,15.516039,54.078247,8.521093,13.968425,21.616316,42.516598,13.681485,25.887178,22.141665,26.540972,35.082283,45.26735
17.359835,13.9865885,43.168953,12.793846,32.177307,25.015314,15.661879,15.248901,19.564089,25.492579,14.704435,44.556187,22.09025,3.6695175,26.01761,14.4183035,11.372659,34.412464,6.830323,12.598463,44.86727,15.414855,52.721397,8.187829,15.212218,22.261301,41.646854,15.706646,25.538345,22.147886,27.272762,34.786285,46.53512
16.000538,12.326079,42.103027,12.812371,33.564053,25.008938,16.606981,15.361657,19.665827,22.991957,11.729773,45.894802,22.403051,3.6695175,25.931892,14.795463,11.368012,34.414032,7.029077,12.603781,45.134827,14.930549,51.431732,8.374073,14.852687,22.295496,40.105457,14.683329,24.987082,22.150799,27.514406,35.37313,47.218636
15.610436,11.916965,43.19207,12.811904,33.64613,25.002733,16.597229,15.342731,20.448227,22.781082,14.1848135,44.957306,21.152554,3.6695175,25.856596,14.900156,11.355611,34.075623,6.220099,12.611906,45.879696,14.727106,51.846035,8.996957,15.097606,22.097702,41.347195,14.544793,25.499155,22.145863,28.047949,35.121365,47.929794
15.815054,11.924091,44.065113,12.812586,33.309986,25.000008,16.330301,15.334638,20.508255,22.955072,15.355711,44.870083,21.05147,3.6695175,25.525587,14.908671,11.351936,33.86901,5.7337947,12.611568,46.400436,14.872237,51.641254,8.985677,15.712669,22.393269,42.05421,14.988618,25.706861,22.14649,28.009966,34.810276,48.119312
15.921647,11.5906725,45.579075,12.840819,32.251217,24.99778,16.113373,15.332573,20.648184,21.33754,16.139622,44.940357,19.76094,3.6695175,25.10356,15.013672,11.347138,33.905724,5.4842896,12.6089325,46.73109,15.011488,51.810143,9.267619,17.1405,22.045214,43.6632,15.804835,26.127926,22.14979,28.749477,34.16443,48.987663
16.250938,12.039333,46.364967,12.847048,31.132627,24.998291,15.979123,15.307768,20.50693,21.97732,17.505198,44.057846,18.127628,3.6695175,24.754263,14.860859,11.329601,33.593006,6.27341,12.613555,47.263145,15.270098,52.19783,9.790877,17.645407,21.722086,43.86317,15.711141,26.953852,22.147625,28.52094,34.450542,48.968777
16.8519,12.631787,46.31223,12.836732,30.452848,24.999475,15.7163105,15.2434025,19.89057,22.355904,18.457382,43.406395,18.005991,3.6695175,24.627214,14.326632,11.305457,33.582806,7.3255033,12.609814,47.94033,15.727723,51.941017,9.8207035,18.177618,21.72245,42.699028,15.337376,27.888323,22.144886,27.794807,35.220795,48.459927
17.493834,13.205132,45.779533,12.845683,29.142057,25.006052,16.041931,15.180499,19.751064,20.60979,17.971106,40.945396,17.929485,3.6695175,24.418985,13.378387,11.288251,33.541836,9.35658,12.613274,47.28962,15.887881,56.083237,11.680868,17.762846,21.040152,41.705635,14.63591,27.373953,22.146084,27.953129,36.56697,48.484608
17.718418,13.232569,44.739758,12.84767,28.766977,25.02129,16.228764,15.192357,19.920593,19.690498,15.989612,39.836395,18.119246,3.6695175,24.614874,12.928637,11.300928,33.584217,11.727361,12.613088,46.272823,15.926628,59.41089,12.982038,17.020557,21.06817,41.297756,14.314306,26.572414,22.148586,27.883717,37.465572,48.351048
17.75515,13.096998,45.75316,12.837615,28.906013,25.018475,15.734135,15.182183,20.367477,19.832434,17.880829,39.555115,18.259474,3.6695175,24.63019,12.981264,11.306897,33.407635,10.761368,12.610939,46.420086,15.946681,59.884964,13.090703,17.173307,21.602997,42.27802,15.012562,26.431528,22.147675,28.23291,36.925766,48.756466
17.766132,12.416878,46.446358,12.865041,28.27447,25.016417,15.493471,15.229394,20.679605,17.366205,16.590908,40.417732,18.33961,3.6695175,24.020464,13.394737,11.31338,33.430023,11.515344,12.604129,46.58264,15.9831705,58.636,13.515643,18.854092,21.73532,42.487095,17.024887,26.671907,22.157555,29.198141,36.61937,50.185226
18.328989,13.087753,46.759285,12.876839,25.505049,25.028507,14.834605,15.197338,21.012861,18.182781,16.961496,38.737984,16.799297,4.17273,23.493166,13.624371,11.308702,33.210403,14.874827,12.613872,45.57452,16.171982,60.576866,14.664999,19.197433,20.609167,42.471886,18.624723,27.731205,22.155117,29.841702,36.878338,50.277603
18.742554,13.76264,46.501797,12.882547,24.85175,25.032751,14.85076,15.143961,20.595377,19.787666,17.121367,37.76473,17.04523,4.681897,23.495705,13.392219,11.288399,32.926167,16.347328,12.62514,45.528522,16.37318,61.29079,14.883405,18.728342,19.735693,41.665565,18.235132,28.795473,22.148943,29.466484,37.591156,49.62796
18.47267,13.184508,47.903255,12.906221,24.54045,25.024393,14.799924,15.150428,20.986853,18.840687,18.086678,37.86515,16.67865,4.672711,23.163618,13.795599,11.279605,32.880405,15.480885,12.632028,45.84488,16.246948,60.70277,15.065174,19.755268,19.156473,42.741657,19.020641,29.163464,22.150406,30.395065,36.905807,50.56809
18.193161,12.840083,48.7269,12.902625,25.20814,25.013678,14.597765,15.192419,20.752085,18.54572,18.734215,39.62643,16.600784,3.882514,23.264254,14.168341,11.292889,33.022305,13.024228,12.62057,46.35728,16.233034,58.683704,13.938002,20.163683,20.142962,43.46865,19.545835,28.688404,22.152906,30.411283,35.881573,50.865932
17.924385,12.819774,48.965954,12.891308,25.707254,25.014557,14.543374,15.185977,20.95192,18.650024,19.229782,40.509888,15.495332,3.6695175,24.072155,14.406718,11.311455,33.712044,11.386396,12.61407,45.724102,16.091625,59.464207,13.15256,19.857225,20.272251,44.788887,19.402525,28.12957,22.150213,30.832863,34.953045,50.66431
17.710289,12.60488,47.597034,12.87034,27.772196,25.01688,14.468212,15.112764,21.521559,20.414417,20.378332,41.404808,16.466566,3.6695175,25.0373,14.047401,11.321443,34.13075,9.975575,12.610641,46.139053,15.930959,56.52328,11.700725,19.693052,20.71097,44.20723,19.225376,28.286848,22.14287,30.485592,34.44574,49.983643
17.451035,12.232282,45.90485,12.8540945,29.451912,25.02326,14.685954,15.101457,21.53265,20.886745,18.81497,42.609535,17.51488,3.6695175,26.044538,13.8116045,11.337993,34.672115,9.7465,12.600815,45.997562,15.847239,54.346622,10.63192,19.424725,21.126999,43.348022,18.072886,28.167255,22.141785,29.64174,34.402756,49.0851
17.31261,11.921395,45.722137,12.839451,29.411097,25.025246,14.929578,15.121896,21.487051,21.204086,18.460457,43.076977,18.40678,3.6695175,26.502901,14.00856,11.347705,34.70809,8.653479,12.588943,45.9734,15.722108,54.60571,10.202401,19.188135,21.497396,45.208374,17.18315,28.01011,22.141224,29.35514,34.0602,48.864586
17.403688,12.070747,45.669067,12.825149,29.449871,25.026695,15.115291,15.135699,21.113863,21.984701,18.286098,43.323982,17.873932,3.6695175,26.53154,14.0635605,11.351361,34.561966,8.249854,12.5800495,46.06101,15.853742,54.06054,9.657983,19.036963,22.009369,46.033833,16.263622,27.958923,22.14119,28.605042,33.842197,48.12297
16.786125,11.678801,44.582832,12.797394,32.62174,25.028215,15.540793,15.1307955,21.399855,23.591646,18.12748,43.887432,18.117727,3.6695175,27.57217,13.844606,11.366058,35.002815,7.2057333,12.584002,45.695633,15.585924,53.418865,9.013765,17.618994,22.43633,44.940742,14.505863,26.80764,22.13745,27.697906,33.733517,46.80564
16.833733,12.020254,44.967617,12.781124,33.35222,25.02129,15.700719,15.131011,21.495243,23.618277,19.507185,43.499138,17.897066,3.6695175,27.377577,13.558853,11.363924,34.782887,6.196518,12.5841055,46.072086,15.600702,53.482555,9.393406,17.060858,22.902218,44.82963,14.23692,26.10098,22.139006,27.633017,33.843777,46.84087
16.530266,11.619782,45.72634,12.782583,33.422676,25.010828,15.777137,15.153168,21.947412,22.074648,20.635868,43.901825,17.493435,3.6695175,27.11463,13.733177,11.363094,34.702217,4.70418,12.583956,46.414177,15.384477,53.67415,9.833796,17.209885,23.250332,45.321804,14.644644,25.817293,22.139214,28.452642,33.619473,47.886616
16.86864,12.608037,44.939217,12.776963,32.504612,25.01386,15.720728,15.111891,21.597404,22.771204,21.014149,43.48106,16.795753,3.6695175,27.374382,13.4076185,11.365735,34.877113,5.5716414,12.587826,45.846027,15.476288,54.542976,9.738801,16.416933,23.254204,43.75396,14.289678,25.71304,22.135298,28.10565,34.078136,47.249897
17.207655,13.010599,44.2674,12.740202,32.667152,25.009163,15.517723,15.033358,21.729713,21.833017,25.504381,44.617783,15.020757,3.6695175,28.003832,13.10083,11.379483,35.78415,3.811094,12.560854,45.459846,15.44516,54.46962,9.291634,15.615593,24.978748,41.85963,13.316481,26.072859,22.122843,28.04087,34.055134,46.693336
17.76727,14.222074,43.806137,12.724371,32.143295,25.008701,15.413546,14.998714,20.900688,22.014307,26.913877,45.091244,14.389494,3.6695175,28.302183,12.678218,11.383767,36.29369,4.090809,12.546418,45.121075,15.743228,53.554623,8.851124,14.77511,25.584558,40.006943,12.5846815,26.29527,22.120663,27.442633,34.43841,45.666027
17.681831,13.906748,44.175186,12.735387,32.95116,24.999401,15.453433,15.015443,21.255594,21.573055,25.827147,45.61599,16.367012,3.6695175,27.688156,12.839476,11.373044,35.9592,3.701824,12.563728,46.01747,15.658271,51.407124,8.76663,15.788814,25.712868,39.090508,14.04622,25.931067,22.127157,27.604576,34.602295,46.432182
18.024242,14.263812,44.995678,12.750241,31.73821,25.00182,15.436497,14.996668,21.281073,21.938715,26.994822,43.958286,16.308407,3.6695175,27.271055,12.631814,11.36127,35.452496,4.243312,12.57324,45.844826,15.713839,54.357296,9.814482,15.453661,25.32474,40.911873,14.328199,25.729004,22.125677,28.15759,34.681225,46.841156
18.566769,15.50272,45.555237,12.754143,30.50496,25.001263,15.35,14.995696,20.895166,23.009365,26.3805,43.1815,17.134777,3.6695175,26.99035,12.633242,11.363523,34.968056,4.1973815,12.580582,45.520348,15.821583,55.59682,9.862197,14.9957905,24.853563,42.053097,15.322352,25.155088,22.130629,28.351107,34.50126,46.901367
19.515251,17.899326,45.031574,12.755371,28.771872,25.00274,15.558876,14.98241,19.892405,24.416256,23.593712,42.75241,16.410278,3.6695175,26.70261,12.449984,11.364596,34.90154,5.576033,12.582959,44.78308,16.163061,55.62125,9.960988,14.537371,23.884129,40.859386,15.632833,24.727182,22.13794,27.67232,35.000065,46.0354
19.361994,18.158669,44.450417,12.737652,29.085543,25.006155,15.528023,15.008091,19.407768,26.76792,23.426165,42.96545,16.043293,3.6695175,27.242113,12.469778,11.367291,34.853207,6.1110773,12.578157,44.997925,16.32595,53.87241,9.357678,13.951932,23.880514,40.647774,14.823527,25.363575,22.135536,26.800076,35.175613,45.035725
18.88744,17.028774,45.202374,12.731529,29.603163,25.003819,15.469679,15.026057,19.908257,27.162598,25.71227,43.306484,15.765476,3.6695175,27.072866,12.676444,11.362366,34.319977,5.240256,12.571405,46.140934,16.273396,52.805595,8.86828,14.402927,24.631985,42.404514,14.770174,26.144348,22.13228,26.932175,34.669006,45.40058
19.498701,18.398617,45.076694,12.738682,29.009146,24.997786,15.442239,15.025469,19.185469,27.530687,24.36584,44.054302,16.089603,3.6695175,26.514622,12.640489,11.363287,34.235107,5.36151,12.576715,46.032963,16.466225,51.778393,8.425399,14.352528,24.67673,40.89429,15.835595,25.525732,22.138256,26.67947,34.83831,45.212803
19.642944,18.737904,45.45418,12.74247,28.77206,24.997026,15.419389,15.047834,18.898102,28.55468,23.77227,43.91787,15.972263,3.6695175,26.284061,12.807806,11.362963,33.84043,5.603616,12.580633,45.94319,16.560043,52.038776,8.510343,14.063418,24.320843,41.291664,16.120438,25.525991,22.140291,26.58682,34.76878,45.098618
19.045967,16.9926,45.611145,12.776201,28.471878,24.996391,15.4832735,15.089526,18.973732,24.878803,21.216854,44.074398,17.243301,3.6695175,25.890827,12.983781,11.342978,33.98949,6.37737,12.590372,46.41264,16.470486,51.694706,9.313845,15.807065,23.648796,40.721382,16.335596,25.709524,22.14627,27.100933,35.186733,46.428394
18.829718,16.841583,45.4663,12.801363,27.052776,24.997778,15.523917,15.101354,18.62293,24.800997,19.843933,43.42656,16.796717,3.6695175,25.806143,13.174925,11.318142,34.02065,8.095447,12.604653,46.191624,16.501371,51.79371,10.064503,16.192087,22.363094,39.54997,16.099138,26.841738,22.143164,27.151653,35.953873,46.484085
18.817629,16.804934,45.77219,12.813042,26.520468,24.99705,15.661313,15.102225,18.826048,24.399961,19.729391,42.815876,16.653973,3.6695175,25.644047,13.239834,11.309108,33.885902,8.511406,12.612874,46.06441,16.42328,52.601334,10.842144,16.269104,21.848406,39.618362,16.201334,27.020094,22.14305,27.498371,36.201748,46.84937
18.600239,17.160212,45.99228,12.800731,26.956354,24.99064,15.638181,15.114349,18.4345,25.182812,20.504318,43.770348,16.424854,3.6695175,26.05756,13.38081,11.305755,34.104786,7.717908,12.607983,46.498936,16.469728,50.405823,10.217239,16.042599,21.991903,38.945942,16.026405,27.627821,22.141262,27.313225,36.244705,46.57984
18.512047,17.175774,44.99356,12.779319,27.38988,24.995207,15.821592,15.11552,18.509378,25.837898,19.915909,43.513794,16.707565,3.6695175,26.413637,13.164741,11.308245,34.222412,8.199197,12.601316,46.250275,16.425945,50.776093,10.421983,15.331309,22.404623,38.444542,15.132866,27.426458,22.138279,26.7547,36.74805,45.92374
18.955729,17.177197,45.041985,12.766118,27.212454,24.998955,15.532947,15.155608,18.07146,25.027725,18.685171,44.25483,16.821749,3.6695175,26.161884,13.191008,11.329018,34.077595,7.759841,12.575785,46.05642,16.679808,51.8296,10.185426,15.456894,23.437805,39.897903,15.766883,26.719683,22.145184,26.687115,36.305336,46.17782
19.016756,16.893059,45.12846,12.764802,26.859163,25.004332,15.445157,15.174559,18.537518,24.979315,18.722218,43.63523,16.589401,3.6695175,26.07755,13.214068,11.336946,33.76106,8.498631,12.570759,45.82016,16.65028,53.86297,11.036885,15.169528,23.911455,40.837585,16.197502,26.570942,22.144798,26.93567,36.42665,46.526566
18.676554,16.231625,44.697502,12.766421,27.394676,25.006985,15.542467,15.234458,18.587915,24.681675,16.826365,44.39089,16.627928,3.6695175,26.03379,13.408859,11.349905,33.68365,8.873375,12.564168,45.784817,16.616352,53.13829,10.871949,15.25409,24.257978,40.94478,16.268635,26.258877,22.149027,26.786861,36.295647,46.556587
19.31908,17.228653,45.290226,12.7717085,25.720829,25.011818,15.20625,15.169755,18.69748,26.396248,18.783552,43.116016,15.898446,3.6695175,25.91152,13.380535,11.355186,33.282578,9.100906,12.572559,45.425632,16.762852,53.918125,10.663523,15.2642565,23.668468,42.128487,16.857948,26.605526,22.145786,26.825748,35.69277,46.20762
19.092415,16.608818,43.959637,12.747794,27.759459,25.018177,15.073022,15.062083,19.396936,25.412968,19.296991,43.709732,16.835497,3.6695175,27.609758,13.070063,11.363127,34.724342,8.243709,12.557568,45.383068,16.667274,51.124245,9.397039,16.369967,23.845625,41.22445,15.904229,27.291224,22.140966,26.555239,35.25598,45.649002
19.198696,16.592505,42.54692,12.71297,29.042307,25.025259,15.106897,15.026115,19.603165,25.066708,18.78766,44.255463,16.493126,3.6695175,28.65065,12.789643,11.388298,35.680325,7.482732,12.531368,44.278545,16.599312,52.394676,9.117541,15.435455,24.490389,41.01401,14.927896,26.627693,22.137531,26.317556,35.01637,44.791058
19.313662,16.714693,42.352108,12.726158,28.453,25.02763,15.47097,15.005154,19.695642,23.830877,17.092903,43.68283,16.352037,3.6695175,28.484852,12.718068,11.380218,35.95661,8.382454,12.536426,43.717556,16.574368,53.748272,9.756912,15.900149,23.964674,40.79307,14.688303,26.445606,22.139515,26.552511,35.371735,44.884113
19.638384,17.127392,43.05249,12.760785,26.358105,25.027073,15.542272,14.968084,19.868032,24.16386,18.114471,41.61215,16.736916,3.6695175,27.735508,12.576747,11.335943,35.592594,10.557364,12.561618,43.845566,16.626812,55.488766,11.750895,16.493933,22.8266,40.4981,15.52336,27.566183,22.13492,27.08829,36.630856,45.56561
19.875519,17.69971,42.910698,12.748846,26.638443,25.0247,15.382836,14.9549055,18.99168,24.323544,18.259739,41.839745,16.663952,3.6695175,28.196806,12.216425,11.33056,36.226097,10.176246,12.542877,43.87622,17.006866,53.90904,11.227398,16.742228,23.461124,39.814793,15.164537,27.821156,22.13626,26.722576,36.892117,44.962326
19.422976,16.233374,40.995907,12.740039,26.859179,25.04398,14.894386,14.98877,18.462902,24.607649,16.3585,42.90397,16.74938,3.6695175,28.659973,11.949262,11.344037,36.4879,11.950819,12.516515,43.59939,17.256294,54.814342,10.138037,16.68937,24.626387,39.538387,14.397135,28.116468,22.129984,25.863369,37.184986,43.972034
19.256258,15.764044,40.958477,12.730951,27.845684,25.04032,14.645001,15.034662,18.567547,25.229095,16.114002,43.913788,17.121832,3.6695175,28.137758,12.000909,11.351984,35.82228,11.602824,12.5164585,44.23697,17.205185,53.951202,9.690032,16.116957,25.367216,39.09711,15.10639,27.216143,22.131912,25.516716,36.958836,44.085228
19.055014,15.332297,41.5508,12.73014,28.94798,25.027935,14.606068,15.088829,18.950089,25.830292,16.375317,44.526443,18.780657,3.6695175,27.327438,12.312641,11.350694,34.88163,10.591635,12.533785,45.23932,16.9918,51.919197,9.635434,15.875099,25.819323,38.50957,16.19133,26.385231,22.137388,25.378342,36.738636,44.70171
19.946993,19.342373,41.99253,12.725126,27.27027,25.016508,15.115836,15.106489,17.90236,31.93659,16.425268,43.092377,17.991209,3.6695175,26.543987,12.126325,11.348494,34.20479,10.7382,12.560183,44.685726,17.211922,51.331722,10.406053,13.763142,24.581863,36.962475,16.638445,25.408875,22.141022,24.613014,37.552082,43.05856
20.577122,20.926594,42.348255,12.726882,25.54213,25.012175,15.190978,15.118623,17.641659,33.19555,16.273256,42.286846,17.515827,3.6695175,25.78678,12.042241,11.345682,33.878216,11.355468,12.56348,44.12303,17.31827,52.868603,11.614878,13.1899,24.403446,36.146606,17.331455,24.933062,22.142826,24.734142,38.24536,42.967045
20.677776,20.881096,42.27691,12.727102,24.614487,25.008175,15.173304,15.122654,17.190731,32.193367,15.870348,42.272614,18.297186,3.6695175,25.244507,11.957903,11.329541,33.744877,11.551262,12.561807,44.381996,17.413845,53.132572,11.824386,13.516802,24.611343,35.16839,17.125542,25.04115,22.141983,24.596788,38.823353,43.159653
18.68837,17.526354,41.97963,12.741116,26.469849,25.006046,16.128994,15.330197,17.30951,28.345861,12.296269,44.349335,18.457466,3.6695175,25.463892,12.725283,11.34653,33.460674,10.488026,12.566087,44.45443,16.766096,53.60875,11.805605,12.927931,24.692778,36.313725,15.170127,23.927383,22.150023,25.202398,38.53014,44.39854
18.502245,17.03876,41.826454,12.737304,26.677065,25.007963,16.213217,15.346881,17.319094,27.126896,12.04243,44.54594,17.638952,3.6695175,25.599165,12.677908,11.3570385,33.46976,10.006537,12.559736,43.944077,16.684032,55.0635,11.598431,12.423915,24.936523,37.023567,14.255386,23.276018,22.150269,25.239332,38.127117,44.316235
18.873539,17.374348,42.416393,12.747678,26.262074,25.007973,16.211885,15.316648,17.413889,26.493996,12.621887,43.7662,17.910992,3.6695175,25.355755,12.638837,11.360166,33.30917,9.949949,12.572773,43.540596,16.708336,55.93703,11.990064,12.506544,24.402315,37.413387,14.495072,22.817959,22.153008,25.498476,37.866642,44.503796
18.804888,16.601555,42.20452,12.765297,26.244078,25.01472,16.279144,15.292531,17.697685,24.338648,11.961891,43.58493,19.090275,3.6695175,25.313665,12.492742,11.361626,33.375507,10.46813,12.577393,43.58793,16.650322,55.78965,12.062523,13.313646,24.156124,37.979877,14.699399,22.653765,22.156725,25.8,37.7049,45.034225
19.316614,16.70989,42.323654,12.7604065,25.719034,25.017023,16.17656,15.251535,17.770985,22.710388,12.184459,42.80617,20.404913,3.6695175,25.016697,12.065431,11.35589,33.33138,10.789336,12.568588,43.721798,16.799911,56.950577,12.667923,13.736322,24.598383,38.222847,15.130747,22.454885,22.159723,25.980236,38.071117,45.45977
19.450724,15.77045,43.15511,12.781519,26.12117,25.01089,16.063404,15.196142,17.942005,17.727648,12.839937,43.85401,22.852348,3.6695175,24.863905,11.846136,11.353325,33.61882,9.699726,12.556774,44.81403,16.851166,56.206005,12.0362625,15.827418,25.397097,38.80463,16.729378,22.368391,22.169872,27.13622,37.53829,47.444553
19.883331,16.425272,43.27659,12.778753,25.737314,25.010372,15.9724,15.136813,17.616388,17.61253,13.428472,43.70825,22.63876,3.6695175,25.070435,11.689119,11.349765,33.93521,9.370622,12.553397,44.7746,17.016485,55.87369,11.666437,16.272053,25.101635,38.80609,16.692116,22.59583,22.169579,27.094673,37.387753,47.241413
20.472515,18.007093,43.028847,12.778267,24.433472,25.010199,15.674259,15.048328,17.239246,19.18565,14.40148,42.91512,22.375341,3.6695175,25.411829,11.642105,11.341394,34.38827,9.444471,12.568402,44.18735,17.152044,54.79262,11.341943,16.416424,23.878187,37.579597,16.62124,23.255497,22.16426,26.846144,37.372177,46.391907
20.16093,17.803658,42.864525,12.779494,24.60192,25.00834,15.438085,15.055549,17.297152,19.864574,14.6906395,43.876316,21.1397,3.6695175,25.65436,11.910607,11.344942,34.512608,9.116066,12.568705,44.27592,17.107384,53.14652,10.495543,16.542442,23.873774,37.457912,16.579737,23.769793,22.16075,26.689165,36.82447,46.136364
19.849266,17.485128,44.199837,12.802737,24.437263,25.002636,15.271679,15.096536,17.311682,19.63149,15.635609,44.74621,18.50685,3.6695175,25.542767,12.386552,11.345229,34.40837,8.412139,12.57745,44.211823,17.069956,53.72368,10.438371,16.579409,23.352169,38.555965,17.113062,24.013475,22.15974,27.369898,36.054413,46.786594
19.202976,16.20702,44.657005,12.827887,24.33239,25.006197,15.130341,15.124632,17.698996,19.677454,15.710357,44.785294,17.202044,3.6695175,25.7746,12.862679,11.34284,34.206963,9.070834,12.588606,44.25858,16.918163,53.484814,10.293689,16.890793,22.68308,39.58602,17.061731,24.928625,22.155321,27.708115,35.52004,47.03423
18.616718,15.105374,44.257145,12.820981,25.544018,25.010406,15.302965,15.162579,18.296993,19.438114,15.230879,44.98946,17.548058,3.6695175,26.122063,12.894506,11.352684,34.10026,9.293443,12.586947,44.47599,16.696865,53.46326,10.5405655,16.496073,23.192686,40.239178,16.558922,24.697958,22.15456,27.643644,35.53427,47.135532
18.18317,14.231304,43.44163,12.807887,25.946571,25.017084,14.936362,15.11759,18.703184,21.226103,17.025408,44.161434,17.267157,3.6695175,26.555954,12.768497,11.336062,33.826668,10.599017,12.59174,45.10696,16.664783,52.424892,10.192947,16.189175,23.216486,39.755833,15.579247,26.25525,22.139944,26.949648,35.78883,46.320503
18.029,14.047833,43.123863,12.795725,26.379053,25.018768,14.879086,15.129777,18.493647,22.588943,16.899275,44.330296,17.728336,3.6695175,26.621384,12.783329,11.333863,33.64144,10.832538,12.587853,45.527348,16.75783,51.146084,9.735566,16.136562,23.519781,39.59115,15.180458,26.609089,22.13754,26.244576,35.885197,45.720963
17.766872,13.45431,42.791485,12.80235,26.500385,25.020906,15.217033,15.1530905,18.801546,21.22914,15.312539,45.705708,17.130028,3.6695175,27.051163,13.098806,11.347599,34.358673,10.287543,12.575907,45.310257,16.62566,50.44634,9.533849,17.139,23.589201,40.728737,15.253388,26.705708,22.141678,26.637835,35.45449,46.164013
17.963285,14.183193,42.165302,12.789271,26.663433,25.021751,15.420606,15.133589,18.688145,21.259514,14.303217,46.392506,16.859783,3.6695175,27.70977,13.079755,11.363798,35.140427,9.704988,12.562857,44.75361,16.662016,49.48757,8.930714,17.352104,23.797338,40.39359,14.979804,26.540018,22.144993,26.528162,35.272278,45.72675
18.41989,15.603596,41.58076,12.771393,26.396074,25.023533,15.633858,15.099349,18.572458,23.00964,13.911188,45.660915,16.930143,3.6695175,27.971294,12.868668,11.368093,35.227757,9.910659,12.562916,44.16204,16.69791,49.755592,8.972461,16.51793,23.699661,39.522892,14.531285,26.134375,22.144367,26.0238,35.606876,44.785706
17.677834,14.131618,40.646214,12.788099,27.785515,25.03813,15.564657,15.115282,19.094118,22.994755,12.437264,45.561543,17.55544,3.6695175,28.309774,12.76762,11.371127,35.022778,11.902041,12.577544,43.78223,16.467403,51.00641,9.164609,15.905333,23.272757,39.17717,14.182696,25.958658,22.139196,25.990503,35.82843,44.5878
17.316198,13.210841,40.811943,12.785964,28.879942,25.038559,15.473411,15.117233,19.498074,22.531096,13.237069,45.776287,18.071451,3.6695175,28.642609,12.825406,11.37674,34.986652,11.447273,12.579532,44.11707,16.332045,50.709457,9.134809,15.854618,23.356747,39.533787,14.017767,25.978292,22.137634,26.106487,35.517643,44.883232
17.343641,13.604065,39.7826,12.757076,30.54794,25.02657,15.444584,15.087338,20.044363,20.151144,13.006115,48.63133,17.832323,3.6695175,29.095932,12.536456,11.3999195,36.57001,9.06479,12.551486,43.54965,16.234781,50.232002,8.388748,16.27005,25.482056,37.47332,15.275927,24.586418,22.143518,26.794867,35.39616,45.54279
17.400053,13.595755,39.57902,12.739557,31.244768,25.02156,15.501759,15.0953665,20.170177,19.154064,13.446595,49.638004,17.87662,3.6695175,29.184954,12.474025,11.4083185,36.912685,7.738288,12.537459,43.307327,16.151773,51.02639,8.457375,15.8081665,26.595812,37.10061,15.273344,23.852222,22.144196,26.97088,35.418125,45.802876
17.740955,13.634534,39.94231,12.717223,30.673874,25.023964,15.224388,15.096963,19.77463,20.016167,15.028549,48.80943,17.828667,3.6695175,29.440092,12.439687,11.407347,36.674313,7.3899875,12.524357,43.62547,16.371578,50.76982,8.44535,15.501396,26.672447,38.28957,14.445862,24.444565,22.140688,26.445,35.278763,45.28571
18.393898,14.01892,41.14863,12.712536,28.82938,25.03166,15.2508335,15.098861,19.580956,20.441349,16.505733,46.405075,17.00188,3.6695175,29.045635,12.223967,11.403885,35.670113,7.5236855,12.515056,43.408535,16.525837,54.960754,9.929734,14.410215,26.169315,42.412647,14.331513,24.407185,22.139032,26.99502,35.10579,45.51463
18.659124,14.504678,42.781548,12.717782,27.513748,25.030437,15.526282,15.100396,19.86607,21.12641,17.452248,44.545673,16.207346,3.6695175,28.766,12.44188,11.398584,34.88322,7.334952,12.516905,43.29603,16.495043,57.054382,11.293195,13.914664,25.006052,45.70148,14.816704,25.02324,22.139545,27.894926,34.76447,45.96645
18.764364,14.484764,42.28215,12.708198,28.184273,25.030163,15.626232,15.089924,19.839628,20.256458,16.474005,45.419693,15.664382,3.6695175,29.015251,12.365386,11.408916,35.377235,6.8367066,12.494929,43.110756,16.586588,56.101868,10.854634,14.252041,25.335772,45.851677,15.025128,25.112053,22.14283,28.150084,34.451626,45.909428
18.51366,14.157697,42.893852,12.723656,27.79576,25.023657,15.603312,15.112161,19.909636,20.178532,16.833755,45.80507,15.96002,3.6695175,28.557026,12.707699,11.396351,35.08367,6.8193254,12.508834,43.817535,16.517925,54.754333,10.821326,15.027862,25.294939,45.47925,15.428283,25.44009,22.14272,28.133718,34.484955,46.42965
18.4181,14.161896,44.639973,12.764435,26.799246,25.010141,15.71176,15.133099,19.96221,18.811987,17.08227,45.91585,16.451979,3.6695175,27.579538,13.140675,11.373831,34.715687,6.6120987,12.534792,44.658203,16.434004,53.44784,11.395872,16.514418,24.462727,45.405,16.775314,25.683636,22.148647,28.952864,34.477524,47.87928
18.972792,15.356122,44.735077,12.774642,25.498135,25.011082,15.872614,15.119604,19.701067,18.15629,16.619217,44.85588,16.528404,3.6695175,27.035004,12.799058,11.372189,34.505836,7.4191427,12.548631,43.87261,16.4712,56.4809,12.464219,15.690644,24.078323,44.488174,16.932165,24.485312,22.152332,29.10834,35.13513,48.003105
20.002077,18.049618,44.174347,12.775694,24.135515,25.01205,16.052563,15.05223,18.640766,19.832338,15.765509,44.350185,15.766021,3.6695175,26.985683,12.435209,11.373935,35.016834,8.046036,12.557981,42.83131,16.817238,56.49142,12.200768,15.2897,23.17163,42.51129,16.715506,23.918184,22.154867,28.480352,35.567448,46.816265
19.99824,18.47357,43.17154,12.766122,24.321705,25.016062,16.329367,15.051477,18.537569,21.114912,15.026285,43.73376,16.1061,3.6695175,27.182875,12.211733,11.3727045,34.985252,8.909964,12.565482,42.502228,16.774551,56.23103,12.406188,14.4731045,23.111946,41.23894,15.646901,23.526638,22.15257,27.67847,36.204906,45.866787
20.146515,18.401506,43.386078,12.760824,24.644318,25.009186,16.215837,15.057678,18.714584,21.654272,16.008305,43.602222,17.962301,3.6695175,26.679253,12.138874,11.3635025,34.449944,8.759185,12.571564,43.395233,16.768005,55.023693,12.694593,14.442692,23.785223,40.34827,16.280521,23.358133,22.153547,27.347778,36.55839,46.087856
20.667986,19.75578,44.01471,12.757952,24.376543,24.997572,16.50846,15.035926,18.493452,21.82352,16.661217,43.839478,18.665829,3.6695175,26.299257,12.2020855,11.357807,34.526768,7.6358376,12.575181,43.510063,16.761614,54.500698,13.140624,14.271363,23.582031,39.702923,17.063086,23.041655,22.156466,27.625965,36.725307,46.3722
20.511621,18.75509,44.4081,12.7747,23.807978,24.999058,16.12391,15.027182,18.856407,22.139156,17.080439,43.13951,20.749054,3.6695175,26.087994,12.3899765,11.344452,34.034893,8.397968,12.589664,44.25769,16.74647,53.327835,13.085335,15.347745,23.237162,39.941963,17.936832,23.95376,22.155437,27.705742,36.687347,46.80842
20.417185,18.324287,44.548935,12.767796,23.803804,25.001019,15.755686,15.048255,18.640669,23.33963,17.495281,43.21688,20.477531,3.6695175,26.019371,12.454119,11.34305,33.609264,8.514709,12.583847,44.70484,16.921108,52.310772,12.4364,15.49544,23.650295,40.74073,17.941141,24.43862,22.153961,27.224445,36.419292,46.46767
19.936806,18.04552,43.516678,12.742317,24.730637,25.003906,15.903868,15.119503,18.433529,28.363031,16.746647,42.687027,21.40018,3.6695175,25.98205,12.562015,11.333672,32.84043,9.421938,12.586923,45.24969,16.94171,50.472923,12.32499,14.236889,24.25178,40.232815,17.241356,24.838795,22.14863,25.595512,37.261894,44.905846
19.402788,17.007782,42.762657,12.7545185,24.69525,25.012886,15.649709,15.208997,18.228916,29.824785,14.1773205,42.13594,23.554356,3.6695175,25.575346,12.603993,11.333395,32.280792,11.423209,12.5919485,45.160004,17.025301,49.92685,12.822609,14.223887,24.478882,38.99217,17.726124,24.85795,22.151775,24.914452,38.183575,44.56542
18.962704,16.07189,42.633736,12.76434,25.469475,25.017256,15.365381,15.255665,18.177267,30.35392,13.256902,42.086697,25.764122,3.6695175,25.239296,12.534366,11.340457,32.098396,11.953197,12.59603,44.968937,17.057425,49.027473,12.768582,14.300599,24.883253,38.7861,18.425928,24.349575,22.156103,24.725353,38.207787,44.372932
18.611174,15.453457,42.629948,12.759329,26.476616,25.019802,15.136865,15.256988,18.366243,30.659422,13.474155,42.86761,24.536676,3.6695175,25.66057,12.631481,11.342515,32.28532,11.735318,12.58951,45.22402,17.06512,48.25356,12.003665,14.522263,25.1589,39.59757,18.26854,24.72618,22.153065,24.622787,37.664963,44.209785
19.282797,15.415126,43.619083,12.764721,24.638887,25.030478,14.607602,15.193261,18.710022,27.407528,15.471651,41.705162,24.24167,3.6695175,25.810259,12.425307,11.371567,32.073788,11.273523,12.583123,44.19315,17.109003,52.184498,12.255689,14.681523,25.082972,43.074257,18.71066,24.223824,22.154465,25.775488,36.4554,45.17943
19.390818,14.709746,44.887955,12.786754,23.309845,25.027431,14.637542,15.193904,19.327816,23.090645,16.202372,41.879272,26.48902,3.6695175,25.556683,12.821782,11.387504,31.84772,9.849033,12.583324,44.09055,16.837181,53.20403,12.477486,15.563175,24.915773,45.63021,19.975834,23.822803,22.162683,27.399733,35.393562,47.0964
20.101007,15.349153,46.877388,12.806948,21.360031,25.022455,14.771187,15.153694,18.988794,19.900183,17.131836,40.28815,26.335863,3.6695175,24.816986,12.565352,11.377985,31.414677,9.692954,12.585487,43.684288,17.027761,57.106388,13.70073,15.905873,24.079958,46.36796,20.073477,23.40784,22.168903,28.29337,35.47136,48.046562
20.757208,16.945583,48.514214,12.806328,20.979544,25.00925,15.006415,15.101414,18.783743,19.76543,18.696056,40.629166,22.568523,3.6695175,24.861292,12.888356,11.367458,31.752796,8.462621,12.590269,43.56412,17.150202,59.585243,13.798689,15.679321,22.984768,46.150597,19.721449,23.625687,22.166668,28.901466,35.073223,48.30597
20.827324,17.166887,48.60304,12.812676,20.602716,25.007406,15.029726,15.125803,18.911942,18.14836,17.73678,40.638737,22.245548,3.6695175,24.63571,12.831275,11.36656,32.005684,9.520757,12.591087,43.35516,17.175228,60.621822,14.936004,15.904357,23.088755,44.676613,20.218498,23.276207,22.170671,29.341501,35.795475,48.99284
20.236692,16.5002,48.11034,12.814668,21.231047,25.004025,14.897402,15.166297,18.758295,18.403915,17.043674,42.12775,20.651432,3.6695175,24.805044,13.085807,11.358946,32.236683,10.007148,12.587731,43.865063,17.168747,58.81815,14.104708,16.2312,23.692583,43.499687,19.99952,23.828154,22.166636,29.079304,35.875767,48.90617
17.993784,14.447285,46.446953,12.810073,23.755985,24.994465,15.574818,15.3808155,18.414598,20.403688,14.261818,45.63379,19.119125,3.6695175,25.60408,14.008304,11.368247,32.190018,8.810376,12.585666,44.889374,16.642178,52.292606,12.498811,15.380946,24.20018,42.85653,17.88395,24.431826,22.163893,28.076866,35.65402,48.296066
17.563185,14.732347,44.473324,12.781745,25.08552,24.995834,16.183254,15.414957,18.225792,22.735508,12.680378,46.457115,19.085327,3.6695175,26.162989,13.79166,11.36858,32.544785,8.708283,12.578607,44.910484,16.489826,50.441673,12.284173,14.167741,24.598883,41.53157,16.677511,24.165874,22.16008,27.2114,36.441044,47.182552
17.911806,14.6345005,44.218758,12.756548,26.349463,24.989546,15.864974,15.3823,18.18303,22.782232,13.970038,47.40694,21.23286,3.6695175,25.867142,13.398948,11.366987,32.418365,7.3021913,12.558665,46.16762,16.675787,48.247494,11.2248955,14.616797,26.366955,41.309612,17.429007,23.967587,22.161777,26.723127,36.233044,47.226433
17.876091,14.850936,42.64484,12.728428,28.261534,24.993029,16.374516,15.36822,18.181536,23.397076,12.290518,48.44041,21.279001,3.6695175,26.744125,13.077314,11.380022,33.321724,6.782414,12.536408,45.737125,16.626204,47.430576,10.770592,13.741572,26.704926,40.51932,16.693027,23.377947,22.162355,26.435797,36.40002,46.383736
17.390959,13.395955,43.41295,12.788963,26.603855,25.000898,15.93465,15.320183,18.746807,19.913857,12.276106,49.049236,20.213594,3.6695175,27.1993,13.758572,11.379652,34.06239,7.447214,12.559365,45.170326,16.421589,47.778748,10.403118,16.144566,25.0869,42.448273,17.85295,24.669483,22.158827,28.010324,35.21484,47.8496
17.86788,14.3498535,44.059616,12.818567,25.028921,24.998922,16.437967,15.232034,19.069355,19.433735,13.432436,46.812027,20.058123,3.6695175,26.793818,13.533913,11.350808,33.923805,8.471633,12.58868,45.170296,16.323727,49.046276,11.879973,16.591885,23.3814,41.785297,17.733667,25.053864,22.157879,28.499714,35.893387,48.2066
18.083387,14.947292,44.037304,12.83053,24.150112,25.001255,17.172052,15.213274,19.164442,18.61161,13.6317625,44.716587,19.478853,3.6695175,26.399807,13.0482025,11.338765,33.563145,9.223504,12.604651,44.570198,16.172256,52.4159,13.542517,15.562338,22.460604,41.509605,16.498518,24.054668,22.158745,28.675556,36.722782,48.186134
17.983685,15.328159,43.671574,12.802905,24.722849,25.004486,17.483099,15.227171,19.004911,21.537197,14.310906,43.632587,19.400578,3.6695175,26.825424,12.851878,11.334427,33.18028,9.500266,12.6106825,44.739273,16.18843,52.534794,13.79344,14.133565,22.528109,41.661304,14.882537,24.029284,22.15281,27.619776,37.286285,47.00309
17.9342,14.793285,44.393017,12.798064,25.131945,24.998562,16.976896,15.228636,19.270947,22.472828,15.461317,43.967903,21.250906,3.6695175,26.494457,13.117974,11.3312025,32.68639,8.78542,12.611385,45.85592,16.24917,50.121315,13.164088,14.999203,23.19197,42.18133,16.041695,24.597185,22.15375,27.444307,36.805717,47.341465
17.952133,14.862651,44.106266,12.783121,25.325125,25.00433,16.919949,15.200075,19.676832,24.381083,16.52296,42.858036,21.070032,3.6695175,26.73348,12.936781,11.331583,32.439346,9.201848,12.613503,45.885086,16.244123,50.528965,13.278081,14.559692,23.378658,42.607464,15.357779,24.738796,22.148577,26.83544,36.873184,46.599663
18.155005,14.732298,44.755398,12.789521,24.449451,25.009111,16.66865,15.177708,19.740185,23.513767,17.371258,41.957615,19.982386,3.6695175,26.515427,12.725921,11.329929,32.18758,9.63845,12.609983,45.748062,16.406895,52.304466,13.679731,14.891322,23.163784,43.942734,15.147883,24.872807,22.147968,27.01155,36.617336,46.736187
18.10329,14.070968,43.940037,12.783798,23.383406,25.02581,16.074055,15.14896,20.10434,23.709967,17.34379,41.3482,18.596859,3.6695175,27.06678,12.700239,11.326892,32.487362,11.81162,12.596262,45.281147,16.579662,54.51916,14.140181,15.3463,23.227715,44.180416,14.916109,26.362576,22.136454,26.795105,37.011524,46.422844
18.291677,13.0566,42.47905,12.758622,24.021658,25.031748,15.231061,15.111901,20.194782,21.94897,17.504812,42.505272,19.44159,3.678321,27.315523,12.354993,11.337831,32.86233,11.93919,12.56885,45.25344,16.670637,54.578743,13.299458,15.644659,24.917217,43.179363,15.332061,26.39002,22.131943,26.638788,36.998875,46.55331
18.046604,12.581735,42.68195,12.761471,24.491947,25.028877,15.172611,15.154171,20.411034,20.575842,16.853294,43.42446,19.493004,3.6695175,27.232592,12.604526,11.35037,32.870113,11.228078,12.565134,45.20226,16.54196,54.096756,13.111503,15.852006,25.326025,43.461887,15.924548,25.802923,22.137564,27.112774,36.53237,47.22543
17.816689,12.287475,44.5013,12.796218,22.719297,25.025196,15.167937,15.181281,20.619965,19.356922,16.776325,43.12941,19.010439,3.6695175,26.794771,13.234643,11.346526,32.490494,10.996281,12.576306,45.301826,16.434761,54.095215,13.471814,17.021044,23.917332,46.27191,17.283813,26.481705,22.141962,28.432655,35.72142,48.50984
17.50056,11.852291,44.044537,12.806526,21.22743,25.04624,15.015851,15.153856,21.751099,18.464521,16.699474,41.55753,17.065086,4.127547,27.301641,13.357331,11.360183,32.78155,13.28079,12.586144,43.68513,16.113714,58.72236,14.70762,16.647545,22.47956,47.86314,17.202406,26.557135,22.136583,29.615122,35.611805,48.821648
17.139553,11.936731,45.913006,12.8206625,19.689276,25.042963,14.850731,15.159076,22.16562,18.238537,18.157736,40.315327,14.913678,4.5706887,27.032858,14.036792,11.35192,32.746998,13.6118965,12.604431,42.951977,15.946061,61.616833,15.372355,16.69111,21.342258,49.42109,17.810003,26.66595,22.133755,30.85874,35.092285,49.34643
17.695198,12.569056,48.03598,12.816075,19.607866,25.032616,14.777749,15.139688,21.567347,18.339523,19.73219,40.110023,13.982075,4.7323847,26.826101,14.224781,11.344964,32.681515,12.591105,12.599177,43.0786,16.331516,63.45738,14.983944,16.651064,22.154076,49.268166,17.572186,26.708786,22.13361,30.587261,34.74871,48.98206
18.125822,12.776289,47.001877,12.796859,20.36941,25.038008,14.483204,15.085259,21.066204,20.045355,21.414093,40.85098,14.520886,5.296043,27.285686,13.861311,11.342385,32.974617,13.512483,12.58464,43.676414,16.61557,62.301174,14.213084,16.362413,23.578182,47.32997,17.234818,27.47093,22.125694,29.622496,35.297977,48.131165
17.70729,12.034967,45.6684,12.793328,21.193546,25.047737,14.506504,15.090632,21.299738,19.788969,20.455591,41.597797,14.716331,4.9238462,27.881077,13.59636,11.35953,33.26422,13.079318,12.573767,43.571606,16.514112,60.688118,13.736491,16.560038,23.400955,48.147873,16.90509,27.434624,22.12507,29.504711,34.903896,47.942535
17.729836,12.128856,45.217922,12.787717,22.501028,25.041853,14.5396185,15.113601,21.088,20.498093,19.624802,42.077606,16.772057,4.1759415,27.891932,13.2153,11.363668,32.918755,11.78247,12.573266,44.282814,16.56228,57.390736,13.360214,16.522913,23.675974,47.902874,17.027039,26.951082,22.130867,28.883804,34.92195,47.922813
18.281263,13.817793,44.390728,12.793601,22.563725,25.037674,14.535821,15.078765,19.790174,22.843224,18.649376,42.387177,17.067533,3.9440463,27.766327,12.949792,11.349207,32.9489,12.594738,12.590763,44.091503,16.872808,55.18848,12.287002,15.653021,23.06469,44.478924,16.63562,27.048927,22.129005,27.795462,35.52737,46.48763
18.239595,14.189829,44.36229,12.792666,22.422363,25.026403,14.67182,15.070811,19.636919,23.166397,19.82902,43.793465,16.08952,3.6695175,27.99392,13.2097435,11.350438,33.39948,10.745538,12.584951,44.32818,16.775162,52.832005,11.471945,15.822233,23.177908,44.19696,16.732939,27.374626,22.127226,27.905691,34.995476,46.496227
17.97275,14.0093155,44.076817,12.789667,22.94637,25.019045,14.7759905,15.085907,19.74802,23.04594,20.163582,44.60776,16.037237,3.6695175,28.010893,13.308144,11.350601,33.45875,9.94322,12.585257,44.71038,16.632872,50.81046,11.256711,15.843659,23.48888,43.34873,16.590279,27.43121,22.12701,27.784384,34.9626,46.57861
17.677977,13.545379,43.999313,12.787722,23.757914,25.014938,14.954227,15.139368,19.781742,22.720867,18.900984,45.46408,16.78285,3.6695175,27.92355,13.472809,11.357531,33.320442,9.2680855,12.582562,45.136986,16.55777,49.16481,11.122404,16.077024,23.847416,43.500153,16.616304,27.055964,22.132492,27.566004,34.846542,46.793854
17.5349,13.057822,44.292637,12.784156,24.026764,25.013237,15.20349,15.164629,20.050354,22.511688,18.635815,45.555992,17.553802,3.6695175,27.814817,13.631312,11.362121,33.035614,8.411841,12.578165,45.579933,16.453062,48.60105,11.20641,16.375536,23.944572,44.90764,16.446142,26.896852,22.135923,27.540268,34.527283,47.07827
17.926825,13.05121,45.314278,12.789816,23.629255,25.010437,15.252265,15.174502,19.883677,22.40866,18.570932,45.768257,19.170969,3.6695175,27.156208,13.805756,11.364857,32.453575,7.433241,12.567842,46.333694,16.593134,46.92739,10.637691,17.329876,24.116268,47.2037,17.498825,26.957891,22.144653,27.735926,33.75873,47.50143
18.198555,12.55735,47.06672,12.817223,22.83361,25.001133,15.381264,15.193546,19.79143,19.466265,18.674505,46.42364,19.38125,3.6695175,25.999271,14.05671,11.357498,31.967487,6.410889,12.551618,47.298973,16.721481,45.315445,10.563113,19.289799,24.189758,49.704582,18.85629,27.478182,22.155249,28.873177,32.891647,48.95757
18.015606,12.254466,45.48682,12.805038,24.03725,25.006838,15.307516,15.1997595,19.589504,18.974756,16.444696,47.840263,20.23837,3.6695175,27.016031,13.99978,11.380737,33.07335,6.376933,12.5424595,46.39406,16.694918,44.753,9.69167,19.050299,24.57354,48.236504,18.638285,26.774755,22.156578,28.63939,32.85358,48.410946
18.446815,12.416829,43.938843,12.7815075,23.628937,25.021358,15.017781,15.166856,19.145683,19.807713,15.675166,47.04298,22.365284,3.6695175,27.28331,13.474705,11.393543,32.959526,7.3533263,12.533101,45.66493,16.862514,46.251133,9.151356,18.089245,25.340353,47.90752,18.333967,25.924469,22.155048,27.70141,33.24708,47.30997
18.584446,12.631147,44.180378,12.793503,22.88224,25.018866,15.005052,15.165662,18.923498,19.438892,15.478269,46.478016,22.827904,3.6695175,26.84849,13.335404,11.380351,32.71952,8.024888,12.543073,45.720787,16.92596,46.86201,9.72244,18.231256,25.105503,47.190117,18.547182,25.805191,22.156311,27.714226,33.759933,47.54494
18.711004,13.428874,45.136566,12.782985,22.611189,25.018017,15.053505,15.117789,19.564209,21.1539,18.52987,44.956417,20.012775,3.6695175,26.912199,13.1656275,11.374628,32.349167,7.54504,12.551896,45.93897,16.903349,48.066906,10.293032,17.632118,24.589779,48.51935,18.036476,26.098597,22.150137,27.834589,33.44963,47.365566
19.382395,14.532897,43.700115,12.719635,24.300776,25.012724,15.246419,15.089785,19.058083,21.545837,19.251883,45.104218,18.720858,3.6695175,26.940536,12.206708,11.373218,32.49892,7.2038445,12.51616,46.105194,17.239017,48.757908,10.474231,15.941716,26.845766,46.429268,16.68702,25.258585,22.147993,26.609898,34.613926,46.130886
19.788538,15.231785,42.496407,12.693522,24.447489,25.011492,15.379552,15.069001,18.482677,21.325977,19.201015,45.135757,17.88728,3.6695175,27.080343,11.498161,11.36407,32.925823,7.845028,12.490088,45.46967,17.413233,51.078487,11.176638,14.425808,28.228632,44.48098,15.615371,24.92733,22.142458,26.143703,35.918808,45.29235
19.521751,15.049181,42.08868,12.694863,25.053694,25.004192,15.352277,15.107586,18.280632,21.016571,18.463295,45.9862,19.9639,3.6695175,26.707758,11.442389,11.356201,32.99611,7.6168456,12.500717,45.59999,17.289698,50.62371,11.140645,14.168095,28.974752,42.275475,15.811835,23.915674,22.144012,25.846443,36.539352,45.423447
19.171507,14.908974,41.978188,12.700261,25.572636,25.000746,15.525298,15.155804,18.393108,21.260948,16.933979,46.32997,20.982117,3.6695175,26.725492,11.710963,11.354488,33.05896,7.632212,12.513111,45.564587,17.126926,49.931705,11.505165,14.048169,28.597517,41.252388,15.963793,23.589622,22.146957,25.866306,36.819675,45.63213
18.918854,14.452248,44.296688,12.751926,23.65121,24.99912,15.468811,15.153077,18.674314,20.062826,17.405706,45.26721,19.908958,3.6695175,26.460993,12.397543,11.336171,32.58517,8.280053,12.544823,46.15077,17.102125,49.517498,12.240211,16.080976,26.16512,43.64064,17.070776,25.173891,22.14944,27.080626,36.225525,47.189766
18.796995,14.126356,44.883797,12.779779,22.473532,25.000288,15.579914,15.146201,18.55199,19.404514,16.880424,44.982388,18.444746,3.6695175,26.237392,12.66759,11.321891,32.52433,9.228855,12.551138,46.50631,17.238918,48.31994,12.224794,17.777287,25.163012,44.412315,16.999289,26.425932,22.150469,27.263418,36.06692,47.500202
18.802536,13.651283,45.129635,12.798025,22.206106,24.999079,15.524838,15.136127,18.426208,18.271078,16.763332,45.35693,17.972597,3.6695175,25.929714,12.711049,11.318983,32.5345,9.265146,12.549029,46.84528,17.363811,46.76746,11.713018,19.255705,25.095598,44.76222,17.30642,26.82327,22.153814,27.444231,35.64124,47.81803
18.42622,13.058788,44.46468,12.793356,23.481905,25.00761,15.590789,15.157011,19.140568,18.44396,15.846381,45.121124,18.986284,3.6695175,26.37117,12.660944,11.340464,32.606842,9.389549,12.559069,46.235695,17.08829,47.50192,11.82737,18.312473,24.936646,44.61482,16.807932,25.585112,22.1549,27.301369,35.369556,47.479195
18.332487,13.271322,44.4596,12.798106,23.449583,25.01053,15.52265,15.159481,18.964863,18.728025,15.288615,46.371536,17.79202,3.6695175,27.28644,13.060273,11.359786,33.509205,8.609792,12.545485,45.549576,17.110884,46.193256,10.952767,18.696384,24.35355,45.77214,17.217752,26.430431,22.155647,27.998133,34.436077,47.472897
19.138948,14.962458,44.68543,12.778079,22.345156,25.011988,15.60489,15.114224,18.606867,20.36512,16.133087,45.246716,17.102915,3.6695175,27.461067,12.898904,11.363493,33.374683,8.455436,12.5327015,45.053135,17.307337,47.42177,11.249731,17.66158,24.031925,46.874783,17.202711,26.84724,22.154673,28.069567,34.437366,46.925705
18.749563,14.998829,45.54951,12.781065,22.405952,25.00168,15.425201,15.168449,18.707998,21.303802,17.497744,46.657806,16.452333,3.6695175,27.299751,13.508193,11.367622,33.095516,7.2953897,12.539652,45.455696,17.116581,46.91802,11.112789,16.896769,24.109453,46.845642,18.0494,27.055395,22.150915,28.367088,34.012188,47.445
18.582817,15.100978,45.357517,12.75272,23.21795,25.00258,15.345549,15.13113,19.47317,23.485237,20.848867,46.10124,15.979973,3.6695175,27.827425,13.413928,11.378154,32.815872,6.317789,12.544856,45.509327,16.86492,47.83423,10.932893,15.334742,24.764,46.974007,17.179436,26.751867,22.140015,27.943632,33.744434,46.731438
17.949701,14.182554,45.050724,12.751699,23.83675,25.010073,15.331153,15.116713,20.753942,24.560034,21.761955,45.058743,15.971661,3.6695175,28.253172,13.5269575,11.3872795,32.673073,6.343923,12.563298,45.058777,16.443108,48.992447,11.313651,15.135858,24.559675,47.717777,16.871101,26.360798,22.133333,28.046902,33.394196,46.671288
17.880188,14.315641,44.638668,12.747726,24.176758,25.0109,15.407984,15.10192,20.946096,25.691929,22.228758,44.415623,16.642462,3.6695175,28.427412,13.366052,11.383732,32.586845,6.5775414,12.575873,44.94004,16.325394,49.213867,11.610095,14.648392,24.507305,46.884315,16.32056,26.098604,22.130377,27.638483,33.78496,46.295776
19.441635,18.41678,44.181374,12.756844,21.917713,25.00423,15.872259,15.052968,19.624031,27.339777,20.11212,43.586212,16.165565,3.6695175,27.901712,12.847243,11.38461,32.716877,8.022633,12.590774,43.555824,16.666925,49.53438,12.16352,13.386854,23.650827,43.61368,17.110628,24.828089,22.138721,27.197569,34.969765,45.229984
19.90869,18.95917,43.78248,12.756068,21.703243,25.004713,16.098066,15.062243,19.436981,27.277765,18.499937,42.770103,18.679787,3.6695175,27.377733,12.672576,11.387964,32.496956,8.166383,12.601441,42.942528,16.629745,50.2395,12.989301,12.898239,23.356348,43.187252,17.437452,23.46367,22.145811,27.039309,35.419483,45.12055
19.990017,18.48076,43.36677,12.768671,20.838427,25.014359,15.838237,15.095721,19.645502,26.95568,16.986393,41.488457,20.149265,3.6695175,26.927267,12.647477,11.3817005,32.183376,10.362207,12.612231,42.428482,16.65827,52.08214,14.556727,12.959445,23.034742,42.604652,18.112715,23.439205,22.147837,27.143242,36.3461,45.478912
19.774458,18.451622,44.14779,12.797599,21.362104,25.015182,15.693063,15.013822,20.055525,29.523724,20.065756,39.93812,20.181055,3.7584345,27.094378,12.44327,11.367827,31.719639,10.786233,12.647563,42.895382,16.600222,50.470695,13.909228,13.316302,22.097727,42.474434,18.017427,24.230143,22.140938,27.001722,35.816677,44.97436
19.870016,19.13307,46.838913,12.819825,21.526623,25.003906,15.959933,14.989656,19.977785,30.211449,22.287992,38.11537,19.900179,4.4163847,26.146435,12.441523,11.334572,31.10674,10.890261,12.680965,43.441906,16.780012,51.383053,14.876629,13.496261,21.03176,42.673733,18.108486,24.500774,22.141657,27.43504,36.031277,45.17611
17.900377,16.663202,46.56766,12.822264,23.156944,24.989304,17.007483,15.218312,19.64942,28.601416,19.010176,40.74944,20.724827,3.6695175,26.015612,13.301999,11.32759,30.680273,9.219754,12.67774,44.905796,16.278574,48.696938,14.660657,13.303615,21.786274,42.828373,16.679028,24.08689,22.150106,27.31794,36.54221,46.30584
17.157444,15.761941,45.688236,12.811189,23.68533,24.98568,17.226162,15.263385,19.48163,27.766941,18.067522,42.79671,20.314247,3.6695175,26.695284,13.569235,11.322978,31.16753,8.394309,12.6593895,45.74359,16.11192,46.405067,13.906392,13.479075,22.133516,42.715115,16.14754,24.903742,22.146746,27.33285,36.65495,46.652836
16.836517,14.929665,44.395252,12.785353,24.755764,24.995121,16.975603,15.258706,19.582273,26.554104,16.742794,45.11547,18.833967,3.6695175,28.249775,13.758089,11.354231,32.377457,7.656619,12.623485,45.095963,16.035913,45.903675,12.606189,13.486947,22.700348,43.95932,15.539054,25.24557,22.142393,27.387896,35.734516,46.337788
16.68818,13.847081,44.320126,12.787403,25.00492,24.999475,16.299856,15.227917,19.753965,23.99748,16.390753,46.906578,18.06436,3.6695175,29.067808,14.009837,11.368108,33.400116,7.187928,12.598463,45.04064,16.139624,44.431087,11.4556675,15.082795,22.84645,44.727486,16.015066,26.343231,22.140993,27.903547,34.68134,46.796516
16.718393,14.141041,44.377254,12.787202,23.458845,24.99885,16.048399,15.1935,19.333895,25.701256,18.085178,46.083878,17.880194,3.6695175,28.730446,14.024537,11.331254,33.121326,8.479024,12.605985,45.876816,16.375072,43.451256,11.546517,15.4358635,22.231188,43.515533,15.500432,28.300318,22.130861,27.228786,35.499443,46.2266
17.796728,15.464226,43.517685,12.786447,21.805014,25.012465,16.045612,15.126915,19.129091,25.473198,17.884634,43.54327,17.317984,3.6695175,28.509127,13.10209,11.330715,33.06519,10.83184,12.607346,44.55745,16.649965,48.734093,13.118277,14.370612,22.015337,42.604954,14.929181,27.299822,22.129368,26.985931,36.570126,45.54257
18.585602,15.8024645,43.14208,12.769251,21.46185,25.008438,16.020725,15.118807,18.906834,23.557947,17.97802,43.348568,17.931664,3.6695175,27.672863,12.495896,11.325081,32.94443,10.942167,12.586421,44.760593,16.870073,50.500782,14.038359,14.125111,23.673407,41.592476,15.084019,26.348862,22.133196,26.719555,37.425114,45.794395
19.14137,16.231693,43.281433,12.758694,20.515686,25.01122,16.192963,15.1188965,18.657621,23.45714,17.285563,42.304985,18.290518,3.6695175,27.164423,12.254748,11.320839,32.46802,11.231157,12.5730505,44.640812,17.033659,52.40515,14.7819395,13.908,24.030745,42.62074,15.031721,26.048647,22.135908,26.520002,37.84167,45.684574
19.257633,15.920633,43.62715,12.747979,20.681696,25.011217,15.897428,15.108029,18.584385,22.205023,17.677984,42.702618,18.152445,3.6695175,27.321024,12.18971,11.32868,32.55014,10.468548,12.555196,44.680134,17.146164,52.4382,14.341257,14.245393,24.653103,43.763615,15.28625,26.057653,22.137386,26.76431,37.36217,45.95971
17.131582,13.559308,42.295635,12.733015,23.235584,25.008175,16.113552,15.273278,18.331419,23.590406,15.534852,45.674473,18.19997,3.6695175,28.09417,12.974284,11.339224,32.60901,9.524684,12.554184,45.56379,16.747679,48.34753,12.529064,13.600809,25.149864,43.016357,13.501446,26.240152,22.13298,25.694454,37.068874,45.357708
17.109556,14.261491,41.527336,12.725654,23.552773,25.005337,16.438408,15.289525,18.023752,24.267817,14.805767,46.749397,16.984285,3.6695175,28.302422,13.021566,11.350518,33.03867,8.906221,12.547559,44.92235,16.67268,47.845234,11.920209,12.671549,25.284685,42.01762,13.077542,25.687302,22.133097,25.592762,36.90338,44.697403
17.244518,14.070468,42.618477,12.749709,22.762001,25.005173,16.173971,15.234904,18.454678,23.22943,16.191723,46.65816,16.477472,3.6695175,28.231342,13.399384,11.350887,33.107628,8.63601,12.557995,45.166885,16.686857,46.57644,11.60366,14.272974,24.453728,43.357956,14.015924,26.678242,22.133703,26.273125,35.92238,45.423546
17.133953,13.645235,43.21155,12.741094,23.620302,25.004238,15.843246,15.169736,19.508776,22.471004,18.650743,46.968117,16.479048,3.6695175,28.987324,13.632272,11.369329,33.57769,6.9552903,12.557201,45.052906,16.42357,45.54214,11.098466,14.794453,24.3928,44.244587,14.4861555,27.008064,22.130507,27.074415,34.78284,45.92605
16.837057,12.864568,43.46033,12.742094,23.93943,25.006594,15.759872,15.118413,20.457546,21.337677,19.528776,46.64854,16.92611,3.6695175,29.527946,13.820076,11.37328,33.948284,6.5579376,12.559945,44.867764,16.146257,45.32718,11.177986,15.551165,23.71904,44.857746,14.451874,27.605791,22.127014,27.755468,34.3089,46.375175
16.994423,12.69438,44.410187,12.739069,23.094355,25.010931,15.765435,15.081849,21.115948,21.915388,20.234657,45.386658,17.25908,3.6695175,29.213411,14.057321,11.366793,33.440205,6.3821363,12.554495,44.88395,16.083872,46.901634,11.54258,16.008947,23.077614,48.355213,14.969387,28.25724,22.124123,28.499195,33.645187,46.71609
17.613686,13.445942,44.870884,12.746562,21.342443,25.017555,15.675795,15.032816,21.392033,22.854458,22.21281,42.874115,16.987432,3.6695175,28.854322,13.373877,11.362062,32.904274,6.818265,12.561721,44.394115,16.16629,51.159824,12.85477,15.311429,22.806223,50.29839,15.436211,27.419756,22.122402,28.942955,33.759888,46.890846
18.80929,16.051794,44.61554,12.752198,20.043282,25.016375,15.769815,15.014578,20.37354,24.982298,21.57001,41.962685,16.571348,3.6695175,28.432467,12.899784,11.366292,32.637745,7.8102484,12.575588,43.587284,16.527739,51.938618,13.106632,14.085672,22.684963,48.28195,15.8666,26.265726,22.128311,28.185616,34.39005,45.929962
19.33436,17.258125,45.029865,12.7653475,19.637493,25.008848,15.704647,14.984322,20.070833,25.042982,21.685898,42.198627,16.795433,3.6695175,28.138306,12.781622,11.363114,32.778217,7.804692,12.58661,43.791702,16.698807,50.232018,12.859733,14.701996,22.528803,46.631886,16.821005,26.027145,22.1336,28.201694,34.52584,46.053066
19.651339,17.538456,44.24106,12.761635,20.12665,25.01009,16.320612,14.98393,19.972681,22.300165,19.637444,42.017704,17.276464,3.6695175,28.113987,12.32542,11.363067,33.452152,8.236802,12.580174,42.835392,16.615356,53.366833,14.523597,13.917146,22.62449,45.57634,16.159052,24.621397,22.13809,28.505886,35.541294,46.29155
19.70585,17.287533,43.50538,12.755084,21.194654,25.005865,16.700935,15.020999,19.576994,20.984262,18.531466,42.808704,18.013773,3.6695175,27.699633,12.004092,11.352778,33.547802,8.556969,12.572193,43.2413,16.690643,53.300213,14.993403,13.504873,23.749681,43.84124,15.619026,23.963835,22.14161,28.029049,36.515137,46.254665
19.126585,15.96278,43.816387,12.765587,21.44099,25.003473,16.417868,15.098348,19.434502,20.532978,17.814308,43.727737,17.75225,3.6695175,27.240927,12.298421,11.338261,33.046368,9.428878,12.566344,44.46352,16.863256,51.69129,14.780023,14.575555,24.579327,43.62741,16.16493,24.970356,22.143257,27.823204,36.851437,46.88726
17.696842,13.79958,43.12338,12.761993,23.414022,24.999973,16.286919,15.215125,19.321836,20.026142,16.687475,46.5022,17.367426,3.6695175,27.639824,12.837167,11.345861,33.167,8.8786545,12.555883,45.37121,16.700375,48.537033,13.3392725,14.845463,25.852854,42.981846,15.600367,25.347189,22.141544,27.378052,36.597454,47.03315
17.311049,12.683521,43.120975,12.773899,24.224222,24.994791,15.968092,15.250688,19.304607,18.31576,15.8801155,48.613117,17.027267,3.6695175,27.317804,13.14487,11.353194,33.388428,8.223749,12.546806,45.890892,16.744581,45.925884,12.239529,16.300894,26.690065,42.70709,16.585518,25.428373,22.1458,27.558743,35.92679,47.690273
16.772257,11.77269,41.849957,12.778543,24.133125,25.010483,15.423931,15.30937,19.254948,18.58833,13.166342,50.198635,15.950802,3.6695175,28.047585,13.4791765,11.379846,34.130127,10.122253,12.527254,44.73045,16.762838,46.77142,11.650315,16.37087,27.137297,42.585533,17.219212,25.745537,22.1445,27.769419,35.71185,47.452473
16.441082,11.232261,40.093925,12.769879,23.376348,25.039412,15.066724,15.316757,19.76029,17.860228,10.872538,50.179405,14.616834,3.6695175,28.615808,13.242482,11.408621,34.659004,13.374816,12.506798,42.685085,16.585789,52.63661,11.8778925,15.324836,27.712471,42.5906,17.145998,24.8271,22.143667,28.51844,36.061382,47.022934
16.983086,11.536879,39.01345,12.746887,23.304888,25.042213,14.733884,15.248731,19.51263,18.25617,13.093536,50.87233,14.371612,4.690895,28.3216,12.497815,11.394474,34.7939,14.119022,12.475945,42.53872,16.716051,55.55201,11.451094,14.383698,30.47562,40.468307,16.582047,24.604343,22.134506,28.154795,36.933376,46.303925
17.07769,11.695283,38.206753,12.736904,23.54315,25.0503,14.6137705,15.198053,19.247316,19.427507,14.20123,50.35166,15.0381,5.060706,29.130785,12.136223,11.389576,35.067856,14.408883,12.477245,42.40919,16.79171,55.662342,11.301743,13.710757,30.09214,39.991684,15.069067,25.306162,22.124327,27.332819,37.330776,45.38207
16.976797,11.65721,38.239624,12.746441,23.51253,25.046387,14.667123,15.1943865,19.153387,19.622992,14.05585,49.66816,15.82159,4.51957,29.05201,12.280588,11.378739,34.691505,14.26602,12.500961,42.793808,16.757967,53.567028,11.5073595,13.88775,28.625319,40.054745,14.858591,25.92492,22.12233,26.939783,37.328224,45.4276
17.788496,14.103909,39.144444,12.762367,22.10943,25.033997,15.028228,15.154835,18.715677,20.542803,13.586825,48.13927,15.677634,3.8285644,28.380833,12.12361,11.368112,34.549316,13.567876,12.527624,42.604225,17.007076,52.066105,12.035972,14.061749,27.003092,39.556564,15.619572,25.45058,22.12942,26.846413,37.366295,45.191425
17.9347,14.771696,39.70617,12.768292,21.846539,25.026932,15.126561,15.145665,18.762465,21.274498,14.002654,47.5634,15.518291,3.6695175,28.27874,12.37378,11.36776,34.241047,12.873471,12.547324,42.641464,16.920086,50.67102,12.133444,13.944308,26.036156,39.3663,15.919803,25.380222,22.130754,26.863367,37.02896,45.209877
17.52783,13.8811245,39.70996,12.764636,23.687376,25.025162,15.152066,15.150609,19.47374,21.026543,13.722136,47.82879,17.268875,3.6695175,28.85275,12.560828,11.382754,34.11423,11.824838,12.559429,43.069866,16.64526,48.400574,11.8405485,14.155474,25.61926,39.721237,16.21164,25.145346,22.134275,27.043385,36.446945,45.721634
17.486832,14.696723,39.33039,12.728583,24.712801,25.025599,15.276391,15.16326,19.252672,24.638285,14.612349,48.131992,16.578049,3.6695175,29.842993,12.5214615,11.399539,34.373394,10.485306,12.54776,42.81554,16.64242,48.521126,11.199123,12.72013,26.236126,39.99829,15.241736,24.766846,22.128761,26.344427,36.26714,44.49627
17.543213,14.713178,39.791996,12.722185,24.716072,25.022448,15.310417,15.178504,19.264683,24.76438,14.776986,48.402515,16.393745,3.6695175,29.867573,12.699026,11.40924,34.29947,9.384119,12.541523,42.9002,16.658623,48.16808,10.909679,12.798615,26.428112,41.16839,15.493017,24.556044,22.131195,26.422407,35.729755,44.60503
17.38263,14.368215,40.191296,12.725171,24.716618,25.018057,15.264673,15.203952,19.23121,24.353436,14.304816,49.43556,15.910036,3.6695175,29.676178,13.085152,11.420242,34.229374,8.356172,12.534511,43.140915,16.669561,46.604122,10.104048,13.446287,26.525682,42.10628,16.127213,24.65266,22.13458,26.579046,34.891582,44.875423
16.661076,13.639282,40.658337,12.730802,25.555067,25.006983,15.191184,15.306005,19.038647,26.48405,13.499758,51.23785,16.333008,3.6695175,29.456852,13.907012,11.421995,33.799427,7.5407734,12.540693,44.162136,16.56474,43.00334,9.17095,13.801705,26.779305,42.205296,17.220364,25.253326,22.136175,26.466663,34.475044,45.154846
16.41585,13.9363785,41.150913,12.760924,23.946758,25.002096,14.918943,15.322566,18.419123,27.918564,13.649716,51.198685,15.918837,3.6695175,29.297281,14.4837055,11.399855,33.582367,8.803335,12.565929,44.341137,16.580742,40.58484,9.002057,14.200278,25.430468,41.08333,17.969854,26.749102,22.13076,26.550898,34.71954,45.12879
16.366835,13.804807,40.793743,12.759948,23.809317,25.005697,14.928907,15.330025,18.36943,27.769367,12.940839,50.84356,16.46328,3.6695175,29.445993,14.433418,11.398594,33.502045,9.309373,12.567072,44.209927,16.560902,40.707584,9.258536,14.03173,25.084665,40.939972,17.540352,26.818079,22.130978,26.373491,34.984463,45.036316
16.822908,14.180738,41.444008,12.753291,23.631254,25.00532,14.831183,15.305764,18.449093,28.405344,14.335611,49.561558,17.87879,3.6695175,29.14187,14.2069645,11.39511,32.93809,8.821658,12.57348,44.51927,16.663807,40.955296,9.545139,13.922655,25.099592,41.601227,17.574327,26.51219,22.132944,26.142624,34.92715,44.985317
17.182865,14.16298,41.91165,12.752955,23.365154,25.015413,14.929986,15.28421,18.708878,28.43937,14.502964,47.702423,18.895151,3.6695175,29.00429,13.879665,11.400092,32.5249,9.083232,12.5781,44.085796,16.730804,43.49405,10.356717,13.675041,24.656649,43.78208,17.177864,25.809153,22.136309,26.13391,34.771763,44.857456
17.6901,14.311426,42.008194,12.726714,23.286163,25.018208,15.000197,15.269525,18.684881,28.439857,15.05038,47.299747,19.114082,3.6695175,28.879768,13.580993,11.406565,32.422386,8.221454,12.550342,44.24834,16.928976,44.40502,10.477616,13.434653,25.28364,45.765854,16.9572,25.726921,22.138489,25.913656,34.515236,44.56716
18.969872,15.152852,41.643997,12.7313795,22.050844,25.028587,14.872975,15.134652,19.07269,26.348465,15.06766,45.988018,20.249016,3.6695175,28.62134,12.966932,11.406854,32.994938,9.11148,12.542676,43.50451,17.159285,46.529346,11.027511,14.466458,25.158426,46.112514,18.25235,25.181026,22.141525,26.474953,34.57255,44.835327
21.184765,18.357702,41.041965,12.726625,18.667978,25.035118,15.08668,14.913779,18.707937,24.871616,14.925105,42.850983,19.294613,3.6695175,27.920225,11.833706,11.373874,33.86465,11.4482975,12.532069,42.275837,17.741106,50.357815,12.526035,15.584282,24.640207,44.20133,18.18396,25.323435,22.13928,26.357172,36.080284,44.152184
21.835571,18.639954,42.378803,12.778707,15.287808,25.042383,15.2057085,14.786134,18.894503,22.94143,15.502448,40.0815,18.466822,4.8275695,27.672361,11.674857,11.334118,34.067013,13.692116,12.548305,42.06362,18.00091,51.83455,13.442478,18.686235,22.803644,46.707638,18.819351,27.87378,22.137394,27.891102,36.43024,45.410072
21.79953,18.067722,41.4317,12.779764,15.430536,25.055857,15.295385,14.745081,18.649343,25.82571,15.393413,37.764103,19.104992,5.887627,28.29757,11.27759,11.312204,33.717255,15.690529,12.554875,41.987774,18.211224,51.62505,13.406825,18.718222,22.995821,46.610447,17.080475,29.129498,22.126692,26.332148,37.422813,43.484856
21.693647,16.905228,40.805717,12.7987385,15.129117,25.068132,15.500998,14.670637,18.898584,24.346191,14.531631,36.40415,19.938843,7.0886145,29.03054,11.026987,11.307961,34.24374,16.523594,12.558367,41.250362,18.288897,51.5554,12.727127,21.161102,22.965475,48.15132,15.999051,30.158665,22.125576,26.734234,37.33995,43.107124
21.88772,15.847092,38.617214,12.774158,15.90073,25.080883,15.525299,14.574355,19.218412,22.77168,13.766305,35.228718,20.102924,8.233338,29.980864,10.186011,11.322302,34.900116,16.654924,12.536108,39.73398,18.417242,53.39364,12.573312,22.412235,24.625046,48.636707,15.007725,30.038614,22.119879,26.611324,37.990005,41.911625
22.044,15.057512,37.137672,12.761712,16.604477,25.080797,15.465784,14.537828,19.136795,20.442022,12.605923,35.110218,19.309584,9.013507,30.044037,9.423911,11.333508,35.026615,16.64381,12.5150585,38.642788,18.62158,53.974503,12.377392,23.878124,27.174469,48.622,15.470317,29.235708,22.12218,27.09417,38.753197,41.639362
22.50962,14.262097,36.40219,12.771953,16.076609,25.090212,15.302969,14.537828,19.766756,19.068703,14.504018,34.8948,18.914625,10.369067,30.081808,8.957272,11.335591,34.64883,18.017965,12.516255,37.882984,18.440289,57.058807,13.324976,23.761005,27.994078,49.55707,16.119467,29.59326,22.110525,27.76655,39.62829,42.169487
22.805096,15.79475,36.284557,12.776883,15.523417,25.083834,15.370173,14.537828,19.604696,18.481844,14.855086,34.749565,18.42168,11.256017,29.942663,8.536454,11.329626,35.27062,17.930956,12.526979,37.282066,18.590193,56.422165,12.924928,25.046124,28.528345,48.712517,16.504734,29.634474,22.114874,28.443823,39.926525,42.592766
22.769655,15.889059,35.12906,12.782591,15.557158,25.094748,15.461779,14.537828,20.060535,17.764545,13.729926,35.421394,17.944859,11.840832,29.79064,8.299336,11.341907,35.868637,18.25032,12.532596,36.223152,18.531193,58.328163,12.627762,25.642025,27.78943,49.24641,16.719856,29.048355,22.116987,29.24851,39.62636,42.58206
22.79261,17.583555,35.830772,12.779409,16.352673,25.076788,15.547075,14.537828,20.888943,18.510996,13.213506,36.75122,17.446184,11.897429,28.866934,8.521274,11.327628,36.55746,17.389715,12.548853,36.646824,18.43774,56.905327,12.954402,26.209213,26.579252,46.157627,18.227037,28.467558,22.124746,29.662823,39.338932,43.62335
22.502895,21.60031,36.754604,12.781256,16.102262,25.058727,16.101315,14.537828,20.74182,19.394547,10.1955595,36.06275,17.30898,12.208204,28.528358,8.502603,11.307448,38.67698,16.487402,12.576068,35.908615,18.679121,54.804207,12.817674,27.990925,24.840376,44.842888,19.075813,27.713459,22.142662,30.720783,39.447132,44.47593
22.370823,23.323996,36.6345,12.78057,16.10885,25.05092,16.437857,14.537828,20.49428,19.345825,9.092998,35.735844,17.391516,12.466047,28.716185,8.421528,11.301659,39.63804,16.203375,12.589604,35.348053,18.772392,53.135162,12.483763,28.552322,24.506334,44.595764,18.672482,27.70934,22.146605,30.865944,39.767174,44.426086
22.179918,23.832058,36.366917,12.784319,16.063248,25.046844,16.429548,14.537828,20.159597,19.096012,9.065899,35.140625,17.182388,13.025461,29.182047,8.209045,11.302627,40.173187,15.735053,12.596103,34.832478,18.923077,51.149178,11.76136,29.834095,25.177301,44.243755,18.230455,28.031586,22.149895,30.964378,39.83279,44.104053
21.735958,22.770754,35.20597,12.791249,15.6204405,25.055546,16.167942,14.537828,20.262026,18.811258,8.594768,35.429626,17.098774,13.408341,29.001495,8.233208,11.314158,40.17332,17.011766,12.599235,34.424854,19.021032,49.86036,10.604616,30.888987,25.019331,45.92866,18.516043,28.634205,22.147924,31.467966,39.48415,43.89926
21.519733,20.575308,35.391735,12.818239,14.872787,25.057238,16.084986,14.537828,20.569876,18.149546,9.018067,35.2061,17.296892,13.433869,28.271305,8.587561,11.30314,39.31671,18.394533,12.614938,35.121933,18.95342,48.66289,10.695763,32.25165,23.766375,48.269283,19.24867,29.538595,22.145933,32.35566,39.21108,44.69565
21.730247,19.898851,36.509396,12.825678,14.418304,25.056023,16.229092,14.537828,20.301413,17.726686,10.185854,33.41752,17.984476,13.0572195,28.431967,8.555606,11.288317,39.201984,17.810284,12.616542,35.268284,18.963242,49.25496,11.735074,32.327995,23.366722,50.473114,18.807428,29.616226,22.14604,32.775284,39.27948,44.973576
21.907108,18.6939,37.250072,12.829627,13.723492,25.059261,16.262177,14.537828,20.06526,16.659725,10.807161,32.898865,17.830648,12.110425,28.0079,8.652774,11.285278,38.376938,17.950605,12.601847,35.59008,18.952019,51.595676,12.460937,31.220026,23.286634,54.046467,18.856058,29.457703,22.141954,33.269585,39.06425,45.26191
22.370558,19.735052,38.29457,12.826328,13.215781,25.05938,16.893639,14.537828,19.597204,17.222454,11.617315,31.08813,19.986336,11.423424,28.54875,8.569477,11.266167,37.905212,17.299984,12.606699,35.894215,18.789795,53.831383,13.624738,28.853716,22.966524,53.70564,16.605913,29.502413,22.14009,32.164574,39.722908,44.814686
22.726105,18.841621,37.132538,12.84468,14.047201,25.066568,17.437511,14.537828,20.162542,17.920683,9.985049,31.518606,22.120382,12.1884985,28.195,8.518916,11.246888,36.35826,19.955706,12.635303,36.763496,18.421883,54.741947,14.292846,27.727327,22.903372,51.842922,16.22625,29.739096,22.134083,30.885735,41.272667,44.748222
22.621899,17.28931,35.30805,12.852234,14.579326,25.076645,17.074142,14.537828,20.721258,17.853016,9.044946,32.413746,22.668018,13.236723,28.0521,8.544556,11.2494755,35.80654,22.498543,12.650476,36.70942,18.369621,52.959473,13.435226,28.95843,22.970846,52.49452,17.242268,30.719288,22.12878,31.13244,41.720608,44.83466
22.568674,17.076769,35.157246,12.853252,15.921692,25.059404,16.893766,14.537828,21.161507,18.154598,8.750561,33.1914,22.148857,13.753214,28.100266,8.578373,11.245261,36.009342,22.069656,12.663307,37.014336,18.45188,48.488274,13.035926,30.906301,23.21171,50.786503,18.588684,31.316046,22.131271,31.409216,41.787933,45.327244
22.531223,16.630264,36.234325,12.86719,15.763051,25.0439,16.56151,14.537828,20.950878,18.207193,9.522114,32.76026,21.927282,14.098817,28.486599,8.825866,11.239646,36.09995,20.80244,12.672995,37.370907,18.633232,44.207775,12.751888,33.548016,23.267067,50.334396,19.13349,32.443268,22.13604,31.86432,41.289623,45.764072
22.493649,16.163166,37.266586,12.863908,15.493047,25.03592,16.06436,14.537828,20.43563,17.812178,10.985437,31.871386,20.802824,14.291714,28.914944,8.730025,11.244992,36.24047,19.010262,12.666728,37.09962,18.871874,42.84454,12.712033,35.34827,24.578463,50.5952,19.502403,32.203705,22.139456,32.147846,40.8471,45.642017
22.703686,17.036776,38.31478,12.850072,14.898866,25.039595,16.058355,14.537828,19.77342,17.708672,11.499937,30.236696,21.5197,13.628208,29.955647,8.694332,11.249123,36.588703,18.201443,12.652496,36.951332,19.014156,43.61836,12.836457,34.31483,24.790081,52.162434,17.724604,32.57103,22.139393,31.645452,40.755383,45.133396
22.898514,17.198822,39.33855,12.839729,14.056556,25.044767,16.166447,14.537828,19.116667,17.503141,11.284326,28.829393,21.95144,12.531142,30.146263,8.790678,11.255332,36.401093,18.220762,12.633096,36.815994,19.206652,45.19247,13.029698,32.479183,24.80057,57.808292,16.599277,32.766624,22.13435,31.71937,40.43552,44.84062
22.688162,16.369509,39.855286,12.839561,14.598465,25.037184,16.243155,14.537828,19.561783,16.748648,11.559424,29.143606,21.961203,12.224906,29.565626,9.024699,11.250124,36.0807,18.30327,12.635799,37.201416,19.099762,44.398335,13.507013,32.120647,24.297188,60.00805,16.798368,32.851276,22.13044,32.228077,40.265656,45.299923
22.656101,15.934633,41.232994,12.842604,14.846416,25.029737,16.195591,14.537828,20.288403,15.955847,11.731834,30.608839,22.276106,11.246161,28.306086,9.426897,11.243329,35.167206,19.205038,12.631023,38.565956,18.909883,45.802505,14.3579035,29.980927,23.222824,63.488052,17.845514,32.80965,22.123442,32.90579,40.026623,46.790054
22.6218,15.597098,42.424496,12.8568125,14.29127,25.021479,16.04768,14.537828,19.951202,15.717771,12.955475,30.229057,21.40528,11.533329,28.369007,9.420482,11.23462,34.955875,17.664654,12.627975,39.023525,18.993542,44.534966,14.20144,31.972685,23.744087,63.22962,18.363539,33.07535,22.130247,33.510906,39.581127,47.38563
23.176773,16.845493,42.422726,12.853022,13.146482,25.033642,16.094625,14.537828,18.987852,17.233595,13.153216,28.264637,21.036068,11.534284,29.460928,8.795707,11.236878,34.969322,17.194527,12.62101,38.421623,19.176558,47.937283,14.385707,31.389563,24.811012,61.242588,17.756208,32.54773,22.13484,32.568863,40.18052,46.655907
23.230959,16.904684,42.830246,12.861112,12.533179,25.037132,16.04446,14.537828,18.404463,17.632902,13.686966,27.885046,20.74848,11.319152,29.682577,8.688133,11.2363205,34.793938,16.928354,12.613326,38.479107,19.28483,48.645588,14.379147,31.259773,25.235094,61.29735,17.904902,32.554405,22.136593,32.475616,40.135952,46.587914
23.086681,17.067879,42.78189,12.872309,12.23387,25.033075,15.986163,14.537828,18.535109,17.524124,13.797898,28.518627,20.69295,11.713845,29.390905,8.960446,11.231276,35.321068,16.760103,12.620103,38.538326,19.315289,46.66084,14.04205,32.723495,24.578531,59.44571,18.264404,32.878105,22.141638,32.823612,39.72058,46.903313
23.267218,18.718489,41.040894,12.852473,12.570436,25.043133,16.138147,14.537828,18.445375,18.205322,11.704098,28.412882,21.398428,11.884567,29.768648,8.744002,11.24557,36.588997,17.50721,12.621226,37.156326,19.444439,47.151577,13.659698,31.860512,24.482069,57.864643,17.543781,32.22212,22.14261,32.128765,40.085175,45.724003
22.498564,18.00438,40.382076,12.872267,12.490025,25.042456,16.13722,14.537828,19.353365,17.54655,11.281449,30.297564,20.315832,12.548059,28.884136,9.263205,11.253716,37.439167,17.6773,12.624644,37.173233,19.298418,44.62749,13.01865,34.171135,23.017557,55.512825,18.60631,32.152897,22.150146,33.12226,38.941547,46.256493
22.082441,17.904352,40.273037,12.880747,12.376579,25.040855,16.25426,14.537828,19.8338,17.353853,11.219895,31.49349,19.815834,12.440679,28.240112,9.625774,11.251958,37.550972,18.055407,12.628898,37.4904,19.074347,44.75169,13.202124,33.9315,21.953146,54.164646,19.013397,32.023666,22.150957,33.36012,38.718575,46.70635
21.834055,16.968483,39.822277,12.849006,12.877841,25.04756,16.214195,14.537828,20.630758,17.231232,12.485446,31.742268,20.141956,11.905417,28.302164,9.774666,11.261682,37.144745,18.086332,12.615292,37.5493,18.74221,47.064697,13.81595,31.72572,21.787094,55.294266,18.484543,31.784075,22.139378,33.07368,38.625076,46.288776
21.50085,15.687911,39.11987,12.839535,12.8874855,25.052713,16.132847,14.537828,21.339737,17.713778,13.850606,31.739197,21.147354,12.295244,28.506996,10.017902,11.260251,36.681385,18.59457,12.622269,37.675392,18.456745,46.616898,13.774047,31.215956,21.297438,56.462227,17.823435,32.68363,22.127235,32.839733,38.598465,45.96007
21.62488,15.644981,39.402225,12.8436575,12.856884,25.04957,16.188738,14.537828,21.312761,18.180912,14.505833,31.754463,21.748,12.248344,28.668724,10.118891,11.251448,36.262962,18.324467,12.627567,38.100983,18.352055,46.382572,13.962987,30.88853,21.132437,55.688324,17.354275,33.357536,22.124662,32.453598,38.7618,45.98178
21.718506,15.79472,39.081364,12.837875,13.310509,25.04998,16.292677,14.537828,21.172106,18.668083,14.295569,31.999414,22.460327,12.051313,28.994642,10.147492,11.254491,36.114655,18.161068,12.627481,38.15678,18.300776,46.096672,13.855665,30.23112,21.41017,54.128998,16.757101,33.409206,22.123863,31.629427,38.941616,45.378666
21.561401,15.297585,39.155376,12.821762,14.212922,25.047756,16.408659,14.537828,21.209612,20.261595,15.131093,32.25667,23.971067,11.587683,29.418894,10.550638,11.250913,35.477604,17.697767,12.62757,38.779335,18.112543,45.170547,13.947982,28.609272,21.711824,52.9919,15.888813,33.95824,22.116009,30.20369,39.13899,44.459743
21.683138,16.41888,39.659477,12.81846,14.477085,25.041021,16.496881,14.537828,21.061172,20.997942,14.703914,32.521023,23.86201,11.148801,29.3643,10.664593,11.247504,35.541073,17.503468,12.626837,39.152466,18.159855,44.086723,13.841762,27.953432,21.657616,51.288097,15.930961,33.920784,22.119896,29.708324,39.135704,44.413437
21.316334,15.865516,38.868134,12.815834,15.761415,25.03792,16.605879,14.537828,22.048866,19.904552,14.18854,34.076324,22.7559,11.313016,28.989725,10.561337,11.2579975,36.034016,17.322704,12.625074,39.037605,17.922825,43.96047,14.011173,28.386751,21.148071,49.732616,16.716127,32.967663,22.12146,30.237722,38.885406,44.84939
20.998983,15.229538,37.969322,12.83893,15.218609,25.046253,16.398634,14.537828,22.301634,19.179811,12.810085,35.11831,21.617365,12.147049,28.578543,10.596494,11.269542,36.544415,18.340899,12.627369,38.589783,17.988556,43.58358,13.339686,30.468431,20.765501,49.88656,18.074083,32.80303,22.126966,31.313553,38.427574,45.451958
20.91612,15.791643,37.775864,12.865763,14.409761,25.063614,16.527475,14.537828,21.69847,18.51384,9.380968,36.016747,19.417482,11.862204,27.588285,10.235887,11.288118,36.52508,19.800806,12.609792,38.118385,18.154083,48.557083,13.349518,30.162992,21.47906,48.758118,19.74142,30.005318,22.144287,31.912819,38.375145,45.921345
21.100792,15.706814,38.984543,12.891859,13.352018,25.060434,16.378061,14.550263,21.059013,17.76866,9.490486,35.480644,18.607512,11.730658,27.063696,10.158577,11.282221,36.217144,19.784986,12.609076,38.314068,18.376007,48.74885,13.788078,31.075287,21.668245,49.53588,20.555872,29.710562,22.151773,32.553402,38.246834,46.629566
20.998873,16.413399,38.33969,12.900643,13.536397,25.048603,16.093126,14.537828,20.56832,18.053606,9.649943,35.198593,16.673048,13.028967,27.254803,9.64129,11.283994,37.48684,18.122478,12.617521,37.38126,18.862999,44.58726,12.29589,35.172943,22.60932,49.232887,21.613314,29.995924,22.158838,33.51545,37.870018,46.528706
20.998058,15.957213,37.891933,12.900361,13.397569,25.047632,15.800974,14.537828,20.494951,17.850365,10.067643,35.46667,16.332785,13.268066,27.319977,9.734096,11.290652,37.599865,18.06581,12.617995,37.0888,18.942581,42.878548,11.875632,36.03237,22.85962,49.851055,21.952988,30.499182,22.156153,33.698822,37.606533,46.337337
21.079441,18.286436,38.300636,12.90641,12.502322,25.042522,16.032597,14.537828,19.850657,17.473398,9.454141,35.612865,15.293237,12.619856,26.937382,9.472187,11.282052,38.313908,17.820112,12.617568,36.85693,19.116903,44.970306,11.693264,35.07231,22.056126,50.523453,21.76997,30.21733,22.159605,34.173504,37.778645,46.841263
20.721579,20.262348,38.071754,12.890971,13.020417,25.041992,16.576372,14.537828,19.629213,18.183168,8.826791,36.67605,16.033901,11.8496275,27.557407,9.823454,11.289248,39.420868,17.163254,12.617415,36.620857,18.904314,44.803757,11.28482,32.856094,21.633451,48.354176,20.4496,30.131512,22.160364,33.260902,37.778652,46.212193
20.755802,19.658617,36.861168,12.844018,13.900917,25.058899,16.988512,14.537828,19.723143,18.784624,8.009184,36.69089,18.787193,10.842918,28.551542,10.11986,11.310109,39.031086,17.831453,12.593709,36.40281,18.635218,46.728054,11.179553,29.138025,22.150778,50.009983,18.095154,30.03976,22.148203,31.63751,37.948303,44.483837
20.79405,18.340172,35.82646,12.838132,13.246154,25.07156,16.799328,14.537828,20.231092,19.493101,9.339948,36.159805,21.447716,11.246041,29.008917,10.4405775,11.299693,38.124126,19.953714,12.60894,36.880833,18.367693,46.00556,11.0947485,28.088823,21.148449,51.626587,16.717447,32.022438,22.131943,30.737423,38.43292,43.989487
21.065546,18.348375,35.706863,12.826381,13.0171175,25.074924,16.483194,14.537828,20.217518,20.036129,10.557538,35.48022,22.169518,11.517696,29.595118,10.331264,11.300213,37.868748,19.932884,12.606537,36.88447,18.41396,45.806885,11.11443,27.9068,21.473566,51.132057,16.122046,32.868286,22.127209,30.179197,38.619396,43.55343
21.442892,17.413824,35.3704,12.8286085,12.503755,25.084929,16.121473,14.537828,20.351671,20.212095,11.246998,34.404762,23.34746,12.142646,29.842907,10.245305,11.295667,37.269165,21.520548,12.614193,37.007854,18.505846,45.561073,11.215249,28.257017,21.397558,53.320065,16.134771,33.90698,22.120354,30.128996,39.01328,43.55815
21.17183,17.374321,34.941128,12.825943,14.084163,25.074427,16.227638,14.537828,20.957056,19.462399,10.374984,35.40635,22.781357,12.389277,29.43486,10.120935,11.294838,37.77933,21.587938,12.624583,36.995354,18.471674,43.524723,11.134852,29.067316,21.296427,52.2938,16.96845,33.24535,22.124052,30.498692,39.19515,43.963017
20.930344,16.653587,35.60529,12.816964,14.75144,25.06365,16.266764,14.537828,21.41718,19.109777,11.215663,35.83231,22.59224,11.742343,28.915726,10.42315,11.28918,37.451256,21.292374,12.624515,37.60998,18.326687,43.001236,11.779433,28.306831,20.963467,52.9106,17.414156,32.967323,22.120665,30.64611,39.072395,44.3725
20.332901,16.111738,37.04313,12.811102,15.173054,25.04791,16.291025,14.537828,21.722921,19.037428,13.130926,35.59212,21.974874,11.504169,29.071564,10.806477,11.290425,37.88803,18.795174,12.619568,37.790527,18.224184,40.736126,12.041486,29.200603,20.852007,52.462837,17.543577,32.96909,22.122257,31.165682,38.137135,44.55364
20.398663,15.47353,37.832867,12.814954,15.198402,25.04252,16.292233,14.537828,21.869314,18.947407,13.755316,35.43747,21.931479,11.407716,28.904627,11.006382,11.282889,37.41547,18.075155,12.619728,38.153275,18.151358,40.66711,12.617864,29.438477,20.825148,52.804688,17.6541,33.2093,22.120924,31.32521,37.973007,44.826157
20.612955,15.185109,37.79611,12.831454,15.572569,25.033863,16.265596,14.537828,22.390099,18.886124,13.667979,36.127155,22.132063,12.050847,28.446487,11.097537,11.26207,36.980328,18.903908,12.641321,38.825558,18.057867,38.443512,12.978777,30.500074,20.256964,51.60743,18.494967,34.271027,22.120155,31.560762,38.524765,45.73527
21.029451,14.721196,38.516953,12.8464365,15.004092,25.033808,16.175549,14.537828,22.14503,18.589146,13.193492,35.48458,22.233387,12.274724,28.334072,11.067533,11.258032,36.672077,18.89345,12.640822,38.842327,18.234991,38.69398,13.19658,31.40768,20.476297,54.283524,18.664045,34.46492,22.120625,32.085865,38.360466,46.03131
21.151524,13.900466,38.930874,12.845188,15.013657,25.039762,16.38178,14.537828,21.621876,20.128992,13.49351,35.343605,23.724464,11.659133,28.702639,11.494893,11.249915,35.362125,18.631466,12.636315,39.635685,18.0661,39.893654,13.374265,29.637003,21.173891,53.965748,17.512177,34.849564,22.114656,30.50672,38.611423,45.09224
21.576502,12.945052,37.618603,12.846741,15.879397,25.043137,16.261055,14.537828,22.152462,19.459759,12.01765,37.15607,24.156635,11.413335,27.806776,11.547888,11.245225,33.87523,21.2888,12.641974,40.678085,17.881735,40.476097,13.841473,28.478888,21.102882,53.35729,18.886133,35.19812,22.109438,30.278131,39.624992,45.89206
22.04649,12.505159,37.045845,12.863044,15.480231,25.053932,16.67072,14.537828,22.010933,19.80584,10.767331,37.038044,25.273243,11.117813,27.813263,11.410936,11.243566,32.59437,22.25568,12.637911,41.132927,17.604057,43.951347,14.523687,26.856403,21.165071,52.026127,18.366709,34.866116,22.108906,29.540556,40.252087,45.686905
22.228577,12.444165,35.88269,12.850861,15.810592,25.072712,16.786598,14.537828,21.608889,19.913876,9.72015,36.5403,24.503803,11.098308,28.544725,10.755113,11.269191,32.72053,22.077703,12.621315,40.12646,17.667854,48.00444,14.407641,25.733545,22.071344,51.270386,17.20163,33.022114,22.108242,28.482073,40.445503,44.09507
22.120289,12.834319,35.079105,12.8482,15.776713,25.083382,16.865236,14.537828,21.399065,19.521988,9.026971,36.435318,23.689428,11.42883,29.004496,10.3417,11.287313,33.577206,21.839163,12.613387,39.00606,17.801147,49.429146,13.788929,25.985575,22.288807,51.643658,16.60429,32.04995,22.110806,28.614708,40.204205,43.380116
21.995865,13.60184,35.446667,12.838866,15.603761,25.07927,16.64427,14.537828,21.399857,19.196777,8.899653,36.42414,22.832499,11.282135,28.74978,10.258558,11.293148,34.408783,21.35068,12.606301,38.476673,18.016329,49.239735,13.563244,26.49345,22.401932,52.327663,17.305399,31.47202,22.115578,29.302217,39.72266,43.662773
21.85265,15.051198,34.855484,12.822974,16.1267,25.073317,16.733315,14.537828,21.192158,19.01141,8.585784,35.673347,22.30764,11.672991,29.137049,9.692919,11.297964,35.78863,20.525335,12.609836,37.362083,18.320099,47.357357,12.817295,27.3677,22.716629,52.39073,16.839169,31.022005,22.119202,29.519989,39.804752,43.08775
22.068438,16.602108,35.680336,12.827082,16.535824,25.050135,16.351194,14.537828,21.719477,19.785059,8.640238,36.15919,22.66591,12.167606,28.543886,9.733249,11.271877,36.191463,20.86514,12.633986,38.05066,18.51682,42.593,12.948262,28.938549,22.227203,50.050507,18.951382,32.16757,22.124166,30.011333,40.12643,44.514214
22.178429,15.6443405,36.343155,12.84211,16.854733,25.036842,15.950907,14.537828,22.730534,19.476902,9.648403,37.341278,24.195536,12.398286,28.086702,10.084321,11.257993,35.608116,21.157644,12.643934,39.237076,18.340822,39.411785,13.55465,30.218267,21.420092,48.529808,21.085663,33.4701,22.125654,31.047714,39.92851,46.11252
22.47682,14.670875,35.843933,12.847654,17.176767,25.048008,16.314827,14.537828,22.938944,19.706259,9.840113,37.161697,25.185083,11.956574,28.23418,9.985039,11.252075,34.155342,21.795282,12.637957,39.84588,17.9029,42.353497,14.276808,28.2395,21.118238,46.76015,20.084757,33.6827,22.121183,30.323448,40.350155,45.691837
22.22415,14.006778,36.357723,12.865806,17.092209,25.046978,16.884474,14.537828,23.316824,19.157171,10.047936,36.981033,25.297182,11.747136,27.728981,10.130349,11.240789,33.536728,22.0283,12.637282,40.592,17.562653,43.590904,15.059856,27.74921,20.216354,46.108746,19.834757,33.554,22.12457,30.93648,40.33916,46.38514
22.34253,14.223508,37.109093,12.867644,16.217287,25.053194,17.155474,14.537828,22.763977,19.116203,10.681904,35.346325,24.805122,11.627082,28.082705,10.006182,11.2397175,33.429016,21.464884,12.63637,40.44114,17.557549,46.278236,15.5253105,27.113232,20.417648,47.200264,18.21202,33.0604,22.124475,30.409039,40.40374,45.93035
22.37938,14.556373,37.66879,12.858003,15.537178,25.06148,17.026901,14.537828,22.226389,19.237679,11.290238,34.163433,24.252275,11.487967,28.47999,9.836339,11.2492485,33.65393,20.816034,12.628544,39.86888,17.689196,48.875996,15.751848,26.413755,20.924982,48.030315,17.04667,32.106926,22.12313,29.76593,40.223854,45.127266
22.733381,15.163091,37.951595,12.837186,14.573156,25.073006,16.352926,14.537828,21.883844,20.26426,11.876921,34.176346,23.672829,10.777656,28.823769,9.896237,11.275183,33.619747,20.696459,12.6038265,39.669598,17.842985,51.26498,15.592214,24.558615,21.31866,49.272705,16.923458,31.681364,22.118505,29.04698,39.562305,44.525444
22.754356,15.795255,38.762413,12.833735,14.263817,25.068224,16.099005,14.537828,20.801788,22.116493,12.472475,33.70538,23.40203,10.37736,29.201496,10.151617,11.272326,33.73659,19.622414,12.604491,39.819042,18.162941,48.75846,14.487577,24.801104,22.258461,49.08108,16.481213,31.894125,22.119415,27.966705,39.139008,43.491035
22.830942,16.252893,40.448048,12.846129,13.570326,25.050169,15.903855,14.537828,20.121088,21.08341,11.910264,34.097214,23.437107,9.91599,28.514603,10.560797,11.264808,33.7355,18.840267,12.602893,40.58858,18.443932,45.310566,13.964417,26.564756,23.228138,48.835167,17.98099,31.589708,22.134413,28.613522,38.762207,44.66073
22.749266,15.551802,40.36901,12.818108,15.053575,25.04169,15.603639,14.537828,20.019093,19.795527,12.458575,33.81565,22.246298,9.739872,28.467667,9.897023,11.268768,33.421703,17.747412,12.592655,40.872223,18.601473,45.102722,13.996103,27.311844,25.09843,47.35518,18.431065,30.010695,22.137411,28.219526,39.090435,44.45047
22.585846,14.836353,39.850487,12.79354,15.721477,25.041794,15.43225,14.537828,20.738684,19.879745,14.952026,33.647892,20.886585,10.187592,28.808636,9.674159,11.27802,33.510433,16.478725,12.585979,40.49578,18.525333,44.998882,14.264604,27.64453,25.523218,47.641884,18.2812,30.112148,22.129232,28.278822,38.8805,44.089176
22.41554,14.378258,39.243736,12.797678,16.573803,25.04207,15.3576145,14.537828,22.203802,19.890888,15.553813,35.53907,21.279327,10.305219,28.192945,9.8407755,11.277866,33.48123,17.128386,12.587304,40.89499,18.097792,45.742966,15.028248,26.661566,23.870417,44.73129,19.343967,30.419231,22.125349,28.747429,38.62954,44.849396
22.540722,15.297955,38.204315,12.789278,16.475958,25.049452,15.532437,14.537828,21.53181,19.147081,14.839314,35.45945,20.251562,10.721295,28.615625,9.158228,11.2931595,34.422234,16.745377,12.580704,39.42527,18.291157,48.464783,14.821331,26.597216,24.885635,44.805508,18.386587,29.106073,22.126396,28.730303,38.97684,43.93545
22.026888,15.051448,36.34958,12.814382,16.10337,25.052534,15.275125,14.537828,21.607176,18.094109,13.983778,36.819107,18.046825,13.030211,28.17673,8.729461,11.300084,35.430584,17.145359,12.595398,37.83928,18.55178,47.263554,13.575034,31.02156,25.746243,44.92058,20.681124,29.379387,22.132748,30.852398,39.100994,44.85518
21.886717,14.901942,36.633,12.84908,14.869959,25.056793,15.251329,14.537828,21.005766,17.5863,14.634488,36.25258,17.71023,13.38399,28.110228,8.605743,11.288675,35.486748,17.827332,12.609767,37.704803,18.66029,47.287655,13.396917,32.19381,24.94725,46.59856,20.739067,30.315374,22.133863,31.83429,39.086758,45.407513
21.172428,15.720303,36.078896,12.858456,14.325054,25.0554,14.985975,14.537828,21.268364,17.80792,16.647419,38.201164,15.269593,13.856297,27.908236,8.893639,11.303022,36.876682,17.029158,12.607486,37.198524,18.586857,45.251743,12.603212,32.76612,24.4603,44.197334,21.595182,31.036348,22.133488,32.590008,38.292713,45.689346
21.015642,16.889355,36.469677,12.8469,13.892752,25.055767,15.071696,14.537828,21.251213,17.997135,17.456362,38.254078,15.296761,13.438269,28.238913,9.044647,11.307159,37.60205,16.465345,12.598498,37.04143,18.50908,45.78406,12.652263,31.389662,24.22158,43.38991,20.93362,31.035185,22.132515,32.377476,38.113125,45.52171
21.293201,17.351496,36.772705,12.841041,12.992249,25.055952,15.23246,14.537828,20.998266,17.694847,17.679674,37.705555,16.043652,12.951602,28.272755,9.177169,11.301683,37.505623,16.680775,12.59262,37.029938,18.473188,47.175106,12.981352,30.259155,24.310707,44.79067,20.405157,31.10356,22.130476,32.28507,38.32592,45.569775
21.65866,17.06208,38.059566,12.834392,12.239866,25.056099,15.418413,14.537828,20.632883,17.763601,17.655012,35.655975,17.65629,12.095295,28.706455,9.367443,11.292471,37.02944,16.42755,12.587502,37.44257,18.55623,47.83525,13.60534,29.650057,23.713009,48.29949,19.329922,31.486444,22.128918,32.09334,38.218376,45.509388
21.939386,16.893787,37.087837,12.817306,13.380356,25.053326,15.408947,14.537828,20.783377,17.128492,17.258116,35.121437,17.351948,13.3046055,28.592312,8.647673,11.296083,37.139904,16.24309,12.586978,36.413174,18.731665,48.46921,13.765585,31.040552,26.05906,47.980335,20.221794,30.169115,22.131002,32.47574,39.01945,45.224464
22.311409,16.555607,36.774746,12.810353,13.722783,25.063442,15.572554,14.537828,20.484535,17.303713,16.709929,33.81853,19.41042,13.119771,29.320972,8.333396,11.294364,36.569397,16.927687,12.586342,36.168297,18.715414,50.358868,14.228663,29.584576,26.394527,48.668385,18.643991,30.046543,22.12591,31.50125,39.69731,44.229828
22.483795,15.668752,37.19334,12.823616,13.35541,25.065477,15.739735,14.537828,20.46208,17.423725,16.360651,32.793934,21.213858,12.834168,29.513334,8.541433,11.277904,35.60876,18.00329,12.602634,36.87537,18.57636,50.36883,14.793531,29.141842,25.242033,50.191624,17.707024,31.100819,22.120941,31.079674,40.15161,44.315456
22.236124,14.55908,36.466698,12.833802,13.048315,25.066963,15.587016,14.537828,20.69694,17.794994,16.679363,32.7395,22.20049,13.29497,29.980892,8.902448,11.27521,35.12434,18.967669,12.624479,37.266403,18.444902,46.476875,14.027031,30.535347,23.948765,50.49827,17.000175,33.297443,22.115831,30.936935,40.11171,44.254154
22.118067,13.260015,36.97569,12.846052,12.22227,25.064117,15.700824,14.537828,21.24266,17.04794,16.180902,32.25146,21.13623,13.202513,29.144215,9.203321,11.265244,34.41995,19.369762,12.627117,37.61887,18.298489,47.60013,14.6587925,31.122725,22.833094,55.715935,17.788486,33.41861,22.111515,32.25517,39.805153,45.398834
22.124517,12.331088,35.226234,12.8411665,12.543692,25.075108,15.689172,14.537828,22.473766,17.27001,14.545689,33.43186,21.617086,13.7375345,28.14794,9.459622,11.26356,33.64334,22.79515,12.639003,37.898632,18.019754,48.653526,14.94517,30.227373,21.83041,58.07329,19.274324,33.70459,22.102097,32.73685,40.440052,46.15169
22.101698,12.053675,34.36004,12.8446245,11.7987585,25.085094,15.625265,14.537828,22.615032,16.879978,13.2832985,33.7571,21.994144,13.705903,27.449133,9.680958,11.261769,33.30125,26.163517,12.649049,38.08601,18.030695,48.812126,14.706132,29.35817,21.167244,62.01715,20.060024,33.991585,22.096975,33.233788,40.90457,46.746056
22.175167,12.310115,34.951775,12.846218,11.986897,25.078255,15.645369,14.537828,22.732794,16.928947,12.762183,33.761395,22.2798,13.486486,26.957695,9.718927,11.251584,33.222076,26.686382,12.654937,38.45676,18.087336,48.425983,15.104232,29.18938,21.11195,62.196407,20.889513,33.792797,22.099693,33.472687,41.16767,47.34844
21.879047,12.462598,35.38181,12.84359,12.087155,25.071905,15.56661,14.537828,22.934278,17.11013,13.378466,34.360977,21.72391,13.296843,26.667147,9.976234,11.249278,33.698986,25.769035,12.650663,38.639214,18.065979,47.301804,15.055129,29.623924,20.754843,60.61682,21.363504,33.61198,22.102953,33.667408,40.591537,47.49107
21.844421,12.314863,35.90828,12.85091,12.388573,25.060387,15.61383,14.537828,23.128384,17.2812,14.020612,34.581696,21.777716,13.263879,26.620275,10.201757,11.239285,33.53109,24.52569,12.652859,39.078796,17.941278,45.842175,15.434871,30.199072,20.381582,58.654816,21.373161,34.244576,22.104416,33.694607,40.39851,47.823185
22.39104,12.423864,35.129242,12.859249,12.144214,25.073126,15.7408285,14.537828,22.662418,17.80086,13.6373415,34.29756,23.318546,13.153902,27.159092,10.033418,11.236794,32.45658,25.899988,12.653684,39.288387,17.801619,47.537304,15.617515,28.759027,20.561474,56.865658,20.55758,35.352367,22.103048,32.828358,41.231606,47.52454
22.531515,13.621533,35.066048,12.862437,12.231171,25.072191,15.727537,14.537828,21.83115,17.636229,13.457391,33.629208,22.887754,13.830565,28.363224,9.54806,11.250549,33.68208,24.279783,12.651882,38.276634,18.173399,45.39251,14.390454,30.853252,21.791914,55.068783,19.680056,35.256454,22.112286,32.55883,41.066036,46.59955
22.367601,14.489363,35.275356,12.85864,12.158908,25.071447,15.761502,14.537828,21.432604,17.280294,13.285763,33.147076,22.050793,14.059261,28.720098,9.296762,11.261174,34.85437,22.952776,12.648326,37.351788,18.407097,45.329536,13.890279,31.775776,22.35269,54.806103,19.192198,34.152035,22.118528,32.615917,40.69387,45.96555
22.345663,14.615568,35.827423,12.859447,12.350679,25.064749,15.86368,14.537828,21.240473,17.043486,12.99163,33.174572,21.897207,13.721273,28.659904,9.40262,11.261959,34.87774,22.203062,12.645554,37.453747,18.44713,44.94773,14.039056,31.778986,22.578667,54.288082,19.107113,33.75998,22.121376,32.422775,40.549114,45.86339
22.332527,14.746986,34.897022,12.844779,13.241776,25.06355,16.029795,14.537828,21.212162,17.014103,13.186109,33.275566,22.44821,13.896625,29.113768,9.171045,11.267761,34.987892,21.813627,12.65,36.942505,18.381622,44.29398,13.8178215,31.283684,23.34598,52.83237,18.181557,33.564297,22.118006,31.67917,41.05029,44.888523
21.932049,14.567786,34.52607,12.83327,13.771519,25.055487,15.859204,14.537828,21.405243,16.715569,14.712301,33.30025,21.829723,14.526068,29.28556,9.242634,11.276243,36.077194,20.960379,12.659039,36.24894,18.454466,40.808624,13.415602,32.86432,23.557291,52.127674,18.381243,33.561123,22.11829,32.11275,40.78367,44.5869
21.531586,14.658509,35.93013,12.843616,13.606294,25.039146,15.908611,14.537828,21.39711,16.141703,16.505955,32.488934,21.466276,14.552429,29.32466,9.590568,11.261889,37.036537,19.720572,12.671654,36.38428,18.46083,37.021996,13.726997,34.4359,22.8064,51.98185,18.372879,34.24381,22.1232,33.0176,40.416725,45.239235
21.586508,14.61025,35.73539,12.8437195,13.257226,25.036095,15.437989,14.537828,20.789417,15.659204,17.864979,32.625095,19.656956,15.184294,29.734463,9.23453,11.284142,37.189655,18.556932,12.6650915,35.472824,18.698145,35.585835,13.187794,35.985603,24.711946,50.220848,18.771105,34.058426,22.126034,33.118923,40.245846,44.61901
21.69938,14.440501,33.545536,12.842857,13.24301,25.054161,15.304927,14.537828,21.05684,16.622515,16.793064,33.332977,20.584942,16.060368,29.949316,9.031191,11.297548,37.124596,21.177004,12.675108,35.0484,18.615755,35.87606,12.327178,35.763588,24.773827,49.642506,19.012682,34.0295,22.12291,32.667416,40.753666,44.045536
21.977787,14.189242,34.485397,12.829295,13.775772,25.049803,15.260071,14.537828,20.852205,16.954601,17.904942,31.48869,22.452576,16.070349,31.079966,8.765422,11.288689,36.799458,20.639141,12.681078,35.22093,18.651949,34.87363,13.125404,35.359287,25.443584,50.045017,17.91267,34.693054,22.11859,32.003353,41.551437,43.757336
22.346142,13.535982,34.547882,12.823606,14.240965,25.056252,15.267991,14.537828,20.82666,17.089645,17.860786,31.468674,22.49191,15.731447,31.230968,8.483002,11.291371,35.865395,20.267656,12.666345,35.3655,18.593147,38.43441,13.80661,34.019104,26.170488,50.600227,17.746655,34.13636,22.112247,31.44057,41.8387,43.462975
22.134125,17.522268,35.58793,12.8267,13.586089,25.050436,15.553385,14.537828,20.563738,17.373419,16.758741,31.340984,22.117838,15.303454,31.56882,8.214339,11.284616,37.583057,18.610699,12.657403,35.255707,18.819252,38.164295,13.017218,33.69804,24.978992,47.16196,16.465471,34.497517,22.127743,31.289492,41.139977,43.755127
22.080244,18.802717,36.080288,12.809856,13.411176,25.051693,15.477626,14.537828,20.054258,17.59279,16.94717,31.482656,21.103073,14.659048,31.987614,8.002357,11.303303,38.131348,16.842508,12.630869,34.988213,18.978895,40.027702,12.755357,32.614,25.689114,45.280876,15.434427,33.326794,22.131763,30.483326,40.470703,42.832844
22.422884,20.270546,36.910618,12.811321,12.428097,25.051083,15.742102,14.537828,19.393782,17.973186,15.69153,30.966959,21.328215,13.5887375,31.81606,8.099349,11.291456,38.161232,16.734932,12.622989,35.336872,19.096605,41.74311,12.694222,31.316788,25.030697,47.003883,14.756569,33.18241,22.134018,30.312815,40.304077,42.999725
22.671051,21.20732,38.489876,12.827194,11.609138,25.045723,16.134195,14.537828,18.480099,18.285053,14.679827,30.186758,21.985416,12.489502,31.411715,8.349327,11.266265,38.02728,16.321644,12.621272,36.16008,19.24199,43.075027,13.119064,30.631773,24.487476,48.120262,14.623207,32.768497,22.141115,30.341711,40.279797,43.56805
22.446476,21.76925,39.815025,12.827943,11.273907,25.034538,16.183321,14.537828,18.681747,18.377449,16.322165,29.044424,22.023127,12.584981,31.571018,8.539137,11.258335,38.840126,14.822012,12.629028,36.10876,19.304934,40.56721,13.35694,31.944513,23.500582,48.566307,14.78238,33.3468,22.146454,31.31682,39.689972,44.196144
22.38742,20.764896,40.291035,12.834943,11.554685,25.02716,16.116001,14.537828,18.977636,17.55877,16.859373,29.608288,21.117382,12.579523,30.95652,8.666655,11.253722,38.393238,14.635074,12.63024,36.527107,19.245352,40.496525,13.805973,32.608036,23.584934,48.98408,15.8130245,33.28615,22.146317,31.955538,39.61506,44.912968
22.10981,19.990765,40.528107,12.844044,12.148888,25.020967,16.12908,14.537828,19.54408,16.542393,17.041655,29.963703,20.275038,12.888316,30.602552,8.839715,11.249572,38.713524,14.518229,12.638826,36.532967,19.14276,39.233925,14.217571,33.797764,22.880138,49.66776,16.592844,33.449883,22.147282,32.922,39.510242,45.64261
22.262873,18.726799,38.947407,12.832385,12.5181055,25.043818,16.456602,14.537828,20.124548,16.969366,16.1702,30.48702,21.19906,12.5573,30.373598,8.556996,11.259971,37.853424,15.65647,12.623941,36.34668,18.784073,45.372562,14.922141,30.963657,22.829008,50.61308,15.883759,31.899487,22.136955,32.082504,39.818684,44.82037
22.357985,17.988293,38.050526,12.838523,12.625729,25.05832,16.720592,14.537828,20.172495,17.156212,14.435279,30.905025,22.011673,12.387204,30.199272,8.600714,11.265175,37.00677,17.194853,12.621203,36.57785,18.62701,47.83294,15.043073,29.591429,22.749779,50.90457,15.495957,31.357271,22.13452,31.348938,40.09233,44.417274
22.313503,16.8836,38.357433,12.838783,12.187709,25.064985,16.652657,14.537828,20.354464,17.303846,14.208911,30.494322,22.631691,12.125943,29.914764,8.860562,11.263442,36.29435,17.949028,12.616615,36.860092,18.552902,49.484585,15.608558,28.829979,22.406822,53.51124,15.766141,31.364271,22.129433,31.470226,39.97389,44.59867
22.052408,15.366464,38.807907,12.828258,11.824289,25.068357,16.40416,14.537828,21.402256,17.5116,16.690792,30.699896,22.42763,12.073024,29.330833,9.086018,11.26101,35.27989,18.197622,12.609281,37.50187,18.179754,52.464966,16.873035,27.305357,21.878014,54.724766,16.312012,31.441069,22.116823,31.760225,39.770004,45.16727
22.320473,15.369237,37.904766,12.83976,10.918397,25.081228,16.34475,14.537828,21.48995,17.515944,16.20311,31.402384,22.557596,12.227644,28.594357,9.080917,11.255441,34.322376,20.74017,12.6168375,37.777237,18.028448,55.19212,17.145245,25.727299,21.394972,54.68687,16.678827,31.771307,22.11174,31.622534,40.373062,45.580963
22.447182,14.750321,36.782032,12.846907,11.028433,25.093203,16.478588,14.537828,21.574497,17.519339,14.683386,32.220806,22.994621,12.170172,28.397535,9.133063,11.264565,33.45664,22.385933,12.616328,37.96698,17.873974,56.52628,17.13663,24.524801,21.183317,54.623447,16.393988,31.813303,22.107964,30.970491,40.647064,45.206074
22.653929,14.251695,35.812874,12.861569,11.285855,25.096947,16.94029,14.537828,21.585176,17.181364,12.955752,32.84476,23.420952,12.035041,28.16378,9.124259,11.267009,32.564445,23.591341,12.620695,38.282482,17.680397,57.144985,17.297712,23.613,21.030235,54.73969,15.930121,31.8514,22.105938,30.45604,41.188942,44.995304
22.461908,13.760308,34.9515,12.859368,12.572479,25.08645,17.144642,14.537828,21.85876,17.426893,12.454472,33.28074,23.652037,12.620754,28.424625,9.1575575,11.264226,33.011673,22.79117,12.633634,38.080345,17.691448,53.111374,16.276846,25.841867,21.262058,54.056763,16.096527,32.15415,22.107231,30.56372,41.176678,44.653347
22.388126,14.11898,34.631397,12.855279,13.65436,25.071613,17.359625,14.537828,21.492144,17.00593,12.665079,32.83939,23.00053,13.321837,28.903744,8.708196,11.263387,33.978046,20.858171,12.645087,37.18234,17.937197,49.654198,15.354415,28.382135,22.708508,52.78432,16.0805,31.498615,22.11341,30.77539,41.380314,43.96748
22.40122,14.168011,34.91511,12.837194,14.426969,25.061161,16.737251,14.537828,22.018896,17.434725,12.537279,33.791866,22.432579,13.223345,28.891306,8.944592,11.270136,34.035316,20.540602,12.640471,37.643436,18.036009,46.6784,15.05716,29.22423,22.681,51.364796,17.270159,32.113453,22.114931,30.853233,40.937065,44.417397
22.85957,13.761791,32.776966,12.842569,14.018703,25.092514,16.687555,14.537828,21.917364,17.880976,10.744764,33.821712,23.531895,13.798013,29.552588,8.697787,11.288776,33.311615,23.598406,12.639043,37.055492,18.009005,49.137295,14.525916,27.59418,22.535631,53.721092,16.300777,32.878624,22.104074,29.925474,41.624393,43.477737
22.924847,13.317247,33.596195,12.829651,14.006505,25.0918,16.163546,14.537828,22.144524,18.421925,12.375545,32.579067,23.954075,13.83032,30.35243,8.762405,11.292274,33.45441,23.418833,12.638556,37.133526,18.112051,47.682426,14.959894,27.631386,22.363388,56.544064,16.051485,34.200348,22.095758,29.910349,41.526424,43.690548
22.75597,12.84877,34.89201,12.821273,14.417727,25.084074,15.853308,14.537828,22.274143,19.019323,14.573735,31.647236,23.884668,13.919567,31.064354,8.820357,11.293109,33.801037,21.51613,12.636998,37.23895,18.137693,45.790142,15.291823,28.507868,22.453192,56.28815,15.780269,34.531982,22.094963,29.885786,40.984776,43.553226
22.54919,12.753346,35.67414,12.83009,14.221625,25.072004,16.08303,14.537828,21.786533,20.523643,15.278643,31.636438,26.03522,13.328293,31.192507,9.418774,11.265074,32.90195,21.403028,12.652432,38.4977,17.920046,43.281803,15.356021,27.623098,22.001442,54.152565,14.879902,36.41302,22.090881,28.839838,41.510357,43.44017
22.763702,15.312817,36.575577,12.828981,13.467545,25.056435,16.590391,14.537828,20.736837,21.004889,14.455266,31.005249,26.700373,12.14371,31.118778,9.291532,11.246231,33.029057,21.016758,12.650875,38.988995,18.039955,42.6936,15.29156,25.92241,22.430868,50.96984,13.867933,36.45227,22.098639,28.011309,42.19322,43.16787
22.861616,15.974338,36.7103,12.823794,13.363527,25.049793,16.27362,14.537828,20.802002,20.810144,14.531507,32.2724,25.84402,11.8415365,30.508192,9.417473,11.245289,33.070213,21.052198,12.641655,39.37787,18.131105,41.996147,15.06176,26.069988,22.710539,49.336918,15.356038,36.49018,22.103325,28.441824,41.94981,43.905807
22.881893,16.557163,37.453465,12.829521,12.880706,25.049002,16.183887,14.537828,20.143858,20.756168,14.446583,30.729067,26.222544,12.225914,31.125504,9.235104,11.235107,33.75521,20.643797,12.650468,38.81143,18.411236,41.173985,14.841648,27.27018,23.049206,51.514053,14.966571,36.72524,22.10691,28.885992,42.173,44.05571
22.65419,16.387236,37.355473,12.828261,13.1061945,25.047396,16.26888,14.537828,21.153027,20.186037,15.584136,30.454462,26.306261,12.891791,30.873705,9.164697,11.231982,34.27752,20.442537,12.660745,38.393513,18.257322,40.88243,15.217233,27.926882,22.169277,52.40906,15.281657,36.59912,22.106503,29.862104,41.889698,44.735966
22.383776,16.231258,37.930992,12.822002,13.369061,25.03998,16.139639,14.537828,21.26082,18.842735,16.57812,29.605843,25.28764,13.666898,30.8826,8.909628,11.234526,35.57048,18.788788,12.663339,37.393295,18.465954,40.24431,15.34868,30.415995,22.900183,53.121593,15.971324,35.223465,22.113516,31.044832,41.498775,44.929733
21.78365,16.42301,38.02187,12.8210535,13.220762,25.035255,16.068201,14.537828,21.5608,17.802504,16.714565,30.192835,23.614235,13.937118,30.222248,9.155414,11.242462,37.120758,17.93236,12.659264,36.79154,18.594183,38.723915,14.946272,32.36077,22.274155,53.684048,16.988434,34.240257,22.121582,32.39709,40.437122,45.34567
21.396324,16.53336,39.06614,12.821903,12.628865,25.031193,16.023527,14.537828,21.66435,17.801638,18.046095,30.083178,22.64771,13.717247,29.97603,9.407092,11.242832,37.77131,16.575264,12.648148,36.809784,18.589005,38.926956,15.149211,32.821022,21.744617,53.93518,17.377413,33.903034,22.124363,33.179848,39.551327,45.69792
21.263008,16.106585,39.115456,12.80894,12.892053,25.033531,16.465881,14.537828,21.590036,18.830023,17.494469,29.6561,24.959314,12.834439,29.83265,9.736952,11.236943,36.984283,17.424784,12.647232,37.209442,18.455542,40.426987,15.347535,29.999502,21.71393,57.270794,16.377678,33.80736,22.113747,32.192513,39.83804,45.038708
21.923695,18.657324,41.07782,12.802531,12.300099,25.029297,16.319628,14.537828,21.789536,21.436663,17.314318,30.444529,23.17939,11.771816,29.552553,9.974665,11.240735,36.608593,16.85761,12.628823,38.280117,18.536455,41.89315,15.570718,27.579138,20.561176,57.615593,17.173916,33.89781,22.115149,31.79561,38.939392,45.744602
22.393295,20.304396,41.769203,12.796548,12.166625,25.024231,16.351574,14.537828,21.587149,22.646059,17.107685,30.762938,22.840746,11.09944,29.58316,10.081984,11.245304,36.3164,16.555935,12.626419,38.661137,18.545294,41.72971,15.675293,26.03801,20.224108,56.35855,17.09594,33.806385,22.11691,31.089733,38.82431,45.618103
23.113552,20.301584,41.560932,12.826574,10.865836,25.029747,16.119553,14.537828,21.428886,23.430616,17.22224,32.07339,23.33436,10.378929,29.205887,10.224926,11.233234,34.696266,17.853851,12.629009,40.096733,18.264156,43.008152,16.062883,24.42154,19.106592,53.9444,17.64223,35.118828,22.114958,30.918226,39.174305,46.639427
23.357632,19.547302,39.92658,12.818152,11.233307,25.042583,15.995237,14.537828,21.264828,21.914423,15.877973,32.671,22.999609,10.573501,29.226309,9.898914,11.247321,34.557854,19.300838,12.616709,39.722336,18.354797,44.784817,16.073751,24.420706,20.246681,53.848495,17.977436,34.953434,22.112797,30.709143,39.85112,46.436413
23.363909,19.665003,38.104923,12.817674,11.152427,25.059792,16.025629,14.537828,20.830128,21.21777,14.072311,32.176796,23.136192,11.472921,29.548178,9.550512,11.2532,35.316742,21.101522,12.622322,38.41069,18.623585,45.071857,15.359272,25.195087,20.893295,55.985065,17.410595,34.88533,22.111862,30.614246,40.512276,45.85505
23.31086,19.436157,36.555748,12.822082,11.995988,25.064318,16.349146,14.537828,20.749945,20.685646,12.798803,31.880905,24.724953,11.90364,29.842966,9.221041,11.246012,35.354862,22.164934,12.640544,37.811466,18.534466,44.321407,15.185946,24.983423,20.973553,55.70754,15.798511,35.21285,22.107992,29.850683,41.48495,45.070824
22.987032,18.093824,36.60807,12.823069,11.976604,25.077501,16.248169,14.537828,20.76374,21.555634,14.295261,31.342691,25.228838,12.174455,30.341053,9.2631,11.256443,35.144905,21.88791,12.631424,37.736744,18.459068,45.937008,15.164293,24.763199,21.197346,56.04847,15.321159,35.058434,22.103018,29.43527,41.057117,44.222214
22.63096,16.945402,36.165047,12.809485,12.335065,25.08307,15.81801,14.537828,20.602493,21.339926,16.087648,31.536839,24.815273,12.624999,31.650944,9.189917,11.2838335,35.531277,20.591084,12.612068,37.338043,18.508482,44.42161,14.397566,26.040726,22.416317,53.783806,14.708221,35.503384,22.101614,28.983898,40.581528,43.053177
22.692156,17.683592,36.28321,12.801964,12.448368,25.074314,15.880939,14.537828,19.746164,20.6742,14.8814335,31.32283,24.328915,12.568601,31.85742,8.922109,11.288323,35.900448,19.207636,12.602353,36.841797,18.762224,44.364246,14.071027,26.841972,24.253551,50.603558,14.381468,34.18135,22.111118,28.402323,40.79393,42.14719
22.509884,16.892162,36.3006,12.806768,13.096622,25.067894,15.861586,14.537828,19.93864,19.976904,14.72099,31.712246,24.377287,12.596976,31.815435,8.969219,11.284552,35.53772,19.029327,12.612005,37.244247,18.663786,42.707367,14.052663,27.776005,24.167833,48.708233,14.362508,34.192776,22.114096,28.292582,40.81192,42.20605
22.352661,16.161995,36.054806,12.808877,13.265029,25.068478,15.713993,14.537828,20.116064,19.04228,14.828658,32.483704,23.415794,12.852531,31.320147,8.909702,11.292694,35.64157,18.697344,12.607107,36.94998,18.692427,43.514645,13.971324,28.762342,24.749424,48.582367,15.443177,33.18174,22.117636,28.980282,40.427727,42.523
22.018034,16.898659,36.02977,12.814109,13.270966,25.06022,15.816735,14.537828,20.397371,18.733656,14.454065,32.309097,22.952585,13.497645,31.12235,8.898912,11.290501,36.634712,18.00051,12.621836,36.370583,18.782665,41.014915,13.462949,30.886284,24.303951,48.073067,16.075628,33.07021,22.126585,29.943176,40.02692,42.954285
22.074406,17.792458,35.811947,12.816995,12.603292,25.061934,16.16931,14.537828,20.201786,18.080412,14.602225,31.91599,23.094004,13.218931,31.13779,8.667741,11.286073,36.847622,18.233673,12.625561,36.0037,18.69004,42.355274,13.522845,29.895298,23.773106,48.75299,14.863932,33.14778,22.125383,30.06573,40.321445,42.90316
22.125797,17.822855,35.963696,12.812749,12.516162,25.063038,16.315445,14.537828,20.283438,17.97226,14.443889,31.779507,22.902576,12.787648,30.961864,8.698587,11.286954,36.84876,18.104612,12.62044,35.934204,18.642248,43.545586,13.805563,29.099382,23.31331,50.174755,14.607919,32.80332,22.123297,30.184135,40.14035,42.919067
21.878937,19.514093,36.71353,12.803424,12.523965,25.050573,16.276548,14.537828,20.53929,18.02872,15.200365,30.930819,22.259987,13.364761,31.2602,8.604242,11.28707,38.33442,16.809935,12.6282625,35.398735,18.818233,40.4313,13.546628,30.7966,22.819132,49.323517,14.878658,33.012596,22.130991,31.000643,39.766354,43.395947
21.928402,21.727234,36.450466,12.795029,12.485186,25.049206,16.62316,14.537828,20.19771,18.264269,14.561404,30.603664,22.792929,13.257553,31.911268,8.4018,11.289512,39.147137,16.584404,12.630954,34.976387,18.829721,39.316418,13.12897,29.879341,22.633854,47.506214,13.3707,33.058895,22.134026,30.184954,40.081596,42.780495
21.970345,22.316143,36.17644,12.794191,12.292011,25.049973,16.896,14.537828,20.299213,18.594322,14.125202,31.189827,22.99604,12.89741,31.60523,8.493047,11.286324,38.819588,17.151205,12.63026,35.26917,18.667763,40.015705,13.171171,28.441666,22.212305,47.020927,13.029929,32.96386,22.1311,29.707266,40.240788,42.7162
22.211132,21.427837,35.481445,12.791281,12.058205,25.068441,16.77305,14.537828,20.039494,19.405394,14.253752,31.847853,23.155163,12.479276,31.719093,8.473761,11.302356,38.07289,17.594604,12.606882,35.30797,18.591867,43.916256,13.255526,26.391481,22.728374,47.271645,12.509143,32.411198,22.123354,28.744251,39.995235,41.730316
22.408892,19.960438,36.10057,12.778455,12.208563,25.07076,16.332184,14.537828,20.515446,20.07722,16.16178,31.879686,22.840199,12.216514,31.809464,8.73731,11.313496,37.423435,17.41758,12.5919285,35.7469,18.548014,44.92879,14.005261,25.650925,22.731562,48.98265,13.228343,32.852154,22.1146,28.75214,39.57099,41.860786
22.277924,19.803572,36.106728,12.772467,12.6769,25.06396,16.171444,14.537828,20.631258,19.362095,16.485126,32.36925,22.200624,12.439661,31.64893,8.7394705,11.31548,37.911545,16.917454,12.590592,35.457043,18.625029,43.998764,13.994084,26.555609,23.324938,48.97529,14.057792,32.737152,22.116508,29.367754,39.58592,42.20671
22.04308,20.181007,35.731457,12.783058,11.901746,25.064941,15.981893,14.537828,20.46908,19.778645,17.000156,33.93686,22.091656,12.280516,31.255402,9.074885,11.3099,37.84489,17.67449,12.592738,35.891132,18.523203,43.05404,13.386427,26.122028,22.986818,47.431267,14.4710455,33.545364,22.115273,29.341532,39.492367,42.54293
21.251755,19.330137,34.96126,12.797945,12.393455,25.06329,15.932964,14.537828,21.00657,18.631804,15.5503435,36.080273,20.361126,12.725886,30.118261,9.349252,11.313147,38.106575,18.336777,12.598032,35.87208,18.420492,42.888996,12.767543,27.696163,23.16471,46.486248,16.66734,32.671062,22.122509,30.560957,39.172768,43.501415
20.844456,17.480497,35.22366,12.82201,12.400545,25.062805,15.80754,14.537828,21.284315,18.104187,14.417341,36.603455,19.286814,12.737887,29.37111,9.7230835,11.311088,37.70911,18.627075,12.605444,36.293438,18.412447,42.368317,12.693421,29.532738,22.50078,48.134388,18.214718,32.462757,22.126522,31.582588,38.53574,44.336285
20.963293,16.842413,35.487675,12.828108,12.21622,25.065897,15.773886,14.537828,21.145073,17.985962,14.478669,36.406662,19.824379,12.409679,29.504417,9.865341,11.308284,37.220036,18.884129,12.604657,36.656563,18.360392,42.689972,12.982599,29.201845,22.278246,48.759552,17.91684,32.767086,22.125393,31.396004,38.53502,44.390892
21.279781,16.664057,36.667854,12.820815,11.594421,25.06816,15.775981,14.537828,21.432873,19.206167,15.929864,34.82853,21.145506,11.860976,29.99595,9.983903,11.296522,36.500698,18.715967,12.601706,37.535988,18.240566,43.2485,13.772235,27.826572,20.956314,50.47308,16.760395,33.774036,22.117477,30.94302,38.331783,44.490616
21.258272,16.038054,37.481194,12.811498,11.551669,25.068344,15.811084,14.537828,21.806147,20.180824,17.480766,34.034676,21.840899,11.554533,30.074785,10.097622,11.290511,35.795223,18.22893,12.598399,38.09735,18.063145,44.504047,14.480081,26.531458,20.520588,51.590267,16.236418,33.834778,22.109926,30.62032,38.142532,44.403633
21.344662,15.988826,38.026897,12.793335,11.91756,25.068901,15.68752,14.537828,21.52587,20.679388,19.394005,33.088276,21.840502,11.6496105,30.790136,9.8214,11.303995,36.204403,16.490242,12.584117,37.623844,18.25053,44.756046,14.488311,26.575441,21.58894,52.078293,15.790375,33.38576,22.107859,30.3811,37.784843,43.56482
21.62267,16.798466,38.546074,12.798203,11.44644,25.06892,15.740671,14.537828,21.209278,20.5255,19.196497,32.437614,21.780518,11.536295,30.872686,9.620622,11.298736,36.358425,16.462902,12.584025,37.591877,18.356989,45.602604,14.731407,26.447721,21.548548,52.143093,15.623642,33.187603,22.111635,30.50132,37.941086,43.766766
21.836351,16.962603,39.040695,12.80793,11.279704,25.066568,15.799039,14.537828,20.734104,20.408688,18.403376,31.615702,22.174799,11.581256,30.855316,9.48118,11.28938,36.28949,16.357592,12.58972,37.583668,18.552845,45.390106,14.757022,27.195389,21.817434,52.740917,15.681582,33.03972,22.116344,30.614649,38.102894,43.81119
22.098413,16.274403,39.106335,12.814482,11.673584,25.061068,15.843423,14.537828,21.10783,20.642622,17.150675,31.723026,22.611038,11.803237,30.34379,9.624108,11.276059,35.50112,17.202188,12.601011,38.149155,18.507736,44.813725,15.133581,27.680805,21.830286,53.853085,16.562656,33.325756,22.114895,30.652035,38.55471,44.33498
21.84328,14.793003,39.536083,12.815923,12.426146,25.044682,15.779852,14.537828,22.07868,19.274277,17.280655,33.066967,21.714512,11.769605,29.175978,10.007756,11.265021,34.847992,17.135473,12.605674,39.063026,18.272642,43.691418,15.842371,28.671654,21.722403,54.706326,18.29414,33.386112,22.113262,31.703808,38.565315,45.74094
21.80479,14.6978245,39.496796,12.807728,13.665517,25.028915,16.043571,14.537828,22.50029,17.95437,17.672836,33.179207,22.046139,11.844531,28.811893,9.978295,11.249695,34.799953,17.16906,12.621296,39.105213,18.10549,42.512573,16.693419,28.668081,21.729097,54.09268,18.25505,33.66813,22.110168,32.080803,39.485237,46.16369
21.102121,14.156822,38.500034,12.79763,14.702596,25.022429,15.849788,14.537828,24.147894,17.514532,17.56175,35.525593,21.506151,12.090266,27.69801,10.383478,11.248055,35.179485,18.531607,12.62807,39.67466,17.860085,40.29628,16.595726,28.744337,19.99071,55.0468,20.058126,34.14056,22.103168,33.32589,39.217705,47.484325
20.996853,13.263903,38.139076,12.807113,15.586135,25.016663,16.066568,14.537828,24.963892,17.723484,17.062613,36.631905,22.68325,11.832675,27.320702,10.601228,11.237799,34.444805,18.923903,12.632738,40.61672,17.477558,39.98989,17.353973,28.10966,19.028458,53.009777,20.544628,34.48998,22.101213,33.29616,39.5011,48.059402
21.3365,14.443403,38.477097,12.81095,15.432548,25.012884,16.253885,14.537828,24.215199,17.275084,16.695229,35.594383,21.69472,12.262504,27.558245,9.989002,11.235909,35.070698,17.782915,12.635808,39.783703,17.751785,40.79986,17.342773,29.2663,20.258427,51.37627,20.425663,33.354744,22.110826,33.299767,39.90169,47.64783
21.718544,14.711618,36.952988,12.818959,15.579321,25.0187,16.236351,14.537828,24.095627,17.458118,14.697331,35.810955,21.837955,12.957898,27.209705,9.64148,11.233333,34.832657,19.775743,12.648642,39.394146,17.92682,40.51905,16.989492,29.966255,20.755692,50.438927,21.54117,33.179356,22.114895,33.21752,40.684597,47.72646
21.691801,16.270027,36.295357,12.7996235,15.106165,25.032354,15.823186,14.537828,23.591196,17.830606,15.693069,36.181007,20.889557,13.220822,28.531979,9.485692,11.267499,36.005203,19.237556,12.631362,38.280624,18.105131,39.630215,15.721039,29.756758,21.439323,48.182793,20.365767,33.622463,22.116837,32.344925,40.150986,46.50524
21.670649,17.147356,35.98622,12.797019,14.939715,25.031075,15.6890955,14.537828,23.90929,17.933651,14.571306,37.19076,21.803312,12.885575,28.493298,9.665956,11.271934,35.878033,20.432978,12.630618,38.972935,18.12517,37.6903,15.132545,29.315407,20.305847,48.14437,20.797882,34.853077,22.11697,32.629456,40.0465,47.12106
21.368315,17.600311,36.129566,12.795435,14.403445,25.032635,15.661301,14.537828,23.953894,18.474583,14.659676,38.0675,21.667515,12.121526,28.322363,10.141366,11.275865,35.963436,20.695961,12.622224,39.401226,18.008268,37.379295,14.778177,28.03467,19.382788,48.184906,20.711872,35.19891,22.115017,32.484455,39.46082,47.235603
21.258558,17.114298,36.29372,12.789958,15.09377,25.033281,15.740516,14.537828,24.141499,19.718035,14.924439,38.79821,22.39287,11.428183,28.458658,10.628024,11.2787895,35.338238,20.888523,12.619123,40.15424,17.835245,36.43551,14.738822,26.447334,19.036438,47.863865,20.330673,35.687897,22.110289,31.34506,39.159462,46.822254
21.301786,16.443113,36.748333,12.792151,14.981097,25.037893,15.782278,14.537828,23.90479,20.408081,15.010938,38.45091,22.306551,10.982667,28.40659,10.804985,11.277851,34.943905,20.45152,12.612437,40.245266,17.781511,38.45335,15.071495,25.622204,19.298729,48.616814,20.023628,34.90499,22.108896,30.754667,38.892303,46.398613
21.376915,16.561,37.9228,12.800212,14.336379,25.04419,16.101313,14.537828,23.12135,20.91022,14.474608,37.00188,22.12441,10.450675,28.808357,10.866638,11.280996,34.942448,19.146559,12.600318,39.92306,17.784426,41.648537,15.531097,24.89411,19.909826,48.303734,18.805092,33.31595,22.115442,30.032328,38.52053,45.56283
21.627016,16.103472,37.31583,12.793889,14.431857,25.057028,16.028423,14.537828,22.46354,20.614197,13.887334,36.310036,21.664946,10.615858,29.20537,10.499321,11.296874,35.251637,18.746616,12.586187,38.89967,18.035603,44.16224,15.391992,25.003906,21.20164,49.040016,18.204508,32.076355,22.115898,29.549488,38.515133,44.476192
21.751102,15.388305,37.580578,12.807159,13.299965,25.059896,15.816115,14.537828,22.346313,20.80001,15.623437,35.70683,22.45782,11.002786,29.341726,10.62474,11.285517,34.741146,19.206484,12.593483,39.3437,17.994028,43.70416,15.556361,25.588806,20.932453,49.992477,18.074196,33.696556,22.110815,29.851967,38.647625,44.900307
22.29998,16.051935,37.37624,12.82546,12.642914,25.06626,16.012625,14.537828,21.670397,20.642864,14.310007,34.155476,23.547226,11.583177,29.497732,10.046489,11.271852,34.699814,20.137697,12.606804,38.83549,18.219376,44.641235,15.638424,26.124805,21.145344,50.58441,17.53574,33.686207,22.114199,29.840527,39.432545,44.691265
22.285765,15.906367,37.48364,12.8387985,12.238076,25.066853,15.991524,14.537828,21.377434,20.093895,14.399878,33.17196,24.297205,12.106913,30.028591,9.910998,11.263571,34.820805,20.315203,12.619507,38.722313,18.316473,42.910458,15.271752,27.573689,21.013708,51.244286,16.902376,34.6553,22.116468,30.196838,39.640892,44.80935
22.619596,19.811975,38.216324,12.831452,11.722871,25.044325,16.569864,14.537828,20.709217,19.563543,14.752638,31.98356,24.163172,11.882946,30.237196,9.371056,11.244666,36.15455,18.813206,12.635872,38.170937,18.469261,40.882576,15.379006,27.397919,21.000803,48.363663,15.679032,34.494144,22.12717,30.210052,40.453934,44.95536
23.022884,20.241652,36.679565,12.825002,11.084353,25.0585,16.53137,14.537828,20.32611,19.510239,14.379328,31.004416,25.417036,12.641519,30.577452,9.048367,11.245087,36.00047,21.028563,12.642633,37.373764,18.586279,41.63081,15.047267,26.756212,21.819107,50.75255,14.993675,35.317917,22.11944,29.928965,41.593246,44.602592
22.976337,20.24169,36.97235,12.8257675,11.042734,25.057024,16.231525,14.537828,19.794636,19.682592,14.339917,30.211908,25.674015,12.946859,31.47391,9.010509,11.248104,36.36433,20.693838,12.644434,37.176056,18.841654,38.915718,14.327629,28.178696,22.400728,51.31894,14.655266,36.172108,22.121277,29.853745,41.580555,44.294525
23.04754,19.911036,37.469604,12.820797,11.018134,25.056688,16.203106,14.537828,19.364777,19.986277,14.068434,29.26586,25.743267,12.691089,31.87487,8.987078,11.251223,36.131798,20.490675,12.641895,37.061363,18.971294,39.07989,14.453086,27.815838,22.831127,53.76262,14.092066,36.215954,22.117332,29.573895,41.733597,43.887638
22.986437,18.717007,36.75124,12.815439,11.927679,25.056898,16.281551,14.537828,20.673433,19.580894,14.0145445,31.191517,24.9058,12.43134,30.650063,9.153204,11.255618,35.31683,21.40106,12.638405,37.62266,18.594679,41.145504,15.297537,26.517796,22.05144,53.736366,15.512838,35.610504,22.110771,29.894512,41.597107,44.580795
22.550262,17.111765,35.93709,12.8174095,11.847762,25.071335,16.166931,14.537828,21.332142,19.605917,14.019341,32.598225,24.532019,12.410513,30.023663,9.516849,11.2670765,35.100464,21.992054,12.6267185,37.798546,18.382444,43.36508,15.203823,26.401556,21.290356,53.930542,16.292473,34.91271,22.108854,30.159918,40.753418,44.58595
22.432932,15.756388,35.585255,12.825082,12.23904,25.06663,15.955205,14.537828,21.2919,18.738918,13.724126,33.239277,23.60916,13.138463,29.740667,9.39538,11.271725,34.78165,21.404348,12.629653,37.62773,18.47709,42.53023,14.75405,28.879383,22.594591,52.436527,17.545488,34.376476,22.113605,30.63819,40.63334,44.603615
22.550102,15.268451,35.920498,12.8249035,12.485501,25.062233,16.135374,14.537828,20.985695,18.408178,13.822239,31.97162,24.27538,13.193413,30.089615,9.185213,11.26476,34.47977,20.97718,12.637798,37.437485,18.50748,42.602486,15.179322,29.007256,23.209097,53.874065,16.821592,34.25934,22.110859,30.47838,41.186073,44.264854
22.650892,16.264038,37.76363,12.830097,12.697493,25.043024,16.247236,14.537828,20.782782,18.208897,14.150882,30.990255,24.198551,12.866833,30.205711,9.208007,11.246646,34.761723,19.693493,12.645964,37.97972,18.619886,40.308296,15.61895,29.828077,22.98991,53.041946,16.813528,34.581203,22.118937,30.848787,41.19217,45.029537
22.901423,16.466707,38.864365,12.835246,12.227721,25.043678,16.227112,14.537828,20.378668,18.204975,13.905717,30.538807,23.577362,12.295495,30.097393,9.105451,11.247738,34.714584,18.899363,12.6335745,38.121,18.750402,42.553658,16.00255,29.452883,23.079334,54.227734,16.92688,33.620266,22.122543,30.981028,40.77667,45.176167
22.823818,16.18802,40.23094,12.84153,11.885907,25.040981,16.579056,14.537828,20.233694,17.650206,13.440941,29.733828,23.331158,11.52388,29.534927,9.200175,11.240482,34.50646,18.266228,12.626924,38.22064,18.753162,45.06935,16.869965,28.566586,22.707222,57.97816,16.810896,32.543453,22.123331,31.580463,40.459927,45.510395
22.870434,17.6838,40.88095,12.846447,10.653673,25.041065,16.717255,14.537828,19.970005,18.648256,13.586858,29.251638,23.465212,11.265295,29.41318,9.34675,11.233047,34.875416,18.06908,12.629556,38.201458,18.82385,45.166008,16.617746,27.967388,21.672073,58.143238,16.178751,32.81751,22.12618,31.598911,40.047306,45.62573
22.753813,17.890547,40.4271,12.843256,11.010862,25.041807,16.698008,14.537828,19.89535,18.676786,12.99989,29.34368,23.587473,11.5166445,29.826042,9.39967,11.24014,35.589188,17.83527,12.629261,37.737286,18.929821,43.071907,15.905898,28.8366,21.683678,58.14861,15.825934,33.054302,22.128279,31.591381,39.76151,45.200882
22.536688,18.80111,40.363396,12.824249,11.6441145,25.03796,16.764933,14.537828,20.395685,19.813702,13.898487,29.746212,23.547665,11.459753,30.211777,9.460629,11.248974,36.391296,16.57792,12.624052,37.61081,18.793991,41.92299,15.768219,28.425709,21.219143,55.344467,15.476677,32.723057,22.12928,31.129951,39.26298,44.675865
22.758715,19.393959,40.432186,12.78913,12.287836,25.03518,16.079243,14.537828,21.093456,20.45048,16.124039,31.011303,22.108639,11.341114,30.62889,9.410295,11.273774,36.41467,15.725337,12.60437,38.069218,18.724863,41.267784,15.773334,27.666906,21.724983,52.200798,16.474264,32.761196,22.126242,30.631945,38.863724,44.62719
22.784693,19.579361,40.607327,12.788292,12.269297,25.030462,15.838142,14.537828,21.650148,20.974699,17.629328,31.823397,21.712225,11.529925,30.39378,9.387853,11.272361,35.977825,15.731405,12.605441,38.780605,18.573526,40.521797,15.9368515,27.34992,21.643278,49.728935,17.436321,33.078823,22.124706,30.550322,38.88109,45.12157
22.957325,19.759329,40.655018,12.787944,12.0611925,25.037329,15.736269,14.537828,20.722609,22.419703,18.249855,31.601767,21.508263,10.934704,30.587254,9.43867,11.277015,35.43813,15.712145,12.594071,38.951862,18.731104,41.276833,15.6625,25.75434,22.852964,48.55209,17.069813,32.633125,22.123093,29.106419,38.85012,43.987453
23.033619,19.662529,40.332012,12.786873,11.710144,25.0487,15.724751,14.537828,19.725288,23.36277,17.796099,31.24371,21.899038,10.313356,31.060652,9.475508,11.284442,35.180622,16.164007,12.584233,38.885925,18.872177,42.47598,15.411549,24.327112,23.238749,49.56339,15.927531,32.607693,22.119358,28.106995,38.99037,42.911137
23.058563,18.114746,39.383133,12.807228,12.016155,25.059656,16.253138,14.537828,19.336958,21.964928,14.86309,31.051655,23.404387,10.032165,30.70343,9.306657,11.275714,34.35618,17.927923,12.592496,38.90292,18.703537,46.256603,16.306967,23.269695,23.102345,49.95231,14.472352,31.760784,22.11696,27.442965,39.98734,42.366318
22.964064,17.199286,38.92341,12.82018,11.808774,25.070694,16.501959,14.537828,19.421455,21.625078,14.569386,31.293003,23.78066,9.920579,30.408848,9.251159,11.280744,33.723263,18.96315,12.593126,39.063282,18.5143,48.98413,16.800417,21.984098,22.55948,50.56941,13.779048,31.394485,22.11214,27.202692,40.08262,42.145405
22.87909,15.867294,38.333477,12.829013,11.392788,25.07975,16.33482,14.537828,19.908283,18.875439,14.513737,32.54618,22.761509,10.202813,29.64207,8.997462,11.289354,33.335354,19.829147,12.5823,38.857292,18.385212,52.618774,17.236555,22.134895,22.951931,52.004696,14.915463,30.703005,22.111444,28.456736,40.06994,43.295906
22.481903,14.739451,37.200996,12.837221,11.121171,25.086807,16.004986,14.537828,20.15992,18.421103,14.328938,34.04116,22.401428,10.454677,29.332829,9.194017,11.290316,33.012787,20.825327,12.583157,38.943436,18.270655,52.119186,16.32969,22.881958,22.647236,52.694214,15.701638,31.569866,22.107782,29.02657,39.810986,43.773083
22.27898,14.396811,36.558067,12.83638,10.866525,25.086975,15.689869,14.537828,20.097355,17.840467,14.327682,35.245514,21.094288,10.707043,29.062529,9.2297535,11.29793,33.20829,20.761324,12.57449,38.62564,18.363333,51.32642,15.385584,24.028872,23.466465,53.081264,16.912413,31.561855,22.108864,29.61475,39.48114,44.075317
22.304045,15.091046,36.31463,12.828772,11.037959,25.085878,15.556516,14.537828,20.13446,17.512825,14.57823,34.869137,19.973663,11.300816,29.524195,8.907228,11.309212,34.300358,19.698547,12.571955,37.746494,18.580769,49.87616,14.600531,25.902075,23.82208,52.961243,17.082281,31.314064,22.114855,30.224407,39.048668,44.015224
22.050419,16.477999,36.304943,12.829615,11.518643,25.072144,15.557363,14.537828,20.15485,17.862299,14.225922,33.791306,19.756184,12.444834,30.18783,8.74538,11.30861,35.985226,18.173176,12.593767,36.804085,18.888258,44.34648,13.5082245,29.761286,23.603107,50.934563,16.985567,31.846592,22.128006,30.831446,38.72834,43.85543
21.66581,16.279192,36.769547,12.823728,11.868208,25.06455,15.6693735,14.537828,20.628546,18.263275,15.467724,33.22407,20.901848,12.646355,30.516396,9.097913,11.301951,36.378403,17.411848,12.60418,36.90678,18.741188,41.766018,13.8453045,30.281935,22.951733,49.927345,16.521257,32.625072,22.127083,30.82688,38.618015,43.761116
21.65432,15.772912,37.613937,12.818172,12.037097,25.050758,15.565866,14.537828,21.86017,18.677774,17.912052,33.49975,21.721243,12.485389,30.278555,9.597891,11.281558,35.426052,17.8255,12.616099,38.43739,18.318426,38.859074,14.730854,29.561409,21.440723,48.83098,16.805117,34.761646,22.118715,31.01117,38.852066,44.889874
21.485186,15.048599,38.316246,12.802124,12.156872,25.047571,15.779851,14.537828,22.505438,18.672836,18.40351,32.204536,22.482084,12.5220585,30.167011,9.929803,11.26994,35.328426,18.215025,12.620228,38.355896,18.217436,38.93941,15.373381,28.935774,20.559315,56.10662,16.425724,35.523167,22.10546,31.998783,38.918964,45.397964
21.353493,15.071396,39.141296,12.808293,12.06167,25.040867,15.912434,14.537828,22.34161,19.327341,19.077942,31.228434,24.015097,12.467625,30.53656,10.132179,11.250879,35.17627,18.19726,12.635127,38.573067,18.144436,37.15543,15.618832,28.513596,20.014202,57.792576,15.396139,36.76021,22.101011,31.892544,39.270283,45.434555
21.61487,16.543484,39.587082,12.812292,12.89623,25.024448,16.27935,14.537828,22.287317,19.09794,17.538502,31.500235,24.752014,12.159612,30.203276,10.080596,11.232011,35.42815,18.352041,12.651325,38.932716,18.182379,35.437958,15.962354,28.32797,19.74416,55.69708,15.649721,36.802948,22.10741,31.76992,40.012486,45.91451
21.549288,17.03304,40.128975,12.824623,13.189982,25.01313,16.424055,14.537828,22.46063,18.120905,16.80407,31.88455,24.533937,12.121141,29.751535,10.17055,11.219392,35.71479,18.432533,12.660293,39.35015,18.19767,33.79873,16.123161,29.222681,19.05497,54.949993,16.297745,37.025513,22.113876,32.5771,40.079647,46.878017
22.276772,19.475512,39.77058,12.828956,12.315781,25.020325,16.857447,14.537828,21.765947,17.727133,14.994138,31.972912,23.332277,11.278822,29.265173,9.63298,11.224523,36.22859,18.55816,12.648939,38.84833,18.331371,38.88328,16.578543,27.660324,18.82569,53.29474,16.362597,34.9795,22.122766,32.431187,40.35071,46.92576
22.326416,19.967356,39.671535,12.839,11.689854,25.023844,16.736042,14.537828,21.269148,17.796005,14.426278,33.022213,22.12368,10.885876,28.880255,9.708225,11.231948,36.45347,18.173733,12.639464,38.734604,18.423403,40.233734,16.277042,27.680353,18.941063,51.680004,17.110489,34.067688,22.12876,32.381973,39.89059,46.867374
21.886093,19.336584,39.68281,12.878083,11.000206,25.02397,16.353622,14.537828,20.48119,17.860216,14.674279,31.904173,22.07196,11.971632,30.210707,9.651011,11.231775,37.061356,17.39868,12.657114,38.42783,18.726788,33.90407,14.436532,31.976639,18.939188,49.454433,16.20533,36.02753,22.141468,32.41603,39.22891,46.37332
21.902277,18.689705,40.138268,12.869672,10.76497,25.024403,16.137873,14.537828,20.03595,17.684174,15.93577,30.951248,22.131586,12.051675,30.649178,9.55888,11.23695,36.884747,16.614653,12.652887,38.179447,18.853218,33.791283,14.371587,32.459743,19.890955,50.01548,15.529708,35.985584,22.140158,32.13673,39.100777,45.760845
21.955236,18.739418,40.611664,12.839899,11.696628,25.018856,16.200186,14.537828,20.37125,18.660324,16.486105,30.798061,23.279379,12.214475,30.936756,9.75294,11.23831,36.797913,16.144485,12.65097,38.45321,18.812428,33.250378,14.780135,31.855711,20.78668,49.60706,15.621662,35.976696,22.136353,31.51137,39.40366,45.389477
22.2657,17.799162,40.011894,12.836966,12.526142,25.021786,16.276186,14.537828,21.138401,18.930899,15.362034,31.722075,23.136646,12.39421,30.133064,9.606027,11.237909,36.199448,16.842,12.646192,38.7115,18.679535,36.460472,15.526951,31.261593,21.024971,50.83202,17.189056,34.844425,22.13152,31.776133,39.65941,45.89652
22.314405,17.147171,39.20359,12.833422,12.926107,25.02955,16.213974,14.537828,21.288082,18.991121,13.861979,32.222622,22.661772,12.69507,29.753174,9.519846,11.250312,36.332005,17.194435,12.637483,38.116055,18.78828,38.060436,15.443545,31.499754,21.629366,52.606888,18.133997,33.57841,22.130276,31.923325,39.45578,45.641117
22.278793,18.895473,37.9378,12.815118,13.624784,25.03307,16.259188,14.537828,20.858639,18.467524,11.788343,32.20471,21.586014,13.037109,30.15702,8.967148,11.273058,37.890556,16.868052,12.632347,36.442432,19.14636,37.75334,14.595697,31.965727,22.528471,52.183144,18.001312,32.14876,22.136911,31.850676,39.563694,44.74942
22.37283,19.23328,37.23836,12.808826,13.25835,25.041197,16.27302,14.537828,20.206968,17.695208,11.344863,32.249138,20.098661,12.699466,29.98343,8.46388,11.289563,37.995922,16.348677,12.612261,35.480545,19.30423,41.08846,14.266097,31.432484,23.796867,52.6608,17.95054,30.651258,22.139404,32.00489,39.453312,44.114143
22.665264,18.94691,37.584072,12.812075,12.8625145,25.043709,16.41,14.537828,19.690845,17.372112,11.856871,31.529318,20.54155,12.232518,29.993084,8.333938,11.283405,37.34086,16.346214,12.605046,35.630604,19.277687,43.14887,14.907087,30.34662,24.56274,53.07686,17.572008,30.312939,22.13812,31.693148,39.85294,43.94326
22.520832,18.742537,37.442875,12.7962885,12.7904215,25.051159,16.630268,14.537828,20.365383,18.18422,13.196818,31.039032,21.879332,11.906053,30.449774,8.473324,11.284252,37.15674,16.505133,12.604029,35.80231,18.915041,44.069397,15.452262,28.198895,23.259235,53.498474,15.823184,30.843103,22.127132,30.920933,39.77844,43.37315
22.511595,17.515652,37.110783,12.807784,12.414887,25.059132,16.719482,14.537828,20.578451,18.530176,13.378666,30.40784,23.2698,12.114411,30.759716,8.643048,11.277919,36.21065,17.78235,12.616148,36.261074,18.711197,43.85624,15.473918,27.812098,22.517006,54.771656,14.636516,32.033176,22.119226,30.405573,40.02853,43.133816
22.430899,15.748732,36.51547,12.825081,12.335668,25.070738,16.777794,14.537828,20.851881,18.783718,13.0382595,31.127356,24.042942,12.172769,30.63614,8.961688,11.279313,35.03624,19.13774,12.618627,36.99084,18.427664,45.10465,15.612016,27.196436,22.036404,54.766464,14.380832,32.473602,22.113312,29.865456,40.06538,43.011337
22.804722,16.61431,37.579,12.817312,10.969637,25.078957,16.975632,14.537828,20.439058,18.666023,14.892481,30.103018,23.0923,11.183849,30.437647,8.576804,11.28737,34.804813,18.350174,12.593276,36.79186,18.39476,51.181175,16.954191,24.173079,22.133041,55.904453,13.566343,31.091213,22.109985,29.750555,39.825012,42.798336
22.675304,15.433677,37.27801,12.826318,10.159808,25.094524,16.839483,14.537828,21.0357,18.674707,14.707651,29.771242,23.204763,11.69225,30.0006,8.677287,11.289679,33.960064,20.156054,12.594851,36.802288,18.245367,54.12983,17.54943,23.479244,21.537235,59.14567,14.225508,31.288837,22.10217,30.215988,39.895424,43.311245
22.811502,14.960991,36.863953,12.845154,9.95534,25.091051,17.149706,14.537828,20.975443,17.87259,13.489799,29.48543,24.022314,12.090998,29.45701,8.610503,11.272252,33.111706,21.514942,12.6161175,37.008106,18.160412,54.187767,17.929268,23.77519,21.692106,59.739613,14.364721,31.49374,22.10155,30.314205,40.914215,43.720917
22.747822,14.753565,37.526783,12.847437,10.143015,25.074982,17.105707,14.537828,20.882814,17.656315,14.248925,29.05763,24.576614,12.272682,29.399315,8.716353,11.254512,33.00755,20.892708,12.6297035,37.381607,18.210127,51.72195,17.976534,25.186495,22.089407,59.38506,14.836848,32.131393,22.103514,30.73196,41.255535,44.28075
22.977573,14.674236,36.280956,12.835883,10.837746,25.079191,16.788382,14.537828,20.136526,17.768854,13.375985,29.548414,24.842272,12.631872,30.039598,8.448144,11.26978,33.339718,20.982515,12.622758,36.60498,18.521957,50.254555,16.875368,25.973207,24.11149,58.67337,15.246555,32.05392,22.102781,30.103529,41.67888,43.151386
22.621592,14.274517,37.338837,12.815508,11.257532,25.072851,16.393906,14.537828,19.800865,20.120798,15.337921,29.824581,25.601059,11.911901,30.602934,9.042042,11.273003,33.37751,19.52246,12.604957,37.36076,18.60297,48.264736,16.862638,25.145924,24.771217,57.747063,15.541482,32.831646,22.097519,29.137106,41.22912,42.481007
22.382359,14.399117,36.45392,12.798424,11.753915,25.071354,15.917223,14.537828,19.27467,20.889578,16.118301,31.28036,25.30626,11.968166,31.13748,9.1576185,11.285052,34.133213,19.106539,12.588682,37.15225,18.791655,45.214485,15.696744,25.584934,26.055765,55.50119,15.857225,33.44658,22.096392,28.660769,41.219685,41.68818
22.341923,14.329805,35.976025,12.7911215,11.895501,25.076777,15.792439,14.537828,19.089554,21.448288,15.529497,31.684685,24.897243,11.720116,31.400557,9.148905,11.2964115,34.03708,19.642076,12.577082,37.131832,18.82705,45.319904,15.451949,24.641603,26.35591,56.08997,15.659361,33.612144,22.092873,28.15992,41.349533,41.165123
21.910957,13.546556,36.89992,12.77305,12.228641,25.06722,15.474698,14.537828,20.1118,20.878193,20.135763,31.320602,24.38062,12.144191,31.913813,9.487454,11.3067255,34.457478,17.67048,12.584425,37.270863,18.634327,41.519005,15.516836,26.416925,25.540455,54.945213,15.305697,34.551582,22.091719,28.859303,40.25051,41.66267
21.959427,14.818988,37.973957,12.774519,12.410741,25.055668,15.639427,14.537828,20.162764,20.231821,19.167784,29.917921,23.734726,12.189219,31.920929,9.339508,11.300816,35.380802,16.555737,12.592649,36.851437,18.894783,38.844017,15.195382,28.164541,24.881453,56.807407,15.411546,34.508698,22.103483,30.006895,39.584183,42.260468
21.915915,14.756151,39.06311,12.783822,12.466435,25.047405,15.784862,14.537828,20.249866,19.025478,18.493952,28.047186,23.03839,12.356746,31.716024,9.002701,11.294154,35.873276,15.999054,12.595805,36.36841,19.155067,37.53429,15.358362,29.859228,24.851034,62.79079,16.32414,34.257275,22.109632,32.024323,39.12406,43.23927
21.88739,13.876449,38.95966,12.78278,13.050973,25.046648,15.759402,14.537828,20.523191,18.244207,18.149393,27.959742,22.029825,12.299225,31.445992,8.767186,11.301735,35.646225,15.494846,12.588662,36.205795,19.182098,37.583076,15.54365,30.47604,25.240416,64.50428,16.966707,33.54384,22.111088,32.615604,38.763466,43.32315
21.997307,14.544245,38.879032,12.772271,14.393834,25.029432,16.015543,14.537828,21.303392,17.732159,18.180365,27.913635,22.853384,12.756027,31.106867,8.432263,11.275853,35.654903,15.82042,12.624305,35.997604,18.894447,38.535713,16.851254,29.444326,25.104815,61.801308,16.449656,32.846394,22.104197,32.002895,40.45192,43.547386
22.366154,13.925298,37.95683,12.761207,15.5372715,25.02722,15.536357,14.537828,21.685526,16.815142,18.54626,30.669247,20.391857,12.92973,30.724049,8.319755,11.299103,34.85356,15.915955,12.616352,36.377743,18.787462,38.278645,16.911676,29.504194,26.695896,57.04306,17.90681,32.05971,22.103525,31.219778,40.798523,43.501728
22.549545,13.668952,37.562065,12.764464,15.515826,25.030905,15.478786,14.537828,21.71768,16.985264,18.150536,31.996908,20.3746,12.640825,30.416218,8.51823,11.300785,34.255333,16.307629,12.610324,36.94762,18.641296,39.355732,16.920204,28.840012,26.73988,54.49723,18.174675,31.829687,22.103312,30.520456,40.815136,43.430954
22.710089,13.729732,36.876457,12.78967,14.349711,25.037096,15.563103,14.537828,21.327604,18.243284,17.498806,32.58053,22.572632,12.68783,30.555122,8.87947,11.280227,33.215042,18.654596,12.627381,37.83863,18.397726,39.163616,16.71877,27.75779,25.888798,52.26896,17.62204,33.886707,22.09705,29.532824,41.805756,43.568565
22.575401,14.463275,36.770977,12.792893,13.728796,25.041372,15.708715,14.537828,20.751621,20.322655,17.00732,32.671894,23.975538,12.295312,30.75318,9.225589,11.268875,33.022617,19.251865,12.626273,38.41958,18.39726,38.929016,16.269234,26.409868,25.492037,50.331745,16.752266,34.771225,22.095243,28.247387,42.03931,42.863846
22.449867,14.903616,37.6251,12.790952,13.99676,25.034369,15.687191,14.537828,20.858307,21.516916,17.617105,32.74223,24.268785,11.792452,30.902514,9.5388365,11.26162,32.964027,18.671474,12.627191,39.298607,18.340626,36.896454,16.243946,26.042715,24.70923,47.85426,16.538754,35.324963,22.097906,27.609632,41.71414,42.804474
22.474607,14.667166,37.165005,12.789355,14.320171,25.032593,15.400084,14.537828,20.980867,21.07159,17.708206,34.242813,23.785646,11.534506,30.713877,9.550043,11.2669935,32.503708,19.48821,12.618818,39.920265,18.26847,35.592297,16.024714,25.676981,24.968763,45.90807,17.343306,36.044846,22.09714,27.566557,41.905766,43.215775
22.767916,15.074999,35.468727,12.813447,13.507919,25.056358,15.5397215,14.537828,20.611908,21.984583,15.034233,34.030792,24.915464,12.409827,30.771856,9.316946,11.26173,32.296227,22.230516,12.620056,39.399025,18.390009,38.273224,15.439003,25.390615,24.798723,48.12639,17.524233,36.780872,22.094664,27.68073,42.550053,43.305172
22.843084,14.75049,35.444534,12.819663,13.993995,25.060688,15.529871,14.537828,21.347843,21.337194,14.80793,33.954185,24.63217,12.841908,30.391897,9.252067,11.261546,32.488247,22.361496,12.627247,39.220802,18.394852,38.394257,15.394878,26.71051,23.920713,48.709045,18.465528,36.393875,22.10015,28.710827,41.86214,44.086723
22.991705,13.58465,34.26974,12.835031,13.327712,25.077396,15.623573,14.537828,21.737043,20.41301,12.8968525,34.058884,25.071312,13.259778,29.293678,9.364951,11.2562475,31.918423,25.919298,12.642094,39.00235,18.31806,41.057552,15.67423,26.84903,23.160376,53.85299,19.959553,36.129242,22.097885,30.134777,42.40007,45.310844
22.897488,13.088977,34.299667,12.833326,13.529843,25.084332,15.581085,14.537828,21.79282,19.60687,13.548009,33.353745,24.951344,13.749842,29.510874,9.110553,11.262765,32.412254,25.766655,12.644828,38.286163,18.330982,42.436245,15.911569,27.537872,23.347183,54.62044,19.667267,35.16827,22.098358,30.583256,42.294884,45.03162
22.833977,12.83166,34.717625,12.829174,13.173884,25.090654,15.674706,14.537828,22.176882,18.784906,14.868118,32.766106,24.46872,13.801762,29.445618,8.859572,11.269431,32.595333,24.828682,12.63611,37.851967,18.173424,46.30823,16.918137,26.793352,22.91232,55.802044,18.945862,34.22382,22.094774,31.010593,41.93068,45.023705
22.799925,14.179713,35.12235,12.831448,12.081904,25.087065,15.8560295,14.537828,21.73549,18.911566,14.899644,32.2193,24.682257,13.590891,29.688114,8.839803,11.264584,33.37159,23.708162,12.633724,37.637455,18.306168,45.942364,16.402275,26.927921,22.528404,56.078983,17.931826,34.428688,22.098763,31.038795,41.552647,44.914017
22.537193,14.952682,35.40714,12.828579,11.949654,25.09015,15.477641,14.537828,21.27377,18.742365,15.801923,33.64191,23.777323,13.285435,29.040958,9.212226,11.261529,34.18212,25.135025,12.622653,37.99298,18.420887,44.67056,15.825403,27.104532,23.002657,53.66267,19.723581,34.06828,22.10902,31.843647,41.26255,45.58356
21.683498,13.614808,34.646988,12.837138,10.869251,25.07067,14.93437,14.537828,21.734583,17.725702,15.671852,37.554104,20.631615,12.007861,26.043991,10.951061,11.250561,34.691628,31.323843,12.639729,39.97197,18.105307,36.644615,14.775889,29.028805,21.802954,53.240303,24.758797,33.626564,22.124922,34.3421,40.75906,47.95674
20.745665,12.257099,34.55398,12.836576,9.291764,25.070915,14.551657,14.537828,21.222609,17.238007,15.016616,41.11354,19.586208,9.325674,23.902504,12.891658,11.262288,35.064774,39.874577,12.646155,42.38398,17.699926,31.683317,13.237362,27.081823,20.336233,54.3834,26.573067,32.221375,22.13427,35.155216,40.200096,48.240944
19.518785,11.9033785,36.700558,12.840622,7.950753,25.03976,14.193932,14.670663,19.982302,18.947094,15.768324,45.697826,17.904646,6.1391435,22.353748,15.413639,11.274267,36.78954,45.763283,12.635603,45.50934,17.153803,23.070866,11.099867,25.696125,20.530182,47.689682,28.267605,30.053452,22.15637,35.32,38.73116,47.705555
18.720068,10.646204,38.87514,12.856626,11.212873,25.025213,14.057658,14.690367,19.872076,18.880375,16.086744,47.868538,14.191712,4.842534,21.228132,16.963602,11.273407,37.1478,47.72924,12.651879,46.650696,16.920612,16.600805,10.501441,26.379078,18.848831,41.27903,30.009377,29.978882,22.162561,36.20525,37.00876,47.292374
17.97719,10.222823,40.10974,12.8657,13.664585,25.020363,13.969047,14.721703,19.289131,19.545046,14.763487,50.248158,12.468078,3.7626505,21.02782,17.78854,11.288756,37.695347,49.359566,12.64336,47.3102,16.853733,13.688016,9.217643,25.538258,18.70886,37.749767,30.460732,29.353567,22.165436,36.249607,35.978977,46.388428
18.024332,10.137402,40.176632,12.841365,15.476352,25.021122,14.101802,14.651927,19.343607,20.680225,16.031452,51.12181,13.56816,3.6695175,21.491978,18.058355,11.278144,37.387318,52.92883,12.638094,49.062374,16.412632,11.940731,8.655087,23.630451,18.991577,34.352123,29.786156,29.933134,22.167402,36.11204,36.53125,46.32584
17.745018,10.4072275,39.41394,12.816091,15.840658,25.023048,13.973684,14.635539,19.38063,20.433151,15.504689,51.992718,13.061929,3.6695175,20.93454,18.281387,11.271096,37.427708,55.258995,12.63467,48.951077,16.104443,16.461859,8.220008,21.523808,19.70026,32.912117,29.47604,28.018946,22.166687,36.32702,37.127655,46.139675
17.550568,10.27009,38.430695,12.792676,15.914484,25.017344,13.952858,14.61274,19.448633,20.082302,15.991388,52.395916,13.27723,3.6695175,20.580465,18.507526,11.262205,37.61293,58.113735,12.640687,49.62309,15.777307,16.58047,7.9771304,19.579449,19.479706,32.049934,28.553242,26.789984,22.165037,36.147324,37.776516,46.103706
16.756954,10.727029,38.37298,12.774657,19.707184,25.013945,14.122738,14.600298,19.51606,18.767532,14.231233,52.613113,12.681049,3.6695175,20.83626,18.026638,11.255801,38.138218,56.193096,12.651623,49.011627,16.01925,15.895351,7.705556,18.59099,18.585598,31.235134,27.835636,26.312042,22.158045,35.710224,37.79626,45.783173
16.491405,10.905667,36.98554,12.785754,18.153877,24.995073,14.055597,14.62202,19.581669,17.140358,12.675478,52.5694,13.62365,3.6695175,19.619305,17.875061,11.254227,39.39555,57.29894,12.672383,48.616665,16.406569,12.49004,7.655689,18.946968,16.827065,34.88678,28.277676,25.001514,22.154314,35.960403,37.911507,46.187206
16.610933,12.621845,35.63109,12.802143,15.518986,24.99875,14.047109,14.635276,19.616009,16.549099,10.993867,52.205288,13.115577,3.6695175,19.03239,17.818832,11.244147,39.145824,58.122517,12.683484,47.969913,16.508059,12.1186075,7.0106025,20.106499,16.167278,35.449207,28.975773,26.064898,22.158848,36.330677,38.261696,46.724083
16.731976,13.287707,35.589542,12.8016,12.845383,24.990145,14.01383,14.643766,19.266426,15.851237,10.926746,51.3441,13.047286,3.6695175,18.37317,18.064241,11.242938,39.898956,60.308277,12.69868,47.846935,16.556677,11.623462,6.4173465,20.209984,16.037355,37.513924,28.023989,24.521442,22.162867,36.16244,38.446674,46.534084
16.541937,12.840822,36.0297,12.815824,13.068158,24.990927,13.995833,14.657235,19.094803,16.16654,10.962208,51.360367,12.21598,3.6695175,18.57008,18.205454,11.250853,39.9759,59.730457,12.698222,47.78087,16.610512,10.006583,6.204661,20.987745,15.883755,37.239594,28.163488,24.972029,22.163202,36.161983,37.92852,46.253906
16.017185,13.151677,36.19678,12.818464,12.903566,24.988422,13.957272,14.693067,18.890331,16.200682,9.308884,52.340385,12.696984,3.6695175,18.982187,17.892323,11.278539,41.017487,58.36807,12.685484,47.2417,16.828241,9.882073,5.4979935,21.258238,16.324867,38.123096,28.35427,23.574625,22.166435,36.06876,37.383366,45.862785
16.038105,12.5227,37.834682,12.826495,12.30179,24.9836,13.8812,14.719699,18.393854,17.287592,9.784895,52.440033,12.638781,3.6695175,19.020014,18.545015,11.288794,41.281113,59.426514,12.676737,47.775658,16.74745,9.126683,5.1053014,21.09547,16.798187,37.702114,28.049639,22.978485,22.170738,35.86101,36.67554,45.229923
16.360855,11.96283,40.154472,12.821293,12.129709,24.98191,13.877826,14.710238,17.993046,19.310755,11.889924,52.163128,12.474553,3.6695175,19.564226,19.307533,11.294564,41.11815,60.27525,12.666961,48.89971,16.470947,9.945041,5.0497456,20.687634,18.00051,35.50995,27.54729,22.854198,22.174952,35.397984,36.23869,44.547237
16.550354,12.539725,42.505764,12.794603,11.810202,24.96364,13.978013,14.67546,17.663754,20.11821,13.503711,50.7431,12.691774,3.6695175,19.63137,19.740795,11.292325,41.77857,61.114048,12.677,49.5412,16.34053,11.212311,5.187692,19.641306,19.052856,33.610683,26.332851,20.709707,22.179813,34.6138,36.392113,43.812508
16.530672,12.368497,43.86061,12.7901945,11.746965,24.949644,14.036255,14.6826935,17.399683,21.374475,13.870385,50.928013,12.614936,3.6695175,19.57865,20.348845,11.289799,41.96413,61.618446,12.668523,50.11823,16.098703,11.779134,5.2116027,18.587845,19.862509,30.659285,26.07554,19.699883,22.182068,34.187954,36.223053,43.322483
16.009691,12.542339,42.63185,12.79516,11.758932,24.93945,14.211826,14.697622,17.401968,21.120975,12.417775,52.29869,11.841887,3.6695175,19.67242,19.928669,11.303616,42.94416,59.68741,12.65135,49.643894,16.0919,10.705602,4.8162656,18.406471,20.44758,29.263103,26.655716,18.53857,22.181374,34.19984,36.00134,43.328266
15.881401,12.021372,42.80683,12.802538,11.648829,24.933235,14.4010515,14.736023,17.294012,22.30803,12.810202,53.088634,11.350259,3.6695175,20.05658,20.286566,11.306855,42.720818,58.608974,12.636521,50.296303,15.811213,9.85637,4.9688396,17.776937,20.864243,26.870653,26.946917,18.970417,22.180716,33.94057,35.766773,43.38467
15.868633,11.495882,42.827244,12.801952,11.704908,24.933933,14.4771,14.77211,17.363523,24.542654,13.681513,53.848484,12.33211,3.6695175,20.701267,20.063005,11.309717,42.256954,58.17901,12.614153,51.537292,15.652579,8.743038,5.222342,17.106771,21.245644,26.196438,27.056047,19.990917,22.180859,33.62273,35.892414,43.586254
16.06478,12.155816,42.278786,12.783664,11.146933,24.943867,14.232285,14.758284,17.549719,24.79709,13.569739,53.123985,14.098834,3.6695175,20.529026,19.43389,11.301216,41.991085,60.37542,12.615528,51.658016,15.820439,10.269716,5.1536956,16.77192,20.92451,29.307081,26.211445,19.839708,22.182346,33.60354,36.712852,43.585464
16.242678,12.3693,41.92565,12.771914,11.878404,24.96271,14.091058,14.722938,17.826698,25.916328,13.964667,53.039608,15.183876,3.6695175,21.327576,18.69824,11.300403,41.51997,60.432632,12.597334,51.753056,15.853306,12.619294,5.1429234,16.623203,21.512396,30.241385,25.681776,20.71777,22.18109,33.5563,37.160896,43.53177
16.265574,11.8797655,41.313553,12.789832,12.999396,24.97397,14.033164,14.694288,18.078876,25.182274,13.940378,53.379005,15.047567,3.6695175,21.20189,18.516941,11.298378,41.094486,60.44401,12.607522,51.6184,16.00273,10.727451,5.15433,17.78915,20.559744,31.00371,26.565516,22.33451,22.178242,34.01015,36.901886,43.97815
16.055635,11.408601,41.96757,12.801974,13.429602,24.973196,14.028854,14.721708,18.07406,25.43796,12.907186,53.53933,15.375117,3.6695175,21.07235,18.656342,11.299241,41.022415,59.988564,12.600967,51.60901,16.072691,9.464533,5.348531,18.315216,20.237782,30.291925,27.529638,22.62408,22.18123,34.31532,36.420815,44.045483
16.975174,10.928145,45.07049,12.780458,13.773789,24.964615,14.04462,14.678381,17.728241,25.634346,16.497866,52.512688,14.962701,3.6695175,21.034462,20.256985,11.288667,40.42434,60.669415,12.615996,51.969868,15.553157,15.846275,6.4421754,16.904234,22.249899,26.393208,26.70656,21.315994,22.18244,34.08223,36.45653,43.49576
17.154211,10.528384,46.76215,12.774544,15.22021,24.971172,13.997501,14.65781,17.564552,26.146631,16.728666,51.941433,15.238575,3.6695175,21.19114,20.765165,11.2807455,39.972313,61.346622,12.6136,51.821983,15.52037,18.959911,6.4340925,16.250801,22.706472,25.821354,25.834919,21.39171,22.180693,33.91429,36.271893,42.84131
17.055826,10.317952,46.87933,12.7706175,15.535196,24.968939,13.950921,14.657367,17.4464,25.880707,16.461317,51.653122,15.017284,3.6695175,20.940039,20.970919,11.274684,39.992893,62.335125,12.617787,51.693165,15.49437,19.291042,6.2873507,15.638197,22.461124,25.93847,25.109034,20.913847,22.179235,33.726612,36.315388,42.51452
16.363144,10.315675,43.626083,12.797414,15.27871,24.974035,13.899874,14.722028,17.643456,23.929598,13.6541,53.903214,14.010431,3.6695175,20.83388,20.60129,11.292298,40.224396,59.361374,12.609985,50.317772,15.619844,16.816914,5.64869,16.818264,21.497406,26.691952,26.96052,21.703957,22.17496,34.563812,35.752956,43.28976
15.794323,10.743164,40.816154,12.817426,14.604673,24.96473,13.997828,14.75095,17.914066,22.676317,11.349843,55.698765,14.299466,3.6695175,20.56694,19.702187,11.310606,41.4096,56.67325,12.604544,49.34894,15.90213,13.418259,5.2761326,17.656595,20.893454,27.725597,28.700724,21.160177,22.172264,35.001984,35.531925,43.982162
15.791907,10.79814,39.888367,12.822517,13.51645,24.959698,13.985986,14.762002,18.020742,22.129383,10.842143,55.617012,15.277126,3.6695175,20.011765,19.436642,11.307087,41.651325,57.616653,12.607602,49.449337,16.012506,11.541583,5.433066,17.824999,20.225836,29.055918,29.133833,20.956413,22.173298,35.223316,35.79645,44.37888
16.14116,10.666283,39.559357,12.809088,13.043185,24.961702,13.96017,14.719473,18.28514,22.500023,11.880709,54.87168,17.529192,3.6695175,19.800993,19.023272,11.290059,41.38855,60.693295,12.606503,50.491127,15.964509,10.643595,5.7801757,17.021503,19.911577,30.546953,28.61203,21.116837,22.174397,35.248978,36.61646,44.740475
16.22091,10.489261,38.75407,12.8086605,13.408794,24.972876,13.8717375,14.7111435,18.609684,22.780682,11.766546,55.00689,19.257616,3.6695175,19.9713,18.545097,11.285751,40.79492,61.240093,12.59834,50.67474,16.016356,10.740782,5.9751506,16.818235,19.466093,32.129513,28.759754,22.207855,22.172186,35.475163,36.96765,45.114525
16.157944,10.620729,39.68899,12.798667,14.680147,24.989473,13.68555,14.717136,18.61088,23.058647,10.921835,54.595856,19.612345,3.6695175,20.328955,18.430792,11.2868185,40.203487,60.52368,12.590233,49.818424,16.09747,15.371987,6.006752,16.6271,19.991665,32.710003,28.375431,22.130302,22.172506,35.60011,36.919846,44.62643
16.087633,10.753359,39.799107,12.800646,14.530906,24.993345,13.6749115,14.7368765,18.653992,22.906895,10.476121,54.717945,19.123701,3.6695175,20.613588,18.25635,11.298269,40.260754,59.15278,12.587174,49.434364,16.19383,15.85554,5.9528913,17.321222,20.241335,33.38147,28.637236,22.178972,22.174383,35.711746,36.709087,44.679123
16.103909,10.28515,40.805138,12.7934065,16.861593,25.007267,13.742717,14.718202,18.748045,24.289328,12.117606,55.336784,17.962587,3.6695175,22.182598,18.109428,11.3168545,39.8786,56.147484,12.571426,49.694725,16.039627,18.026434,6.0785394,17.396797,21.541546,31.53674,28.209566,23.034737,22.172964,35.29472,36.247852,44.36929
16.00767,10.601738,41.303337,12.795183,17.79197,25.010572,13.771658,14.722172,18.733082,24.741993,12.583971,56.0615,16.751299,3.6695175,22.857592,18.197186,11.328288,39.7014,53.509773,12.564748,49.346058,15.959078,19.741705,6.0168214,17.801556,22.51838,29.390375,28.47633,23.456713,22.172148,35.203728,35.87666,44.239838
16.108854,11.320209,41.237793,12.797034,16.160017,25.000164,13.788431,14.703698,18.505964,23.719904,12.678735,55.591614,15.230288,3.6695175,21.966005,18.812841,11.317068,40.001396,55.746086,12.589778,49.452736,15.908436,18.09102,5.650752,18.252249,21.900013,28.754715,28.610916,23.068161,22.174053,35.31199,36.04524,44.252743
16.070011,11.2477255,41.179142,12.813794,15.489717,25.001427,13.82223,14.704868,18.400179,23.894157,12.630937,55.65068,14.011006,3.6695175,21.95933,18.866194,11.324134,40.210464,55.56846,12.590654,49.332947,15.980324,16.38644,5.206185,19.412693,21.827621,28.957336,28.893642,23.53647,22.175186,35.397293,35.63223,44.16005
16.041784,11.249439,42.023636,12.813555,15.030493,24.994692,13.80125,14.702501,18.16024,23.913048,11.913017,54.511375,14.200543,3.6695175,21.248001,18.913893,11.311501,40.504333,57.67384,12.597548,49.534615,16.136919,14.836388,5.0871387,19.500572,21.322365,29.611048,28.593695,22.8023,22.178957,35.355682,35.69552,43.820023
15.953144,11.458927,42.141026,12.836033,13.08863,24.982483,13.927967,14.725445,17.905334,24.82845,11.200292,54.27236,13.808221,3.6695175,21.034595,18.91576,11.314643,41.33198,57.75551,12.593407,49.80237,16.312338,10.594874,4.5253835,20.655079,20.990498,30.267294,28.96733,22.991009,22.181911,35.22856,35.2397,43.778095
15.983938,11.74468,42.04443,12.843672,12.040777,24.978674,14.003422,14.712325,17.918549,25.773302,11.516101,54.135693,13.787084,3.6695175,21.375685,18.589003,11.320532,41.856358,57.34537,12.586898,50.04296,16.377792,8.796659,4.22798,21.441515,21.406284,30.567528,28.995258,23.184036,22.183498,35.08897,35.16808,43.794903
16.192587,11.323259,41.70199,12.865563,10.06099,24.965069,14.068677,14.753094,17.833244,25.969032,11.797829,54.52401,14.45238,3.6695175,20.82849,18.933863,11.322645,42.071903,57.91373,12.589497,50.781464,16.4103,4.6311016,4.524667,21.932837,20.67549,31.51958,29.884487,23.767948,22.184225,35.126858,34.961395,44.354355
16.299192,11.17725,40.99744,12.856755,10.369139,24.965347,14.073713,14.734598,17.934307,25.331934,12.137179,54.336277,15.011041,3.6695175,20.519535,18.776772,11.312139,41.90364,59.441296,12.598338,51.082706,16.4063,4.052137,4.666887,21.140352,20.067247,32.717823,29.322676,23.772423,22.181013,35.03947,35.48842,44.504257
16.307827,10.416576,42.259796,12.860246,12.133058,24.96419,14.168574,14.74113,17.805567,26.061317,12.587506,54.028385,15.101782,3.6695175,20.668352,18.975368,11.305072,41.4702,58.945587,12.597423,51.677658,16.43413,2.2085683,5.2073417,20.8248,19.590483,31.59834,29.373817,24.670406,22.179174,34.69649,35.153255,44.328987
16.597004,10.067393,43.370148,12.861097,12.466651,24.960403,14.241928,14.726834,17.652674,26.32013,13.314122,53.188374,15.606025,3.6695175,20.456392,19.339912,11.2889595,41.115467,60.107853,12.601502,52.282238,16.383568,0.94790775,5.6878734,20.53141,19.383165,31.103802,29.335726,25.205864,22.179497,34.63773,35.184196,44.39534
16.930174,9.870776,43.07854,12.836194,13.0345,24.963572,14.249335,14.6598625,17.844997,26.03748,14.533719,52.00494,16.410702,3.6695175,20.208395,19.031971,11.267242,40.591496,63.082623,12.61066,52.904278,16.203915,2.110769,6.180446,19.24407,19.457413,31.47904,28.322733,24.642511,22.179039,34.523315,36.283546,44.512966
17.149662,9.166514,44.57843,12.837552,11.565728,24.949213,14.462817,14.731132,17.386566,28.054766,15.603794,51.41472,16.31177,3.6695175,20.2188,19.808706,11.261558,40.39668,62.69238,12.601822,54.273067,16.02457,0.4752415,6.976089,18.85562,19.594412,30.054398,28.413294,25.046988,22.182585,33.835693,36.148453,44.515957
17.36219,8.865557,44.42088,12.835027,10.853886,24.937317,14.611618,14.7200985,17.404947,28.06871,17.62281,51.870087,15.732582,3.6695175,20.375807,20.248465,11.267994,40.855824,62.2409,12.609471,54.905033,15.768483,0.4752415,7.2216487,18.165928,19.785618,28.928368,28.109858,24.68544,22.179379,33.463634,36.101765,44.66892
16.961233,9.65609,43.837833,12.832161,11.503107,24.930033,14.730655,14.689864,17.810074,26.79882,16.886328,52.742386,15.553339,3.6695175,20.63214,19.771948,11.282837,41.969517,60.33557,12.612072,54.287746,15.878896,0.4752415,6.876239,17.958296,19.7842,27.692486,28.678314,23.649664,22.177458,33.543697,35.80163,44.90654
16.583504,10.13553,43.01952,12.830252,11.990098,24.927912,14.615204,14.689084,17.890226,24.611597,15.482244,52.946644,15.12245,3.6695175,20.074778,19.624384,11.289163,42.438545,60.241535,12.628893,53.197136,16.017647,0.4752415,6.6112847,18.161688,19.202906,28.274094,28.720165,22.215408,22.17791,33.885647,35.74522,44.800564
16.501741,9.968193,43.549717,12.837577,11.70228,24.915878,14.778942,14.719844,17.701532,24.24107,14.813831,52.74717,15.003044,3.6695175,19.612637,20.116165,11.283897,42.634388,59.4171,12.630472,53.125713,15.997479,0.4752415,7.012862,17.864777,18.905493,26.802752,29.346958,21.74087,22.177681,33.86259,35.413452,44.836884
16.351078,10.099923,43.072556,12.84829,11.932442,24.9163,14.756769,14.732848,17.903702,24.098825,13.679801,53.500393,16.042637,3.6695175,19.631481,19.783106,11.292726,42.813423,57.58826,12.623023,52.60421,16.176552,0.4752415,7.1346364,18.34516,18.892702,26.652819,30.487831,21.835537,22.176601,34.09396,35.156162,45.05142
16.13314,10.2493515,42.631317,12.833851,13.359171,24.934221,14.596182,14.741973,18.130323,24.277418,12.833268,54.04862,16.272232,3.6695175,20.239666,19.190702,11.299057,42.263184,56.70063,12.609428,52.06814,16.242954,2.2593203,6.8552814,18.444397,19.420662,27.518265,30.336542,22.177816,22.17797,34.34691,35.370743,45.022488
15.905336,10.107402,42.81128,12.819339,15.154364,24.948303,14.384478,14.756755,17.998423,24.390272,12.390924,54.33395,15.890474,3.6695175,20.64945,19.23719,11.301517,41.62033,56.654182,12.602177,51.50218,16.1527,5.867832,6.5464206,17.693604,19.817968,27.6375,29.318966,22.0782,22.176956,34.342716,35.403164,44.43255
16.329983,9.773209,42.80252,12.802777,15.867055,24.959906,14.159834,14.707272,18.124372,24.191256,14.389574,53.744568,16.502167,3.6695175,20.695858,19.273872,11.29403,40.937195,58.93025,12.613732,51.83988,15.982495,8.495051,6.914372,16.904724,19.900814,28.91835,28.064169,22.060272,22.175346,34.30164,36.00552,44.291462
16.50138,9.491681,42.738728,12.804706,14.581046,24.959385,14.064108,14.729181,17.986286,24.708307,15.098668,53.47837,16.706894,3.6695175,20.619297,19.520142,11.29871,40.881767,60.10704,12.61574,52.137413,15.911875,8.541979,6.845274,16.666748,19.794046,31.001686,27.248425,21.86443,22.175684,34.072308,36.047997,44.10178
16.54704,9.554126,42.38347,12.8059635,13.998829,24.96079,13.985553,14.731797,18.068317,25.298952,14.751468,53.298008,17.63476,3.6695175,20.420294,19.085829,11.296594,40.85965,60.908604,12.610473,52.301178,16.023607,8.241492,6.953508,16.769745,19.767597,32.149433,27.364357,21.786446,22.177317,34.048565,36.386845,44.148033
16.779999,9.5177965,43.160595,12.798207,13.734473,24.960232,14.003137,14.705233,18.067242,25.95788,15.13628,52.213432,18.695532,3.6695175,20.374252,18.916475,11.283844,40.757217,62.650692,12.607844,52.893246,16.016947,7.977853,7.3249717,16.44302,20.009232,32.434364,27.113844,21.686178,22.180273,33.94034,36.848545,44.176636
16.944872,9.887392,43.142838,12.8068495,11.653469,24.943075,14.247,14.698149,18.121733,26.224014,15.127819,51.921215,19.098671,3.6695175,19.95676,18.827074,11.273768,41.335514,62.82015,12.605637,53.636063,16.073524,4.2994943,7.460052,17.244041,20.16604,31.296316,28.40514,21.781422,22.183718,34.067463,37.00838,44.88733
16.763561,9.925563,42.82464,12.820142,12.438252,24.94401,14.273199,14.6969,18.252874,26.185688,14.420811,52.955975,19.522556,3.6695175,20.188808,18.827644,11.280419,41.448963,61.083393,12.597943,53.238316,16.132687,3.5663626,7.2462735,17.624306,19.98975,30.041353,29.37167,22.513702,22.180765,34.295723,36.444164,45.009384
17.12469,9.857261,41.93713,12.817678,13.442927,24.94731,14.372182,14.661159,18.6608,24.864517,16.755898,54.0408,19.743288,3.6695175,20.719576,19.103924,11.287708,40.824272,59.358448,12.610846,53.351013,15.7831545,4.730708,7.9102707,17.396585,20.160973,27.751793,29.655802,23.454897,22.176344,34.49494,36.582867,45.58253
17.107187,10.565726,42.604626,12.826547,12.872179,24.941313,14.420647,14.675877,18.132507,24.192755,16.77352,54.637566,17.359573,3.6695175,20.562746,20.36052,11.289802,40.81505,58.745747,12.62155,52.610577,15.507199,6.876605,7.256628,17.390266,20.725786,24.812489,29.488815,23.131159,22.17452,34.61204,36.070316,44.97346
16.987982,10.833087,43.4773,12.840169,12.450315,24.943155,14.342339,14.710161,17.761036,24.339611,15.731488,54.630974,15.797514,3.6695175,20.497753,20.974527,11.295341,40.744026,58.32178,12.623715,52.01465,15.586374,7.271699,6.5884767,18.221247,20.60289,24.780144,29.517427,23.438383,22.17583,34.65273,35.39766,44.477364
16.536556,10.863022,42.43126,12.865792,11.771557,24.94811,14.269559,14.755912,17.694448,23.397348,14.193621,55.325264,13.448369,3.6695175,20.466808,20.764435,11.320369,41.242317,56.38473,12.627899,50.94915,15.872398,5.1549034,5.895285,20.184301,19.918896,26.731865,30.113235,23.750471,22.176083,34.915543,34.617146,44.44997
16.300842,10.736248,42.63633,12.876311,10.91716,24.946175,14.16405,14.79102,17.43354,23.601671,13.007368,55.299324,12.588906,3.6695175,20.227522,20.773987,11.330994,41.708336,56.174934,12.6214695,50.467735,16.018938,4.744429,5.4429817,21.027187,20.146046,27.365574,30.20933,23.02268,22.180164,34.94446,34.151188,44.093742
15.687716,11.5275,43.064617,12.864805,11.315545,24.953785,13.926663,14.824028,17.476353,23.995092,10.375793,55.260338,13.115422,3.6695175,20.638527,20.190674,11.342402,41.941113,54.775932,12.604929,49.407925,16.235334,7.490835,4.9939723,21.413,20.712112,27.470825,30.58715,22.052008,22.18667,35.108433,34.010887,43.815926
15.655924,11.561075,41.88405,12.8962965,10.118968,24.964401,13.864635,14.848122,17.599602,23.584259,9.549192,55.385315,12.4492655,3.6695175,20.465837,19.900537,11.342863,41.68868,54.31113,12.604685,48.872078,16.45865,5.0733757,4.8119197,23.402107,19.851233,29.461681,31.705177,23.97916,22.187002,35.761475,33.756897,44.493946
15.935822,11.403785,41.71172,12.874918,10.168211,24.969727,13.829336,14.800841,17.65489,23.427402,10.372465,54.266758,13.240953,3.6695175,20.015326,19.688272,11.3207035,41.399803,57.879066,12.610513,49.400524,16.419153,5.7782807,4.8336,22.463947,19.643337,30.937296,30.52838,23.57683,22.186943,35.80304,34.604977,44.390404
16.350939,11.278921,41.389782,12.866114,10.980518,24.984217,13.909958,14.762724,17.869347,23.751894,12.48767,54.566975,12.683,3.6695175,20.845469,19.811625,11.317576,40.5005,57.68111,12.61282,50.030155,16.164852,6.9663363,5.025426,22.156687,19.870375,30.438656,30.141188,25.440098,22.181997,35.68746,34.951637,44.640842
16.54768,11.303876,43.66374,12.844502,12.437616,24.975084,14.072572,14.7266245,17.565538,24.174173,13.7928095,53.359924,12.538936,3.6695175,21.2278,20.223446,11.308754,40.78823,57.770638,12.621404,50.54926,16.09415,7.730035,5.2511773,21.171173,20.463812,28.829855,28.769974,24.650942,22.182026,34.996235,34.93437,43.985023
16.51449,10.96376,46.44351,12.85032,13.371113,24.95644,14.190255,14.75291,17.0015,24.947401,13.553201,53.054714,11.70148,3.6695175,21.108625,21.420977,11.306881,41.098038,56.88302,12.624973,50.637375,16.070404,7.664704,5.215618,20.447681,20.55799,26.452362,28.351362,24.05996,22.180567,34.37484,33.982887,43.151226
16.364023,10.646659,46.36444,12.865832,13.029761,24.94935,14.22237,14.787303,16.856367,25.006374,13.146478,53.587215,11.063597,3.6695175,20.986496,21.62132,11.317646,41.372116,55.78944,12.622813,50.476048,16.101896,6.139796,5.1943955,20.71272,20.349247,26.359001,28.742865,23.985117,22.1796,34.304718,33.47551,43.082283
16.197681,10.845002,45.23055,12.880758,11.224075,24.9374,14.237988,14.824554,16.82017,23.580122,11.706931,53.88619,10.991707,3.6695175,20.496105,21.392494,11.338098,42.622124,54.712368,12.626759,49.610157,16.390364,3.9607518,4.9198833,21.421312,19.681,29.907305,29.03708,22.776497,22.179472,34.50147,32.99906,43.293858
15.978811,10.873954,44.482685,12.869737,11.513336,24.938517,14.182637,14.846925,17.042217,23.161676,10.841737,54.25407,12.148331,3.6695175,20.693367,20.688046,11.352467,42.953266,53.789223,12.616975,49.33156,16.544357,4.1199646,5.038901,21.100851,19.70855,32.007275,29.06218,21.993317,22.18056,34.537327,33.093487,43.454235
15.841954,11.220752,43.125443,12.882353,10.583138,24.940277,14.158289,14.880461,17.20279,22.122446,10.072526,55.119953,11.842535,3.6695175,20.776592,20.604246,11.361641,42.945427,52.16048,12.618631,48.780937,16.539423,3.6553857,5.0931144,21.926842,19.40098,32.39806,30.055397,22.568542,22.180136,34.97469,33.05348,44.142666
15.776618,11.282035,40.614502,12.907814,10.447178,24.958635,14.104113,14.85754,17.754313,21.354568,10.126203,56.034138,10.957998,3.6695175,21.037077,19.943579,11.367836,42.506855,50.912766,12.623439,48.189125,16.598173,2.3633466,5.057235,23.999964,18.896217,32.68424,31.419533,24.616674,22.177538,35.69559,33.199852,44.997883
15.723063,11.179717,39.433716,12.895002,10.962715,24.964888,14.043457,14.837211,18.074127,20.688007,10.250479,55.99482,11.233726,3.6695175,20.924408,19.525465,11.360038,42.196426,51.830177,12.628411,48.211735,16.57161,2.7485301,5.2312965,23.644531,18.558207,33.11312,31.249907,24.703629,22.17565,35.813534,33.841385,45.267597
15.556534,11.782452,38.897034,12.916971,9.553059,24.96499,13.946915,14.869419,17.98358,20.97826,8.664731,56.249973,11.19172,3.6695175,20.472115,19.529545,11.353652,42.086185,51.7446,12.623411,47.70129,16.650877,2.60492,5.0166306,24.518139,18.441818,32.38012,32.46446,25.21679,22.178818,36.20619,33.810284,45.56323
15.639009,12.494098,37.567726,12.902808,8.962749,24.96634,13.833446,14.841376,18.055132,20.75058,8.015771,56.501522,11.046324,3.6695175,19.622465,19.265066,11.33888,42.042744,52.251564,12.619737,46.630676,16.54962,8.940547,5.0171924,23.535316,19.636486,31.513912,32.694557,23.22339,22.177309,36.547188,34.66006,45.50059
15.764925,12.1501465,38.883472,12.883851,12.432818,24.976091,13.887435,14.771059,18.459383,22.44145,8.9401245,56.242085,13.735154,3.6695175,20.10759,18.987673,11.312626,40.806965,52.076168,12.605707,47.36052,16.374434,11.55549,5.8786373,22.316187,20.454227,27.120586,33.436195,24.195677,22.176397,36.63539,35.092636,45.538475
16.259434,11.937539,39.759884,12.859214,13.278988,24.976553,13.886813,14.707248,18.485186,22.441484,10.839497,55.068417,14.70334,3.6695175,19.690321,19.305481,11.282161,39.960625,55.696594,12.613511,48.543148,16.142561,11.9628,6.4156804,20.969759,20.42983,25.674814,32.592194,24.50389,22.176476,36.607018,35.8979,45.44635
16.378685,11.572046,40.83826,12.8386135,14.306556,24.976004,13.950203,14.688793,18.402622,22.573206,11.938989,54.55973,14.563743,3.6695175,19.948181,19.514923,11.276336,39.785107,56.936436,12.615188,49.307194,15.98851,11.9104805,6.570004,19.981632,20.64312,25.164719,31.442394,24.261395,22.176931,36.22763,36.073616,45.13167
16.834019,10.563597,43.91804,12.810562,15.384615,24.970789,14.14163,14.688802,18.126865,24.204283,15.259199,53.8965,14.779414,3.6695175,21.027197,20.146317,11.282608,39.535572,57.77003,12.610847,51.491634,15.658315,11.409105,7.16876,18.512072,21.496988,24.385134,29.458723,24.246426,22.179525,35.164223,35.959026,44.618904
16.808382,10.181704,44.26353,12.810034,14.855026,24.964956,14.187415,14.719495,17.925915,24.309166,15.847156,53.727478,14.333754,3.6695175,21.274529,20.333355,11.294143,39.923344,57.38842,12.614193,51.7905,15.6612,10.095527,7.1416793,18.333773,21.273584,25.773832,28.680544,23.82737,22.179121,34.718735,35.693554,44.41186
16.62861,10.068531,42.735764,12.820057,13.540055,24.971743,14.064973,14.742127,17.906021,22.993023,14.9429245,53.751003,13.22522,3.6695175,20.865705,20.20749,11.303154,40.188366,58.140194,12.623706,51.063637,15.811868,9.1849375,6.567107,19.229568,20.382397,28.988798,28.475819,23.679768,22.178427,35.02456,35.610634,44.467693
16.232666,9.619552,41.284733,12.843852,12.409701,24.98407,14.02378,14.82306,17.874104,22.530697,13.165732,54.33431,11.929248,3.6695175,21.33375,19.999031,11.327471,40.26813,55.884243,12.613974,50.03041,15.9780245,8.029953,6.053757,20.655457,19.734911,32.208916,28.737722,24.609877,22.177732,35.23418,34.94617,44.66145
16.0284,9.497496,40.167065,12.832141,13.374525,25.007055,13.926122,14.821133,18.121895,22.29313,12.248481,54.307396,12.72854,3.6695175,22.203438,19.110245,11.341295,40.036407,55.359627,12.604067,49.3594,16.160177,10.3133335,5.6490316,20.35358,19.400276,36.04374,27.55574,24.856909,22.173616,35.0678,35.13836,44.4745
15.636468,9.513807,39.531063,12.825043,14.965587,25.027231,13.929461,14.852768,18.405169,22.618681,10.825894,54.930363,13.194915,3.6695175,23.36854,18.467493,11.353698,39.413807,52.921772,12.585353,48.715916,16.187567,13.434591,5.5601916,19.874937,19.515749,36.95969,27.157017,25.671356,22.170517,34.936157,35.172924,44.52081
15.6093855,9.413085,40.512524,12.820481,16.668993,25.032957,13.951232,14.8377695,18.41646,23.636324,10.795584,55.002457,13.565493,3.6695175,23.911352,18.251417,11.353482,39.215057,51.876102,12.571226,48.751263,16.219696,14.706898,5.6197243,19.633612,20.184864,35.738857,27.136587,25.968271,22.170198,34.849957,34.98122,44.231476
15.763302,9.65555,41.205215,12.803501,16.792007,25.033323,13.905916,14.791089,18.367577,24.98842,11.267801,54.31618,14.397005,3.6695175,23.554155,17.929106,11.336792,39.104187,54.279934,12.560748,49.32543,16.155336,16.897152,5.6617413,18.644865,21.05575,34.351948,26.602003,24.848991,22.172874,34.74421,35.672832,43.664295
15.923822,9.3854065,41.59563,12.81145,15.2765045,25.015953,13.906847,14.803302,18.044458,26.69569,12.263504,54.68652,14.275615,3.6695175,22.937767,18.599697,11.324555,39.18891,56.076214,12.554053,50.435562,15.926828,14.589439,5.618198,18.391565,21.456345,31.957119,27.03211,24.87341,22.174627,34.59477,35.70276,43.598446
16.194118,9.624389,41.864082,12.821372,13.425009,25.008497,13.7899275,14.793028,17.88313,26.32502,12.791139,54.267403,14.144845,3.6695175,22.135353,19.053635,11.319158,39.298603,58.088787,12.566794,50.59512,15.911354,13.372534,5.565967,19.174566,21.420399,31.868488,27.53687,24.569948,22.178759,34.895042,35.733913,43.659958
16.256681,9.913605,41.719444,12.833129,13.020323,24.999205,13.81193,14.757396,17.96168,25.693823,12.383203,53.982323,14.332156,3.6695175,21.127241,18.933874,11.309174,39.67517,59.377983,12.579507,50.49814,16.075155,11.004085,5.531273,19.885775,20.938105,31.589684,28.563683,24.02433,22.181343,35.30837,35.71083,43.87968
16.179941,10.193169,43.851067,12.860334,11.974684,24.987835,13.731028,14.793332,17.355679,25.623531,10.936762,53.19212,14.1385145,3.6695175,20.606918,19.561678,11.317001,40.4879,59.320976,12.58546,49.787163,16.46635,9.026759,4.957505,21.281149,20.641031,32.94059,28.811718,23.570452,22.185324,35.31296,34.596413,43.20773
16.228395,10.457777,44.235,12.874692,11.456834,24.976042,13.753341,14.78314,17.224726,25.206266,10.383926,52.791553,14.488064,3.6695175,20.171156,19.418768,11.321485,41.33447,59.123646,12.593327,49.437714,16.777706,6.6822815,4.851323,22.071276,20.361115,34.310112,29.128187,22.957447,22.18596,35.28618,34.23347,43.109764
16.19862,10.518882,43.307144,12.889192,11.171516,24.977201,13.774693,14.77583,17.353495,25.066767,10.061675,53.292885,14.436021,3.6695175,20.34049,18.933598,11.334365,41.705246,57.81071,12.589271,49.01603,16.942728,5.2819448,4.6280656,23.033478,20.419992,35.499577,29.693531,23.168747,22.1847,35.45539,33.970367,43.29564
16.390427,10.377477,42.53371,12.883793,10.67687,24.970312,13.819848,14.763361,17.535929,24.2343,10.6615925,53.290707,15.718058,3.6695175,19.908566,18.966557,11.323394,41.69653,59.243584,12.598944,49.553795,16.842499,4.019982,5.088771,22.327473,19.883667,35.986355,29.787971,23.015987,22.183558,35.562233,34.49433,43.884098
16.612495,10.340746,41.812904,12.860706,10.8369465,24.966413,13.890094,14.727886,17.800432,24.069683,11.816252,52.923397,16.664984,3.6695175,19.669584,18.795609,11.302775,41.41271,61.449688,12.609342,50.59107,16.648151,3.633354,5.6685185,20.897503,19.515837,35.89438,29.22084,22.960297,22.181456,35.361347,35.582024,44.35579
16.86982,10.228084,42.126358,12.8428755,10.340078,24.956278,13.970451,14.705448,17.736574,24.2702,13.074869,52.33129,16.916498,3.6695175,19.288528,19.19248,11.283062,41.272556,63.756054,12.614773,51.55502,16.348822,3.9819632,6.044258,19.507673,19.793478,34.425896,28.587328,22.301418,22.182167,35.11549,36.260105,44.44655
16.91595,10.481382,42.189735,12.8354025,10.025882,24.952978,14.01311,14.705048,17.744068,24.169765,13.355831,52.255196,16.787743,3.6695175,19.256243,19.322046,11.278875,41.323566,63.976013,12.617595,51.77783,16.265715,4.229079,6.10741,19.228815,19.87026,33.765896,28.45858,22.170855,22.182953,35.058273,36.454376,44.56134
17.145786,10.453002,40.874363,12.828152,9.797775,24.961906,14.017713,14.704193,17.93518,22.783123,14.731394,52.912838,15.555558,3.6695175,19.374702,19.774378,11.282975,40.807278,63.789932,12.632607,51.694244,15.997849,5.8333306,6.2096596,19.020515,19.469978,34.03484,28.151491,22.907825,22.178768,35.254105,36.656483,44.970516
16.960815,11.303465,40.106792,12.826501,10.381055,24.963358,14.019961,14.704484,18.285757,22.144476,14.140281,53.86065,15.669228,3.6695175,19.541264,19.5011,11.289454,40.840237,61.760418,12.63627,51.269318,16.071333,6.280882,6.272226,19.369925,19.188757,32.97207,29.203547,23.349915,22.177563,35.51172,36.63675,45.429325
16.662367,11.632826,39.82577,12.814419,10.846475,24.960066,13.96707,14.718903,18.331266,22.183296,13.3862915,54.295555,15.952858,3.6695175,19.646181,19.188002,11.293512,41.09649,60.949024,12.629358,51.02853,16.088928,7.4986153,6.2739396,18.669838,19.487709,32.26347,29.10735,22.439579,22.17733,35.3188,36.82322,45.281727
16.373577,11.414686,39.047253,12.819123,10.930144,24.960373,13.935161,14.743052,18.55537,21.622608,12.365631,54.68535,16.864248,3.6695175,19.700573,18.922646,11.299943,41.1625,60.138985,12.625538,50.82943,16.156399,6.306115,6.4266205,18.992767,18.99415,32.47072,29.792978,22.562094,22.17865,35.582825,36.727417,45.65327
16.030151,11.565206,40.066853,12.821929,10.904285,24.942026,14.1001835,14.735011,18.14563,22.26148,11.154376,54.42382,17.095001,3.6695175,19.298048,19.100765,11.29478,42.409733,60.43708,12.618843,50.666824,16.245977,5.343981,5.925841,18.31101,19.331823,30.59623,29.61259,20.59187,22.179548,35.214214,36.307285,44.929913
15.941391,11.281181,39.78692,12.818238,11.754864,24.953817,14.038472,14.732142,18.192987,22.78363,10.780558,54.707657,17.071224,3.6695175,19.587759,18.821115,11.296361,42.111595,60.45164,12.606381,50.36557,16.252697,7.232753,5.599918,17.897396,19.627249,31.400692,29.162949,20.703445,22.177599,35.237663,36.321877,44.6539
15.825704,10.908204,40.159527,12.835321,12.379926,24.955725,13.967602,14.747523,18.182095,23.053356,10.153655,55.08677,17.985207,3.6695175,19.695328,18.848068,11.305978,42.13214,59.12682,12.601849,50.001514,16.411577,6.3978767,5.6188946,18.604765,19.399548,31.498516,29.988798,21.195074,22.177382,35.405827,35.66618,44.581573
15.730078,10.731412,40.881435,12.859152,11.677966,24.952978,13.864706,14.809511,17.840746,22.28783,9.165485,55.191563,17.640036,3.6695175,19.545673,19.359272,11.325385,42.38315,57.581757,12.60638,49.176434,16.611094,5.414625,5.4049506,19.833643,19.050293,33.05538,30.3573,21.199602,22.179577,35.551514,34.67925,44.336258
15.711549,10.627035,39.816784,12.889552,10.357937,24.949036,13.816472,14.862261,17.756052,20.263103,8.405448,55.610176,17.077856,3.6695175,18.989714,19.630667,11.337229,42.592167,56.234146,12.619977,48.32214,16.825659,3.173647,5.408995,21.202398,17.982101,35.60725,31.05548,21.773926,22.176859,35.989777,34.144962,44.786915
15.678527,11.070967,39.41195,12.923559,8.935819,24.94853,13.79214,14.8949585,17.674942,19.524298,7.539496,55.831814,15.305943,3.6695175,18.694475,19.603415,11.350969,42.883495,54.33146,12.626868,47.49478,17.136295,1.0539849,5.1795173,23.55013,17.395813,37.03376,32.11735,22.728067,22.177298,36.37693,33.48056,45.105145
15.607551,11.608398,40.152378,12.91394,8.44147,24.951073,13.689846,14.913055,17.619638,19.598581,7.0810285,55.247578,15.363214,3.6695175,18.851698,19.441362,11.355606,42.834713,54.24032,12.624051,47.26935,17.205044,2.2459476,5.2217264,23.760483,17.706709,37.220463,31.959364,22.314968,22.18288,36.336567,33.568146,45.017345
15.498364,11.301459,40.19206,12.887808,10.136061,24.966114,13.6491375,14.907228,17.794268,19.071657,7.2605515,54.72671,15.283021,3.6695175,19.270452,19.234228,11.351165,42.150524,55.008373,12.627229,47.088207,17.118055,4.9133325,5.454357,22.502396,17.57364,38.34378,30.772667,22.211317,22.180895,36.210205,34.066673,44.776024
15.437018,11.471912,42.48462,12.874632,10.771394,24.963099,13.6491375,14.920789,17.435637,20.68165,7.181538,54.333473,14.362906,3.6695175,19.810558,19.922585,11.352296,41.935314,54.082275,12.616035,47.092937,16.892216,8.21157,5.383658,21.872778,18.826067,34.85253,30.369547,21.595955,22.185251,35.75716,33.704655,44.031593
15.189456,12.379181,42.205803,12.874707,10.745224,24.9621,13.6491375,14.927224,17.40704,20.927534,5.974974,55.19149,13.247625,3.6695175,20.253342,19.83733,11.366738,42.285126,51.62771,12.610829,46.289692,16.930786,9.630762,4.856686,22.382984,19.379635,33.72677,30.936026,21.369688,22.184923,35.740093,33.4275,43.944324
15.0656185,13.110886,41.87215,12.853634,11.307237,24.959557,13.758182,14.887593,17.333157,21.05237,5.7348447,55.260025,11.889256,3.6695175,20.591032,19.875801,11.360311,42.692112,51.82107,12.614726,46.164192,16.800568,10.630746,4.2217283,21.583838,19.669508,32.61952,30.03775,20.794668,22.181936,35.401577,33.746624,43.617954
15.013854,12.85678,41.467484,12.841227,11.989245,24.95749,13.945057,14.86351,17.391342,21.418074,7.047894,55.5263,10.7358465,3.6695175,21.013803,19.759766,11.361182,42.695774,51.769573,12.613827,46.877277,16.556187,10.220389,4.2239733,20.90973,20.278397,31.166077,29.563608,20.665064,22.180279,35.073296,34.0562,43.579655
15.525759,11.898634,42.412834,12.823747,11.610431,24.947626,14.093953,14.814843,17.38026,23.091434,10.014216,54.464615,12.594981,3.6695175,20.382193,20.03513,11.325793,42.316647,56.947662,12.614254,49.48544,16.192358,8.221327,4.855711,19.047497,20.345629,29.250235,28.538124,20.367462,22.182766,34.620182,34.999012,43.53691
16.054613,11.786836,43.275414,12.8109045,11.308796,24.94063,14.169964,14.772595,17.357517,24.284945,13.012059,54.15134,12.881183,3.6695175,20.718157,20.28009,11.320507,42.119316,57.814407,12.615424,50.77454,15.894678,8.503764,5.3760977,18.12529,21.268774,27.5025,27.95561,20.354557,22.182222,34.14339,35.408775,43.470387
16.249107,11.239069,44.826126,12.824524,11.045321,24.93792,14.205859,14.778577,16.97686,25.386162,13.873799,53.752083,12.220654,3.6695175,21.023233,21.131073,11.323392,42.066917,58.04208,12.614719,51.163597,15.803497,7.246364,5.0782676,18.461735,21.33001,26.741478,27.472994,21.124474,22.182465,33.84237,34.659176,42.94497
16.237053,11.599963,44.055294,12.842392,10.747092,24.936136,14.2086735,14.770943,17.141867,24.692968,13.2234955,54.127666,12.447944,3.6695175,20.576591,20.980639,11.321865,42.26336,57.882027,12.625726,50.928585,15.99752,4.8388543,5.016836,19.313988,20.342731,27.73008,28.442852,21.784393,22.180407,34.167957,34.489292,43.410183
15.966314,11.519142,42.503082,12.847385,10.9159975,24.944677,14.125359,14.79621,17.343693,23.688856,12.020859,54.80083,12.490673,3.6695175,20.633005,20.389078,11.33475,42.42827,56.835995,12.622726,50.217644,16.221155,4.3329067,4.804906,19.892586,19.767483,30.524519,28.734795,22.06341,22.178427,34.49846,34.40786,43.747208
15.830893,11.6216345,42.746655,12.8483095,11.251014,24.946493,14.0716715,14.825569,17.255993,23.514679,11.260926,55.05932,11.988643,3.6695175,20.798962,20.555262,11.341545,42.28008,55.500103,12.620683,49.641754,16.255367,5.6696115,4.7041345,19.972506,19.87495,30.592163,28.81691,22.099403,22.177738,34.511963,34.129044,43.60743
15.867931,10.952666,42.052643,12.854499,11.051654,24.940723,14.165435,14.84948,17.380991,24.245176,11.531033,55.842926,12.931836,3.6695175,20.509605,20.640137,11.327478,41.806644,55.806137,12.608289,50.493984,16.005077,4.6643224,5.3910513,19.23834,20.008608,28.288017,29.711575,22.662027,22.176765,34.606045,34.519596,44.174355
16.032686,10.473058,42.452946,12.848866,11.674081,24.935978,14.239254,14.840969,17.4974,24.548,12.246975,55.4585,14.35393,3.6695175,20.350943,20.64357,11.3147135,41.4635,56.27242,12.607321,51.226463,15.912081,4.035626,6.200536,18.529432,19.921463,27.099129,29.949415,22.776485,22.177038,34.52707,34.81126,44.4351
16.0923,10.189547,42.173607,12.840509,12.389127,24.934761,14.277442,14.830015,17.718527,23.86732,12.690953,55.168594,15.378617,3.6695175,20.311949,20.399395,11.309881,41.32315,56.192745,12.61227,51.45519,15.906806,3.6280823,6.8472533,18.07581,19.59959,27.316008,29.983501,22.7126,22.176142,34.543232,35.123753,44.786842
16.211536,10.076958,42.652466,12.824474,13.362209,24.948528,14.2773,14.792661,17.969181,25.322,13.621524,55.06741,15.903873,3.6695175,21.204514,19.810715,11.308853,40.938698,56.30452,12.592722,52.03873,15.8352995,5.05009,6.839583,18.038515,20.663376,26.841831,29.624006,23.314524,22.179161,34.499672,35.421894,44.772636
16.274958,10.113259,42.953587,12.830053,13.6277895,24.956205,14.279808,14.776602,17.954105,25.842525,13.8271675,55.082375,15.378883,3.6695175,21.579683,19.681639,11.310737,40.872627,56.14657,12.586848,52.044113,15.911258,4.61861,6.507224,18.644531,20.809965,27.248112,29.524689,24.200556,22.17861,34.522526,35.213196,44.645023
16.453684,10.082372,45.61276,12.835693,14.506821,24.964588,14.226758,14.738941,17.503492,26.821499,14.239092,53.404037,14.27578,3.6695175,21.77758,19.901329,11.308999,40.887802,56.843678,12.592204,51.844997,16.147133,5.319038,6.132116,19.882448,21.261747,27.687698,28.66737,24.283504,22.182394,34.320927,34.630447,43.585613
16.14502,11.057452,44.314526,12.842686,13.212614,24.955772,14.27798,14.726444,17.553608,25.903528,12.89177,53.80424,13.054222,3.6695175,21.503845,19.528242,11.319195,42.095192,55.905464,12.595951,50.83904,16.292944,4.773436,5.397691,20.545135,21.398176,27.75284,29.056442,23.017612,22.18236,34.44969,34.517193,43.61583
15.745509,11.094122,43.992725,12.860831,14.199721,24.96685,14.179577,14.736671,17.353794,25.901836,11.488747,54.613926,10.825999,3.6695175,21.733355,19.651836,11.334279,42.104633,53.99556,12.589437,49.366383,16.389141,6.65217,4.4477515,21.414717,21.669003,27.055588,29.161036,23.31457,22.179113,34.618553,33.67684,42.941772
15.684594,10.65633,43.582676,12.858061,14.238345,24.964851,14.231893,14.752833,17.233984,25.773561,12.014283,54.869118,9.894464,3.6695175,21.634989,19.924545,11.333223,41.841892,54.225685,12.590992,49.557945,16.186207,6.8022904,4.5213475,20.728941,21.71753,26.015654,28.748264,23.135376,22.177412,34.40543,33.819904,42.815636
15.875264,10.349022,44.837635,12.844704,14.320866,24.963882,14.214286,14.752296,17.00181,26.601912,12.8344145,54.337208,10.323878,3.6695175,21.67768,20.393,11.324027,41.500454,55.706142,12.586981,50.17297,16.009304,8.475255,4.5885673,19.791698,22.251558,25.274714,27.847298,22.799429,22.17883,34.11724,33.999454,42.374893
15.893181,10.460105,44.054886,12.845898,13.036435,24.96016,14.11101,14.777062,16.987226,25.867474,12.400553,54.645885,10.547532,3.6695175,21.336864,20.457922,11.333686,41.809,56.137398,12.591225,49.859936,16.058163,8.606845,4.3880844,19.749521,21.979742,27.331778,27.756042,22.09506,22.178919,34.21318,34.01481,42.448
15.861558,10.475748,42.949688,12.854764,12.117095,24.95599,14.071727,14.796257,17.028093,25.468592,11.998003,55.44239,10.477737,3.6695175,20.994028,20.378586,11.341569,42.079,55.917408,12.588935,49.559143,16.084505,8.229811,4.2429175,19.786205,21.922266,28.21347,28.120182,21.72067,22.17735,34.35423,33.966366,42.60808
15.518807,10.055448,40.99264,12.880361,11.429742,24.956888,14.012083,14.858115,17.207577,25.156717,10.5237055,57.20669,10.748231,3.6695175,20.883663,20.073082,11.364569,42.31362,54.11659,12.577374,49.011593,16.209394,6.213003,3.9201646,20.517866,21.399313,30.042282,29.23259,22.024141,22.175615,34.686863,33.386414,43.051704
15.26157,9.632331,40.99533,12.877373,13.641336,24.96394,13.961021,14.869355,17.339634,24.075644,9.906123,57.320526,10.8495865,3.6695175,21.040009,20.062145,11.363034,41.87605,53.02338,12.586052,48.5584,16.271065,6.564918,4.2275453,20.263496,20.609331,30.412176,29.24169,22.474136,22.172075,34.79908,33.21364,43.16983
15.447105,9.634758,41.581596,12.878546,15.375122,24.975609,13.937101,14.809223,17.602316,23.895876,10.4221115,56.48452,12.296323,3.6695175,21.089777,19.641474,11.348971,41.44109,54.154697,12.598079,48.910156,16.48326,4.9848614,4.646735,20.843826,19.624367,31.242804,29.517424,23.750723,22.171381,35.042133,33.369476,43.39327
15.135671,9.572788,42.641487,12.873292,17.272242,24.975285,13.931617,14.809575,17.371948,25.039682,9.967642,56.823303,11.966682,3.6695175,21.321972,20.208195,11.337065,40.96418,53.59731,12.588054,48.799587,16.255741,7.3605733,4.4281106,19.629286,20.181332,27.208202,29.379076,23.860744,22.168724,34.76816,33.10774,42.82229
15.072838,9.602374,42.502254,12.867364,17.4035,24.976366,13.921494,14.809941,17.358337,25.197208,10.064199,57.009766,11.789315,3.6695175,21.479162,20.38019,11.332579,40.688335,53.726906,12.584697,48.838013,16.082973,8.418624,4.33522,19.084087,20.468061,26.021097,29.181673,23.94253,22.167925,34.731144,33.264133,42.809048
15.030099,9.588177,41.792118,12.85172,17.59792,24.980165,13.899023,14.802639,17.52269,24.884724,10.399214,57.05314,12.047951,3.6695175,21.80057,20.082533,11.333624,40.621105,53.97309,12.58309,48.946453,15.992455,9.167188,4.424489,18.421078,20.497734,26.611572,28.602446,23.70594,22.167002,34.648895,33.686596,42.964405
15.38417,9.651285,41.406494,12.827587,17.185802,24.981478,13.920741,14.75601,17.766434,24.977238,11.931234,56.253094,13.181599,3.6695175,21.751934,19.69374,11.318647,40.442314,56.52972,12.58589,49.970436,15.858136,9.293895,4.9145074,17.46379,20.43519,27.313305,27.757936,23.462282,22.168024,34.519783,34.69145,43.270454
15.267655,9.450257,41.00912,12.829431,19.722416,24.992352,13.899009,14.732156,18.09459,24.062654,11.633478,56.408504,13.732099,3.6695175,21.868273,19.14584,11.315364,39.94734,55.233437,12.591784,49.562756,16.05808,9.143158,5.383026,17.683113,19.728165,27.723038,28.240736,24.442959,22.163548,34.766876,34.69523,43.544083
15.217845,9.39643,40.055565,12.830409,19.684002,24.994186,13.895088,14.745532,18.3165,23.49402,11.21336,56.777092,14.068911,3.6695175,21.898958,18.818089,11.319353,39.904705,54.299072,12.590645,49.293617,16.121088,9.127347,5.623454,17.813112,19.491392,28.52759,28.65471,24.629194,22.162094,34.932755,34.855434,43.952652
15.624129,9.458218,40.878574,12.83146,18.787966,24.99515,13.947734,14.724352,18.173868,23.871798,12.169741,55.919067,13.628254,3.6695175,21.71507,19.092098,11.309636,39.71544,56.158493,12.595756,49.9651,16.09966,7.9413,5.628382,18.223785,19.363577,29.11514,28.391533,25.299877,22.164324,34.938084,34.947548,43.93623
15.88775,9.954569,39.57366,12.831893,16.16027,24.99026,13.863075,14.711291,18.183207,21.857096,12.2285795,55.153248,13.3481,3.6695175,20.715532,19.268051,11.307369,40.27855,58.80865,12.625958,49.620983,16.207035,7.369182,5.304889,18.547379,18.309246,33.137463,27.757902,24.173298,22.16384,35.095814,35.383312,44.1538
15.924148,10.103168,39.89606,12.840402,14.251569,24.980879,13.853294,14.733224,17.871187,21.265596,12.043082,54.52325,12.339945,3.6695175,20.191944,19.693413,11.312527,40.90573,59.465107,12.638256,49.35794,16.295654,6.160468,4.998245,19.28139,18.070545,34.44264,27.563545,23.313766,22.166655,35.075157,35.1065,43.91709
15.945283,10.150168,39.487053,12.850102,13.281892,24.975237,13.888442,14.754448,17.859966,21.036839,11.845338,54.79921,12.279544,3.6695175,19.922476,19.83104,11.312831,41.03196,59.395866,12.64025,49.435272,16.302977,4.6190295,5.0390744,19.617567,17.742271,34.627098,28.091034,23.603281,22.166895,35.227592,35.051636,44.240234
15.830767,10.185778,38.456795,12.871444,12.256073,24.97295,13.902103,14.786797,17.90762,20.855904,11.158567,55.771946,11.616206,3.6695175,19.78136,19.82059,11.323413,41.20147,58.00519,12.636373,49.048367,16.360504,3.1774209,4.8793297,20.618975,17.598566,34.574688,29.19241,24.18333,22.16623,35.53961,34.731045,44.588448
15.571681,10.498867,36.903812,12.87305,12.734621,24.982056,13.829828,14.787658,18.328102,20.358368,10.079509,56.633804,12.042216,3.6695175,20.06198,19.206291,11.330458,41.02577,56.643116,12.631686,48.457386,16.453203,3.8471358,4.8190603,20.969032,17.341768,34.798416,29.952583,24.768024,22.164143,35.840157,34.92538,45.053265
15.500121,10.786836,36.08296,12.83649,13.859992,24.99718,13.678563,14.763063,18.784039,19.736088,9.770745,56.510788,13.244684,3.6695175,20.525707,18.42707,11.331021,40.6502,56.42838,12.625776,47.930367,16.423712,9.270357,5.0994444,19.848782,18.00834,35.987434,29.2841,23.696426,22.163538,35.917603,35.788734,45.15598
15.874004,10.790699,36.413605,12.813774,13.9916725,24.991404,13.845871,14.709878,18.858086,20.019068,12.140403,56.096172,12.961583,3.6695175,20.80637,18.411137,11.324862,40.792736,56.953148,12.627877,48.73703,16.172338,10.26322,5.545833,18.948221,18.957088,34.435226,28.44865,23.124949,22.162897,35.531586,36.36192,45.176147
16.043028,10.420022,38.277416,12.811147,13.231505,24.975397,14.01664,14.735985,18.402273,21.26261,13.640999,55.667942,12.4737215,3.6695175,20.903437,19.13934,11.321838,40.950184,57.201122,12.622208,49.830128,15.89123,9.211623,5.8506966,18.35635,19.91554,31.910263,28.031803,22.619064,22.167612,35.068005,36.182373,44.859734
16.228138,9.728738,39.10038,12.821651,14.549426,24.976118,14.181619,14.732346,18.530844,21.792444,14.576669,55.52481,12.732587,3.6695175,21.48658,19.347446,11.31809,40.424397,55.970966,12.620133,50.536835,15.818903,6.234506,6.5548763,18.75002,19.432943,30.410112,28.54502,24.633635,22.166336,35.005768,35.812057,45.258068
16.08563,10.481152,39.891296,12.814563,16.166374,24.981216,14.195408,14.722793,18.755903,22.09131,13.758355,55.547707,13.791028,3.6695175,22.034029,18.919662,11.314483,40.05867,54.61628,12.614622,50.5802,15.960812,6.511451,6.704311,18.844402,19.453814,29.33962,29.228598,25.574167,22.168056,35.05266,35.85103,45.475777
15.767727,10.943079,40.204285,12.847978,15.076628,24.986994,14.100863,14.767014,18.614994,22.331093,11.59446,55.796436,13.386561,3.6695175,22.411533,18.65882,11.3411875,40.807903,52.20547,12.607858,49.387344,16.408485,4.8634496,5.8407187,21.433609,19.33868,31.635303,30.188831,26.018024,22.172752,35.38115,34.740383,45.25331
15.671968,11.53326,39.746346,12.868934,12.452281,24.978596,14.003192,14.821308,18.375536,21.587526,9.929005,55.90777,13.381233,3.6695175,21.86032,18.726402,11.357189,41.734386,51.773243,12.612351,48.54637,16.704897,3.4394133,5.3524814,22.771954,18.93886,34.562614,30.789694,25.21633,22.176355,35.6739,34.290535,45.33397
16.1646,11.956056,40.250183,12.889057,10.292066,24.96447,14.134027,14.821529,18.350615,21.850306,11.199049,55.862316,13.396342,3.6695175,21.500526,19.138693,11.35824,41.9969,51.11083,12.619194,49.025234,16.657532,1.715563,5.940018,23.822556,19.181622,33.534603,31.979128,25.50512,22.17926,35.799522,34.105762,45.804268
16.115627,12.597387,40.674343,12.877486,10.310529,24.958801,14.076347,14.816636,18.484922,22.262114,10.621987,55.94846,15.176763,3.6695175,21.403532,18.7806,11.358812,42.17182,50.886852,12.612823,49.13212,16.733145,2.6915238,6.1676173,23.392813,19.550524,32.926533,32.444977,24.465717,22.18259,35.717876,34.31158,45.790287
15.840453,12.527838,40.172424,12.848365,12.291868,24.953938,14.190626,14.770861,18.783987,21.53906,10.654037,55.802715,15.471917,3.6695175,21.628788,18.406862,11.348754,42.47939,51.08083,12.618513,49.26844,16.6412,2.9556937,6.457147,21.801357,19.33181,31.587334,31.73622,23.631815,22.178059,35.385742,34.917065,45.843727
15.78496,12.968025,38.792336,12.829435,11.943011,24.941221,14.326369,14.727866,18.975943,19.391535,9.7309265,55.20216,16.836496,3.6695175,21.04428,17.776266,11.344448,44.02026,52.342102,12.633397,48.798115,16.970406,1.5943629,6.2786694,21.024366,18.44896,35.311016,30.68703,21.72518,22.173635,35.332626,35.454773,46.074398
15.679853,13.152099,38.939705,12.8242655,12.499492,24.951597,14.238169,14.721276,18.902952,20.264345,9.232487,55.307133,16.057041,3.6695175,21.460712,17.458797,11.353615,43.995907,51.733574,12.61923,48.25707,17.011593,3.987461,5.7661734,21.15384,19.337313,35.363567,30.327702,21.334642,22.17546,35.279713,35.28731,45.552765
15.498676,14.264963,38.478954,12.827616,12.063326,24.953047,14.177536,14.703691,18.831694,20.46768,8.5150175,55.79095,14.624306,3.6695175,21.57629,17.339468,11.360841,44.381138,50.824253,12.61736,47.417374,17.035412,5.188621,5.127138,21.850086,19.902802,34.21225,30.560322,21.085567,22.175707,35.381165,35.1875,45.2899
16.17462,14.774695,39.456417,12.821794,10.388429,24.95038,14.17283,14.675907,18.43467,20.638737,10.766186,54.582527,13.980042,3.6695175,21.308481,17.860535,11.354692,44.301453,52.931923,12.630098,47.989567,16.906954,5.7080655,5.1835794,21.84471,20.427616,35.11232,29.579699,20.863464,22.178404,35.243584,35.451042,44.99891
16.579842,14.152808,40.059345,12.814283,9.566051,24.949598,14.1698065,14.6638975,18.098455,20.644814,12.344542,53.494747,14.087399,3.6695175,20.667295,18.408897,11.337436,43.89532,56.56695,12.641637,48.8284,16.755037,5.8117595,5.036496,20.907461,20.342651,36.454273,28.210691,20.540798,22.178535,35.059647,35.85783,44.64862
16.788048,12.80943,41.82629,12.810488,8.065452,24.93408,14.262674,14.705308,17.673155,21.536346,14.416326,52.480988,13.977006,3.6695175,20.181475,19.50417,11.323954,43.465836,59.024937,12.643903,50.484356,16.302576,4.821955,5.7055326,19.80897,20.70933,34.29009,27.652554,19.797096,22.184155,34.6846,35.96867,44.422607
17.036339,11.852799,42.544964,12.802247,8.041741,24.936886,14.166859,14.68405,17.527672,22.09474,15.047935,51.169964,15.000917,3.6695175,19.34482,19.811657,11.291628,42.68841,63.847454,12.65019,51.511578,16.13539,5.243417,5.953332,18.726143,20.48,34.093822,26.711288,19.46353,22.18664,34.569313,36.750298,44.196186
17.008314,11.28008,43.10716,12.814848,8.66456,24.940872,14.13918,14.675501,17.34772,22.74304,15.174664,50.80349,14.26173,3.6695175,19.289722,19.976212,11.288428,42.381977,64.33835,12.652389,51.54024,16.167643,4.1849203,5.7771697,19.312756,20.289232,33.577007,26.633959,20.046133,22.186539,34.50432,36.43394,43.80142
16.94639,10.819433,43.783394,12.831401,9.722097,24.942032,14.169345,14.682452,17.21508,23.670176,15.162461,51.261974,13.665046,3.6695175,19.46017,20.319944,11.288469,42.109367,63.538242,12.648636,51.68438,16.177261,2.6543322,5.6929584,19.679846,19.943619,32.22139,27.064707,21.225645,22.184027,34.41297,35.800217,43.603447
16.936205,10.734904,42.87059,12.835004,10.148866,24.949404,14.152383,14.662042,17.35287,23.626019,14.972043,51.79905,13.642012,3.6695175,19.503382,19.989584,11.286574,41.92651,63.812485,12.643193,51.55883,16.178286,2.6946495,5.4612455,19.788485,20.032135,32.35328,27.2685,21.673748,22.181927,34.64361,35.955402,43.72398
16.612585,10.741661,41.519196,12.841732,10.571057,24.952337,14.134885,14.659724,17.489384,22.882893,14.238969,52.277668,12.559306,3.6695175,19.52776,19.478788,11.298407,42.235867,62.452408,12.644123,50.799534,16.30344,1.768503,5.2106314,20.458988,19.764847,32.541145,27.548874,21.449963,22.180239,34.764683,35.776924,43.694378
16.543673,10.670003,40.933468,12.837698,11.071221,24.944832,14.159402,14.6431465,17.565218,22.379868,14.180192,52.57507,12.429977,3.6695175,18.993145,19.462496,11.290786,42.42639,63.070927,12.649259,50.73146,16.263649,1.915851,5.314068,19.480495,19.534637,32.17105,27.38018,20.635267,22.176128,34.656673,35.992966,43.675735
16.591866,10.616335,41.658207,12.843418,11.478908,24.940353,14.149485,14.635988,17.644268,22.810513,13.804522,52.705807,13.8274355,3.6695175,18.930515,19.260336,11.297146,42.821384,62.72349,12.645631,50.738693,16.456488,1.7933981,5.5117044,19.477068,19.661951,33.200176,27.828602,20.152847,22.176434,34.645664,35.71917,43.61487
16.664421,10.48528,42.55284,12.850054,10.561948,24.935108,14.225103,14.672134,17.515265,24.020372,14.07691,52.721592,14.147664,3.6695175,19.272722,19.417416,11.304998,42.91279,61.821404,12.634213,51.313026,16.441528,0.65544736,5.6721697,19.794147,20.052755,32.998997,28.143526,20.543028,22.179688,34.453392,35.41265,43.666725
16.593737,10.823081,42.043625,12.859257,9.873103,24.9316,14.356756,14.668983,17.617682,23.847189,13.697018,53.03768,13.536438,3.6695175,19.707249,19.099535,11.3175,43.621334,59.838898,12.626906,50.921158,16.540073,0.4752415,5.462445,20.698544,20.446283,32.79014,28.692808,20.679327,22.179996,34.59269,35.1025,43.940365
16.742338,10.460115,42.16162,12.861981,9.023539,24.928383,14.583819,14.691125,17.690126,24.945082,14.8517,53.247547,13.60393,3.6695175,20.377861,19.311548,11.314007,43.35814,58.815407,12.613484,51.964035,16.285192,0.4752415,5.9428535,20.598497,20.676914,30.722166,29.159407,22.137253,22.180275,34.391125,35.14682,44.564175
16.642723,10.58172,43.13094,12.865709,7.6622243,24.923954,14.665942,14.752591,17.387335,26.410736,14.709472,53.474228,13.449123,3.6695175,20.7733,19.867712,11.316732,43.21851,57.944576,12.595863,52.5872,16.090748,0.4752415,5.857951,20.681849,21.270878,28.667624,29.526094,22.569466,22.185547,34.209095,34.83461,44.50872
16.683048,11.27125,41.799175,12.853886,7.240168,24.930174,14.578099,14.7276,17.669258,26.071674,14.764114,53.879677,14.101957,3.6695175,20.471527,19.704624,11.297815,42.630116,59.87856,12.597023,52.741085,15.878688,0.4752415,5.717916,20.094624,21.34926,27.869267,29.653542,22.917011,22.185175,34.585262,35.786697,44.97098
16.459726,12.341771,40.082672,12.862155,7.21648,24.941692,14.327536,14.715459,18.073694,24.32438,13.2766905,54.393948,14.123771,3.6695175,20.176022,19.147112,11.307127,42.663857,59.502064,12.616283,51.49017,16.182983,0.4752415,5.243158,21.717958,20.371426,30.274462,30.369999,23.392435,22.185202,35.284397,35.885128,45.406242
16.625187,12.520457,39.18811,12.865078,6.764665,24.951567,14.1819315,14.702466,18.138819,23.08986,13.005153,54.051292,14.375963,3.6695175,19.940105,18.867447,11.311584,42.632328,60.347515,12.62937,50.817444,16.399574,0.4752415,4.922081,22.620903,19.908428,33.834454,30.041367,23.524323,22.184986,35.68904,36.03779,45.527176
16.588644,13.757993,39.961746,12.85037,6.658705,24.956816,14.047345,14.690794,18.039165,23.795969,12.364826,53.756752,14.696789,3.6695175,20.38118,18.45751,11.323017,43.04458,59.336742,12.619373,50.065445,16.572577,3.4328272,4.5070767,22.721325,21.085289,34.61226,29.57045,22.338991,22.187864,35.563183,36.05947,44.92834
16.573137,13.074967,40.785988,12.871355,5.91474,24.946321,14.124204,14.740218,17.51711,24.250698,12.533805,54.363964,13.259092,3.6695175,20.162153,19.407211,11.336897,43.314743,58.663,12.616938,50.107014,16.500004,2.1662915,4.181939,22.79321,21.09274,33.822464,29.663305,22.175674,22.187069,35.3324,35.078487,44.40364
16.684261,12.480768,40.702538,12.870399,5.8698993,24.945908,14.132351,14.748354,17.409498,23.968786,12.764892,54.272926,13.38722,3.6695175,19.889215,19.463717,11.339388,43.284363,59.441757,12.617406,50.18429,16.544434,2.2302785,4.1640763,22.351229,21.001808,35.638958,29.162329,21.795288,22.18526,35.26366,35.072575,44.211388
16.495552,11.8640785,39.983795,12.881126,6.4344573,24.952803,14.083933,14.779021,17.45791,23.374928,12.138303,54.927013,12.730407,3.6695175,19.936722,19.327394,11.354279,43.10307,58.139484,12.613827,49.653503,16.658241,1.858834,4.07854,22.88213,20.625063,36.831383,29.478811,22.17522,22.18313,35.410168,34.62878,44.187172
16.446142,11.629042,39.162354,12.895626,7.080332,24.973299,13.947415,14.757716,17.613714,23.221973,11.426887,54.83291,12.215593,3.6695175,20.056612,18.88491,11.355331,42.517044,57.97592,12.613366,48.839336,16.833963,2.5476742,3.8736339,24.299623,20.313486,37.745018,29.972878,23.288809,22.181776,35.84313,34.52278,44.197353
16.275978,10.846555,39.89766,12.883103,8.861615,24.976799,13.898893,14.7887535,17.68041,25.050032,11.798589,55.641396,13.555919,3.6695175,20.548674,18.9621,11.354843,41.796463,57.953773,12.594203,49.843292,16.639915,3.526763,4.1737556,22.514439,20.361034,36.50993,29.55256,23.598324,22.179409,35.25127,34.554264,43.899906
16.402603,10.353047,41.43192,12.858903,9.142396,24.970007,13.807622,14.781336,17.421167,25.40358,12.249331,54.349094,14.730475,3.6695175,20.14258,19.534061,11.331829,41.577625,61.371906,12.596659,50.62277,16.397503,5.080373,4.5905595,20.440077,20.390444,35.94867,28.251368,22.284843,22.181776,34.92653,35.06924,43.417465
16.432873,10.37168,42.113873,12.854689,8.274472,24.96365,13.812033,14.809237,17.282988,25.955568,12.41168,54.125774,15.0504875,3.6695175,20.152256,19.982685,11.326255,41.479366,61.81115,12.59224,51.11135,16.228594,5.0033274,4.7740855,20.111694,20.59416,34.664707,28.253744,22.249954,22.185104,34.855614,35.123043,43.49679
16.167446,10.954953,42.29431,12.8293705,10.540327,24.971779,13.681462,14.801304,17.533443,23.802626,11.282106,54.080513,14.063834,3.6695175,20.109009,20.205599,11.319649,40.993286,60.249817,12.607584,49.644512,16.150152,10.888351,5.0775304,19.321047,20.658829,32.4422,28.226465,21.38779,22.183369,35.18958,35.289577,43.476627
16.151514,11.047345,40.938633,12.822461,11.516211,24.9799,13.657577,14.770789,17.852707,22.069157,10.897717,53.429096,13.703266,3.6695175,19.300282,19.948952,11.2902,40.1777,61.84499,12.62606,49.307537,16.121546,11.303617,5.6285324,18.921137,19.511183,32.179317,28.378399,21.934267,22.18016,35.65368,36.1321,44.045933
16.068457,11.077914,40.325924,12.843875,10.838293,24.965397,13.787849,14.785058,17.620497,20.951637,10.1709585,53.47373,12.694777,3.6695175,18.675995,20.338512,11.285913,40.890724,61.46845,12.640129,48.905533,16.257719,7.647975,5.378027,19.43053,18.399239,32.62584,28.671715,22.020508,22.176516,35.662098,35.67683,44.18551
16.014189,10.998139,39.945995,12.841156,11.088115,24.970274,13.795761,14.783607,17.641,20.512283,10.1728525,53.377827,12.345589,3.6695175,18.817175,20.158104,11.288145,40.851727,61.502563,12.642112,48.779728,16.282995,7.457213,5.2928057,19.401628,18.178877,33.623432,28.272137,22.112803,22.17535,35.63077,35.747112,44.15975
15.984563,10.807884,40.527485,12.842557,11.502007,24.968903,13.826908,14.776962,17.48784,21.763067,10.568517,53.923695,11.92316,3.6695175,19.17868,20.259888,11.293464,40.93884,60.97494,12.629065,49.016068,16.18126,7.9071355,4.9695044,19.259754,19.083775,31.961504,28.232649,22.034014,22.175396,35.405136,35.464123,43.74338
16.18649,10.925898,39.38554,12.854932,11.002569,24.972368,13.8189745,14.746378,17.703041,21.851654,11.322914,54.490826,11.626615,3.6695175,19.062063,20.080519,11.2918625,40.707043,61.02363,12.631067,49.142616,16.138798,6.8953896,5.006514,20.034815,19.082344,31.428997,29.136475,23.040186,22.173588,35.74631,35.620625,44.199764
16.07724,11.373454,38.24142,12.867468,10.254278,24.972412,13.821045,14.755397,17.901133,21.367378,10.865372,55.260784,11.276615,3.6695175,19.070803,19.795889,11.302448,40.938316,59.540356,12.632573,48.70712,16.223148,6.109199,4.9457746,21.02013,19.009554,31.52304,30.206573,23.431934,22.17344,36.072845,35.55953,44.66589
16.09558,12.374789,38.776028,12.844378,11.294504,24.971884,13.8153925,14.71437,18.076258,20.47383,11.069589,54.31494,11.461934,3.6695175,19.037079,19.521845,11.29238,40.89125,59.614285,12.653,48.633396,16.342625,7.1791368,5.2607665,20.82766,18.733213,31.125668,29.804138,23.069845,22.173382,35.877808,36.129295,44.674713
15.945043,12.510571,40.816555,12.830679,11.487598,24.948784,14.117773,14.731162,17.72249,21.920261,11.945986,54.29495,11.803515,3.6695175,19.915232,19.717228,11.307298,42.06312,58.180256,12.644263,49.764748,16.257563,4.630676,5.1471457,19.82787,19.527119,29.729136,28.839312,21.904158,22.175919,34.833813,35.678303,44.217342
15.777652,12.724853,41.047745,12.823192,11.566072,24.94533,14.147373,14.755315,17.676426,22.442818,11.752376,54.57834,12.192361,3.6695175,20.49811,19.508823,11.321618,42.374752,56.891747,12.634137,49.855434,16.291817,4.3501034,5.0322323,19.388945,19.749706,30.284555,28.505272,21.562595,22.176111,34.46833,35.501938,44.07526
15.538848,12.6484995,41.153496,12.823701,11.732267,24.942326,14.137163,14.78244,17.767483,23.159126,10.907303,55.09809,13.279757,3.6695175,20.784708,19.17759,11.332645,42.665283,55.95578,12.619398,50.012276,16.382717,3.496086,5.121256,19.27595,19.774748,30.457117,28.953722,21.296581,22.178198,34.407703,35.285408,44.120728
15.353386,12.528878,41.18281,12.812773,13.1822195,24.957409,13.982018,14.792053,17.973925,23.997168,10.088989,55.301426,14.446739,3.6695175,21.497316,18.504675,11.342029,42.33233,54.84834,12.599282,49.67851,16.518736,5.9135656,5.138821,18.978579,20.070457,31.673302,28.705942,21.431778,22.17841,34.375862,35.27526,43.89135
15.402426,11.774183,40.417244,12.814228,14.070065,24.963923,13.941565,14.792105,18.279318,23.337994,10.444128,55.80238,15.756684,3.6695175,21.773314,18.418556,11.342982,41.924076,54.687664,12.599549,49.83683,16.45949,5.3265486,5.549764,18.643353,19.482437,32.574844,28.85393,22.285149,22.17535,34.565716,35.312843,44.405064
15.097537,10.918941,40.286552,12.833989,14.703077,24.97102,13.917962,14.862671,18.27689,24.014713,9.115717,56.797974,16.277983,3.6695175,22.02903,18.629478,11.347096,41.292294,52.87944,12.582828,49.59799,16.452007,5.118907,5.596559,18.997133,19.294939,32.25294,29.812944,23.683374,22.174042,34.868046,34.769173,44.629604
15.12814,10.476307,39.475273,12.859537,14.04675,24.977695,13.879112,14.907206,18.320934,23.19684,8.513252,57.50461,16.001232,3.6695175,21.85688,18.9535,11.349077,40.73435,52.10433,12.58396,49.200752,16.472584,4.0223794,5.6096683,20.008917,18.698864,33.300285,30.821669,25.360466,22.172064,35.426453,34.429558,45.235825
15.235338,10.387438,38.167988,12.852088,14.342163,24.996845,13.6491375,14.902903,18.695044,21.651653,7.784444,57.36202,17.15599,3.6695175,21.454405,18.75011,11.340178,39.73032,52.589878,12.586305,48.04759,16.436789,9.222852,6.0695224,19.687841,18.685213,34.646683,31.189901,25.30691,22.170252,36.252254,35.018997,45.646545
15.482849,10.340534,38.13561,12.834778,14.933775,25.016165,13.6491375,14.867037,18.866915,21.925762,8.507095,56.631626,16.691805,3.6695175,21.710371,18.506905,11.329227,38.807194,53.97853,12.581628,48.080227,16.318987,12.707382,6.2005925,19.086119,18.993166,35.35368,30.228487,25.801626,22.168745,36.29827,35.58175,45.490955
15.795599,10.117271,38.686863,12.820141,15.472466,25.030886,13.6491375,14.822144,18.866411,23.011068,9.899594,55.718414,16.112482,3.6695175,22.15743,18.325108,11.321153,38.15736,55.656887,12.575685,48.763603,16.201086,14.329519,6.280541,18.57455,19.25915,35.71497,28.891264,26.398718,22.167526,35.929466,35.992832,45.07294
15.864608,10.0637245,38.601585,12.83074,15.219141,25.034424,13.6491375,14.799931,18.765478,24.441685,10.632632,56.217655,15.311563,3.6695175,22.750118,18.231255,11.327757,38.311188,55.04152,12.562734,49.025234,16.171604,13.418917,5.5955143,19.256416,19.907244,35.382256,28.683577,27.265955,22.165327,35.67478,35.677845,44.786674
15.860061,9.995408,38.572968,12.84904,14.61349,25.03188,13.702799,14.791817,18.650791,25.84652,11.346171,56.81611,14.650925,3.6695175,23.337236,18.16745,11.340983,38.774796,53.73363,12.550882,49.204105,16.189478,11.224244,5.0084567,20.362202,20.52512,34.762318,28.822992,28.023357,22.164547,35.40899,35.147465,44.590515
16.334621,9.852536,37.04497,12.88283,12.590208,25.02457,13.926035,14.792611,18.942457,25.040096,12.101543,57.26001,14.467056,3.6695175,23.039547,18.476591,11.3383255,38.578537,53.200314,12.562413,49.438908,16.140455,5.887224,5.327616,21.972593,19.508423,35.247005,30.377893,30.570984,22.162952,35.849937,34.960293,45.891743
16.586636,10.106453,37.009956,12.90094,11.164591,25.016117,14.038461,14.781864,18.940033,24.41916,12.366958,56.685062,13.918374,3.6695175,22.818806,18.473083,11.3421955,39.19079,52.71946,12.578175,49.218708,16.32506,2.8506744,5.4017467,23.701565,19.21157,35.9263,30.949314,30.897566,22.16593,35.99068,34.76542,46.20481
16.747038,10.261687,37.8789,12.918279,10.065331,25.005995,14.128325,14.79445,18.741821,24.159338,12.626762,55.921253,13.312342,3.6695175,22.83072,18.631979,11.34838,39.808968,51.453506,12.589644,49.0428,16.509956,0.4752415,5.6204324,25.401327,19.204758,35.994633,31.358994,31.04694,22.170462,35.96891,34.333145,46.28547
16.48684,11.096895,38.369198,12.913084,10.205536,24.994486,14.132819,14.786289,18.968645,23.541914,11.903482,55.729847,13.474972,3.6695175,22.430365,18.434568,11.344871,40.338142,51.14731,12.600343,49.078182,16.619244,0.4752415,5.8338933,25.740982,19.093676,34.19941,32.241272,30.086348,22.176168,36.14998,34.448204,46.520733
16.016415,12.222197,38.411064,12.895885,11.111134,24.981121,14.106136,14.757327,19.374847,22.543015,10.500338,55.89453,14.575898,3.6695175,21.762531,18.018658,11.336092,40.920162,51.49495,12.611778,49.078274,16.743559,0.4752415,6.05998,25.096472,18.627459,32.0788,33.291443,28.467272,22.178991,36.36201,34.870045,46.771076
15.556149,13.525437,38.75877,12.87484,11.762704,24.967611,14.066519,14.729396,19.549164,21.998177,9.190157,55.746887,15.902564,3.6695175,21.382599,17.597094,11.329764,41.68957,51.392532,12.619356,48.88019,16.883797,0.4752415,6.2697806,24.322056,18.465437,30.337767,33.81159,26.504868,22.180504,36.2562,35.266796,46.687214
15.007371,13.522324,39.521797,12.848496,15.174068,24.959814,14.232048,14.702878,19.541601,21.459122,8.032748,55.749027,16.572088,3.6695175,21.646238,17.126728,11.329785,42.510124,49.72616,12.619989,48.454132,17.099161,1.361669,6.4927382,22.531755,18.24746,29.307476,33.253014,24.64573,22.1739,35.62801,35.20162,46.13315
14.530064,13.036105,40.22116,12.822291,19.48159,24.953945,14.528126,14.664219,19.554869,20.78442,7.103979,55.423454,17.5696,3.6695175,21.903994,16.533945,11.323796,43.221844,47.672516,12.619066,47.906887,17.38682,2.2334971,6.9784746,20.231285,17.775778,28.64256,32.51911,23.028753,22.163258,34.807865,35.09666,45.57022
14.384634,13.073551,41.638657,12.805449,20.790169,24.951216,14.588805,14.678178,19.241354,21.032055,7.278719,54.95084,17.158596,3.6695175,22.23171,16.672478,11.325482,43.09811,46.992737,12.615632,48.054752,17.299488,3.1406062,7.180467,19.236969,18.21368,27.9033,31.785706,22.170084,22.16492,34.335148,34.966057,45.06492
14.615288,12.556006,42.116314,12.813939,19.915216,24.951174,14.554059,14.700306,19.085575,21.53503,8.168003,54.89863,16.605726,3.6695175,22.352057,17.086412,11.330459,42.888382,47.415222,12.612599,48.53869,17.15358,2.2504528,7.1871376,19.600506,18.49482,27.845583,31.697842,22.644535,22.16807,34.384136,34.705566,45.06737
14.95776,12.007675,41.926685,12.831869,18.33367,24.95072,14.500871,14.709024,19.058243,21.801771,8.971035,54.98,16.73814,3.6695175,22.122442,17.457375,11.33165,42.845898,48.562527,12.613786,48.986904,17.086864,0.5175746,7.164217,20.359255,18.363924,28.333164,32.032543,23.400295,22.169973,34.663853,34.520092,45.31601
15.286694,11.74746,42.020798,12.848426,16.501797,24.948597,14.478925,14.712886,18.94692,22.29896,9.696007,54.727146,16.312323,3.6695175,21.932089,17.718664,11.334538,43.047314,49.54266,12.613906,49.321247,17.06894,0.4752415,7.0162263,21.322598,18.485065,29.076197,32.104324,23.746302,22.17306,34.812313,34.2806,45.39113
15.630445,11.414573,42.26071,12.866119,15.055917,24.953152,14.382023,14.724924,18.699865,22.985025,10.628805,54.569054,15.387079,3.6695175,21.895588,18.066923,11.338763,42.793846,50.697002,12.612463,49.595047,16.998672,0.4752415,6.6674027,22.41727,18.814968,30.11511,31.780931,24.53271,22.17656,35.00298,34.014492,45.248524
15.845311,11.165966,42.697964,12.877952,13.982202,24.9533,14.373955,14.73116,18.497108,23.72431,11.306564,54.368687,14.879221,3.6695175,21.940372,18.338213,11.342908,42.782394,51.212727,12.609255,49.855663,16.938126,0.4752415,6.478236,23.076704,19.199844,30.348133,31.623327,24.806004,22.17935,35.01811,33.74152,45.085705
15.990957,11.432063,40.625233,12.856459,13.345753,24.956535,14.188164,14.712137,18.659842,21.91841,10.456278,54.751774,16.412455,3.6695175,20.735178,18.122671,11.330417,42.75988,53.9397,12.619942,49.236244,16.941109,1.2133639,6.39749,21.923317,19.090633,32.90332,31.456581,22.924515,22.177212,35.637955,34.838947,45.34235
16.09519,12.159672,38.678017,12.823239,12.634448,24.959068,13.948323,14.696486,18.805902,19.732374,9.282549,54.566845,18.05437,3.6695175,19.493795,17.74716,11.313528,42.75849,56.37642,12.631265,48.182514,16.999458,7.2004175,6.5134006,20.29823,19.188103,35.80346,30.814,20.43745,22.174574,36.12459,36.245865,45.44043
16.183922,12.045719,38.918728,12.809741,13.125656,24.961527,13.85634,14.680818,18.814032,20.056957,9.73373,54.500237,18.892271,3.6695175,19.301798,17.74752,11.305289,42.368565,57.716774,12.628597,48.407772,16.875048,9.531723,6.6837635,19.201584,19.665672,35.28039,30.36439,19.81119,22.174473,36.023598,36.681503,45.172844
16.212772,11.832497,39.790775,12.804036,14.009206,24.955524,13.911896,14.654022,18.811058,21.202478,10.455662,54.409134,20.01134,3.6695175,19.389816,17.662909,11.29875,42.43422,58.117664,12.62229,49.053967,16.789803,9.554885,6.9971967,18.292091,20.181992,33.444237,30.255194,19.329878,22.174692,35.627846,36.794098,44.910576
16.184301,11.459104,40.33895,12.805011,15.211355,24.948977,14.017388,14.623462,18.926826,22.292213,11.116715,54.44963,21.970816,3.6695175,19.52046,17.53731,11.289664,42.507374,58.048107,12.617735,49.753765,16.734537,8.400093,7.5153446,17.43815,20.182552,31.273989,30.656446,19.404045,22.172802,35.278862,36.832912,44.914555
16.201864,11.017373,41.028103,12.806351,16.138771,24.944841,14.134482,14.606684,18.995615,23.485636,11.954036,54.37331,23.283873,3.6695175,19.83104,17.512266,11.283688,42.399754,57.53041,12.609978,50.41843,16.62441,7.611717,8.043545,16.748629,20.383226,29.074642,30.97168,19.728893,22.171747,34.918533,36.777626,44.92538
15.944667,11.645902,41.317593,12.806449,16.105268,24.944473,14.131322,14.627399,19.135859,23.671808,11.355826,54.637394,23.47063,3.6695175,20.201324,17.506035,11.29122,42.337425,55.910698,12.608804,50.43846,16.640917,6.9250317,8.126711,17.417257,20.082867,27.587366,31.842976,20.32068,22.174654,34.963154,36.522343,45.167206
15.592963,12.779938,41.018925,12.805539,15.694785,24.946129,14.043645,14.640909,19.318954,23.16254,10.073283,54.849808,22.826094,3.6695175,20.41111,17.255156,11.300606,42.49269,54.552334,12.613041,49.875946,16.786156,6.572692,7.8883395,18.45212,19.573833,27.573715,32.476917,20.585823,22.176739,35.119816,36.409306,45.35352
15.36403,13.6508,40.77206,12.807105,15.671071,24.947924,13.9872875,14.6377735,19.616533,22.869595,9.1072035,54.867126,23.92702,3.6695175,20.664162,16.990625,11.301991,42.458546,53.27283,12.615166,49.489292,16.917768,5.9511323,8.034396,19.110237,18.893045,27.314394,33.42612,21.374067,22.17656,35.29577,36.379707,45.713387
15.301462,14.273755,41.61428,12.799217,15.525683,24.948872,13.912807,14.653049,19.38045,22.847864,8.853152,54.282734,22.30842,3.6695175,20.83192,17.078987,11.306254,42.483078,53.02662,12.6168995,49.177773,16.950514,6.365433,7.8584394,19.319769,18.987642,27.850622,32.711636,21.004412,22.179308,35.09747,36.230724,45.32008
15.625147,14.291335,42.020397,12.793608,14.480217,24.943983,13.829758,14.64705,19.032856,22.812672,9.246679,53.610775,22.698828,3.6695175,20.182032,17.53692,11.297495,42.73389,56.037907,12.625567,49.46135,16.933382,6.253733,7.6595,18.538467,18.678505,29.48095,31.639854,20.16696,22.179918,34.96363,36.413166,44.98322
15.289448,13.955937,42.508026,12.789768,16.666498,24.939438,13.976552,14.630253,18.868015,22.506918,8.435604,53.516064,22.12846,3.6695175,20.312778,17.308708,11.299509,43.576385,55.109146,12.62739,49.012974,17.17088,5.3893943,7.42615,17.701193,18.291756,30.18088,30.863253,19.281929,22.174164,34.400196,35.96522,44.437492
14.884508,13.284778,43.02904,12.7873535,20.163885,24.94289,14.149672,14.619199,18.753073,22.293425,7.8581543,53.477615,20.586662,3.6695175,20.821735,16.912697,11.304193,43.837856,52.887894,12.623701,48.361347,17.384674,5.071103,7.2869763,16.915293,18.091791,30.428036,29.989977,19.13986,22.167055,33.787117,35.363655,43.7815
14.472922,12.625235,43.59684,12.78236,23.621828,24.943762,14.423445,14.605436,18.744373,22.27546,7.491619,53.235237,19.419445,3.6695175,21.462797,16.447104,11.308642,44.092655,49.733128,12.616384,47.69883,17.553062,4.8878636,7.5279436,15.933617,17.989485,29.762705,29.465506,18.920387,22.15976,33.04474,34.75097,43.256767
14.224359,11.709155,44.90191,12.779775,25.977184,24.937323,14.699176,14.626483,18.212788,22.359135,7.7375154,53.04433,17.071596,3.6695175,21.710844,17.21188,11.308303,43.929874,48.141808,12.614234,47.511017,17.397083,4.532856,7.391423,14.739235,18.059526,27.561033,28.50508,18.834436,22.15405,32.409317,33.92887,42.48572
14.012782,11.1654415,45.008778,12.777577,28.306675,24.940245,14.931163,14.613195,18.320122,22.23931,7.78607,52.79133,17.077675,3.6695175,22.078773,16.873753,11.303721,43.82371,46.0174,12.610504,47.17731,17.477943,4.3434143,7.91482,14.0482645,17.786448,26.731855,28.585833,19.197283,22.147894,32.058445,33.71535,42.47144
13.8333235,11.019562,44.52153,12.773206,29.77017,24.944614,15.12876,14.599957,18.533878,21.773878,7.5456066,52.533283,16.58989,3.6695175,22.399246,16.215076,11.30487,43.8805,44.06214,12.606499,46.63021,17.630299,4.532484,8.22232,13.8199625,17.632078,27.192745,28.443321,19.206524,22.143745,31.796457,33.723026,42.515656
14.061173,11.298544,42.638382,12.764499,28.35569,24.951393,14.818558,14.615216,18.613083,20.39476,7.1359887,53.392513,17.603472,3.6695175,21.901577,16.177584,11.303354,43.54565,46.221054,12.61389,46.32106,17.539831,7.812009,7.8422174,13.946114,18.002687,29.716557,27.86411,18.573347,22.145872,32.54249,34.727318,42.82808
14.403316,11.8220825,40.574383,12.752332,25.45378,24.955328,14.450817,14.638791,18.724249,18.929882,6.6331873,54.08598,19.350521,3.6695175,21.085293,16.371042,11.298816,43.291645,49.16492,12.622998,46.002678,17.37866,11.952424,7.5874987,13.939602,18.448627,32.314655,27.573711,17.483341,22.149845,33.47809,35.951035,43.27669
14.571987,12.134249,39.736008,12.749693,22.91545,24.948536,14.426191,14.644003,18.754812,19.030941,6.9810524,54.540474,19.015734,3.6695175,20.85575,16.46154,11.306065,43.687332,50.31405,12.618183,46.295906,17.20923,12.348479,7.2337937,14.023704,19.126104,32.32346,27.5842,16.588757,22.153955,33.651215,36.256287,43.458122
14.900583,12.188458,39.754414,12.747522,19.765297,24.940086,14.212446,14.689848,18.318174,18.407532,7.49856,54.477264,18.059586,3.6695175,19.994398,17.933807,11.296714,43.32918,53.203102,12.629783,46.4087,16.7901,14.669009,6.801046,13.822969,19.633284,32.063305,26.887232,15.958769,22.156937,34.079403,36.539627,43.327644
15.246442,12.484774,38.645905,12.745948,17.589375,24.945282,13.945858,14.703172,18.481218,17.432741,7.446985,54.279842,19.572636,3.6695175,19.261467,18.219793,11.2827015,42.801346,55.19872,12.640007,46.102146,16.699505,17.526264,7.093793,13.940381,19.534426,33.410973,27.15099,15.975339,22.157804,34.768787,37.34551,43.81626
15.502362,13.049823,37.297367,12.741325,15.582959,24.954947,13.709909,14.715167,18.746607,16.029108,6.9528103,53.85388,20.145369,3.6695175,18.62157,17.989183,11.276389,42.36217,56.514114,12.647232,45.369434,16.76817,20.622494,7.344089,14.2180195,19.37691,35.97539,27.193144,15.781947,22.15872,35.382328,38.152294,44.224796
15.716847,13.508269,36.50149,12.738007,13.750683,24.964142,13.6491375,14.745938,18.995,14.74132,6.556328,53.182575,20.268057,3.6695175,18.252464,17.842756,11.275108,41.775303,56.709927,12.652307,44.615665,16.819004,23.629204,7.8766823,14.586847,19.218857,38.175343,27.319986,15.88239,22.160034,35.88767,38.718765,44.683357
16.316278,13.831634,37.488674,12.731505,12.221007,24.978992,13.6491375,14.725814,18.893272,15.195916,7.396657,51.915073,18.624456,3.6695175,17.862947,18.427637,11.256649,40.555435,59.74609,12.6563015,44.477287,16.571737,28.652641,7.816236,14.176137,19.970827,37.14816,26.344538,16.130451,22.163101,35.836544,39.27727,44.30682
16.830873,14.081117,39.011276,12.727703,11.474811,24.983215,13.6491375,14.688057,18.656872,16.331839,8.274298,51.058228,17.460379,3.6695175,17.554024,19.169582,11.235439,39.81681,62.246437,12.656325,44.56458,16.304436,32.636997,7.485551,13.530694,21.06743,34.55329,25.345343,16.050543,22.164696,35.51662,39.58076,43.655003
17.073647,14.02677,40.450287,12.733015,10.502199,24.978182,13.6491375,14.682283,18.396967,17.622248,8.851954,50.768517,17.041409,3.6695175,17.514921,19.751678,11.238663,39.956413,63.79161,12.654998,45.327232,16.233437,31.345037,7.073056,14.002235,21.262177,33.687767,25.248428,16.183422,22.169443,35.315765,39.180607,43.341167
17.144943,13.989687,41.2511,12.742313,9.702185,24.971235,13.6491375,14.671841,18.174149,18.8543,9.151608,50.763096,17.105204,3.6695175,17.510464,19.863932,11.2486,40.584644,65.160484,12.652384,46.23717,16.313604,27.668825,6.5041485,14.720378,21.0648,34.216244,25.347515,16.180717,22.173784,35.141586,38.704388,43.104885
17.164818,13.787315,41.80142,12.755075,9.595918,24.963282,13.6491375,14.653146,18.092043,20.353401,9.583383,50.888412,18.50401,3.6695175,17.579834,19.757631,11.2534075,41.13959,66.28669,12.648365,47.394245,16.401842,22.895523,6.306427,15.2349615,20.603548,34.602222,25.844494,16.581245,22.176558,35.029125,38.32269,43.146114
17.160948,13.799971,42.53271,12.765414,9.256545,24.950794,13.6491375,14.641785,17.950844,21.623756,9.819038,50.811523,19.452005,3.6695175,17.588095,19.720629,11.258022,41.86823,66.87486,12.64619,48.182487,16.50045,19.02971,6.149722,15.5083065,20.339386,34.87154,26.006443,16.448112,22.178642,34.709362,37.95271,43.01474
17.110231,13.794493,43.400093,12.774045,9.090181,24.939058,13.6491375,14.636409,17.809166,22.933126,10.040219,50.735855,20.16945,3.6695175,17.701267,19.79424,11.263361,42.488754,66.97475,12.643638,48.7837,16.551842,16.054157,6.034498,15.605717,20.196163,34.64005,26.082973,16.242432,22.180307,34.312115,37.51339,42.769108
16.955282,13.838877,44.194977,12.77701,9.372885,24.934208,13.6491375,14.652839,17.710516,23.890116,10.27079,50.89414,19.920557,3.6695175,18.120754,19.908567,11.273177,42.67018,65.66188,12.638868,49.125668,16.528912,14.414852,6.098883,15.956592,20.23034,33.24857,26.442495,16.442192,22.182718,34.082134,37.024014,42.634552
16.871824,13.03223,45.51202,12.800583,8.985644,24.924942,13.6872635,14.699335,17.24439,24.612516,10.813714,51.4355,17.949913,3.6695175,18.469793,21.176588,11.282609,42.617798,64.4159,12.638253,49.654045,16.324797,11.485621,5.4916563,16.935482,20.170729,30.770287,26.83988,17.591928,22.184143,33.9593,35.769222,42.407867
16.679714,12.829447,46.04942,12.808675,9.95234,24.926483,13.746531,14.717304,17.22917,25.05473,10.935515,51.836475,17.683872,3.6695175,19.00326,21.255028,11.290607,42.411823,62.570866,12.634835,49.891094,16.301882,9.872759,5.655257,17.506948,20.057386,29.267658,27.59256,18.53307,22.185104,33.98663,35.25813,42.528732
16.723078,12.858685,46.149796,12.808979,10.143387,24.93026,13.717995,14.714754,17.268936,25.363464,11.073487,51.709957,17.902761,3.6695175,19.072456,21.149271,11.290141,42.227016,62.825394,12.635088,49.999527,16.343493,9.765081,5.6583085,17.551296,19.926283,29.830883,27.50353,18.856655,22.185152,33.96824,35.300423,42.496037
16.500008,12.651297,45.16356,12.812012,11.051076,24.934464,13.757038,14.700079,17.48959,25.339094,11.233479,52.358192,18.475351,3.6695175,19.259697,20.373877,11.2950115,42.40698,62.43874,12.6289425,50.287617,16.416435,8.079502,5.7703385,17.60669,19.900242,30.426802,27.976877,19.038923,22.184309,34.13657,35.446514,42.782745
16.260939,12.269172,44.647335,12.814931,12.465234,24.933739,13.853999,14.680364,17.733109,25.799461,11.57597,53.06231,19.553886,3.6695175,19.578878,19.702326,11.298784,42.639782,61.37706,12.620091,50.697617,16.426476,6.5340757,6.1122527,17.294952,20.072979,29.657967,28.581837,19.061853,22.182837,34.09065,35.460037,42.984463
16.500391,11.992028,45.917816,12.815156,11.892754,24.922188,13.904209,14.689631,17.347094,26.147995,11.963629,52.49215,19.027143,3.6695175,19.217253,20.824875,11.288518,42.581974,62.49732,12.628558,50.85001,16.241522,7.215539,5.950037,16.559763,20.057262,28.35381,27.794415,18.677317,22.181738,33.687782,35.186806,42.477802
16.633327,11.388806,47.08153,12.823105,11.946109,24.910976,14.030529,14.707301,16.965742,26.509905,12.458611,52.343407,18.023754,3.6695175,19.074873,22.00668,11.281275,42.350914,62.238907,12.633605,50.937668,15.997712,7.5891166,5.871498,15.989677,20.164505,25.82329,27.356232,18.769325,22.178812,33.295258,34.6629,42.01353
16.782425,11.623803,46.222664,12.800607,12.1139765,24.918291,13.896435,14.68311,17.078691,25.169262,12.233328,52.18923,17.649351,3.6695175,18.671572,22.154629,11.260234,41.781242,63.53815,12.636582,50.18297,15.817373,12.969644,5.867243,15.074049,20.871153,24.91508,26.633694,18.127186,22.175974,33.612606,35.59011,42.05161
16.618582,11.545126,44.88344,12.798533,13.313506,24.926916,13.894512,14.658097,17.406494,24.948019,12.285533,52.876072,19.130783,3.6695175,18.80842,21.321787,11.256636,41.614384,63.1871,12.6284275,50.282387,15.8371725,12.716909,6.232948,14.892053,20.95902,24.683353,27.441553,18.515669,22.174349,34.02648,36.04526,42.56564
16.656479,12.030338,43.352066,12.78128,13.757964,24.93786,13.757353,14.620958,17.729809,23.651348,11.79767,52.933483,19.972946,3.6695175,18.40462,20.774614,11.237676,41.201317,64.23475,12.629444,49.549828,15.83321,16.470379,6.376386,14.170152,21.233763,25.057713,27.319864,18.135756,22.171154,34.517494,37.072414,42.8932
16.46142,12.485026,42.93437,12.77474,14.188279,24.942173,13.705313,14.623786,17.854584,23.166597,11.116973,53.117817,20.017767,3.6695175,18.490591,20.409578,11.240967,41.19562,63.366894,12.629925,49.133236,15.924917,17.11591,6.4681444,14.344851,21.137829,25.04611,27.658993,18.005033,22.171495,34.667175,37.22366,43.013702
16.457903,12.511868,44.933685,12.776523,13.902893,24.933582,13.725167,14.670562,17.406906,23.474972,10.777762,52.519344,17.740793,3.6695175,18.693878,21.550438,11.248387,41.072845,62.06551,12.637474,48.80337,15.840503,17.909817,6.2255654,14.673363,21.231668,23.265787,27.079176,17.920609,22.173288,34.13408,36.449722,42.335846
16.278429,12.297453,45.086178,12.786541,14.146827,24.93262,13.788526,14.698281,17.35928,23.870295,10.851615,53.049084,17.366405,3.6695175,19.145128,21.484682,11.263729,41.128296,60.40305,12.632696,49.064754,15.85505,15.874424,6.278724,15.2813835,21.21296,22.914577,27.725924,18.483671,22.174671,34.13818,35.991375,42.457775
15.825845,12.2962055,43.25228,12.793774,14.549308,24.930088,13.952591,14.694708,17.561344,23.436811,10.527949,54.39537,17.410313,3.6695175,19.483664,20.471243,11.281447,42.05725,58.738518,12.624154,49.23892,15.996256,11.949788,6.155278,15.574489,20.924347,23.774807,28.599375,18.312992,22.172686,34.26015,35.885902,42.95144
15.870626,12.471145,42.63986,12.793469,13.857355,24.9289,13.959354,14.684447,17.723608,23.38829,10.63661,54.442158,18.142654,3.6695175,19.405539,20.015388,11.28533,42.493458,59.45264,12.623871,49.56802,16.109741,10.227827,6.1598268,15.700317,20.535154,25.54311,28.701416,18.149925,22.173573,34.310272,36.041092,43.23976
15.654862,12.62658,41.67421,12.794961,13.569044,24.92599,14.0810995,14.687073,17.875439,23.071415,10.489315,55.029644,17.463768,3.6695175,19.729324,19.351404,11.301484,43.22432,58.258503,12.618208,49.619713,16.232767,7.935692,5.9949975,16.014225,20.46189,26.825916,28.853106,17.89571,22.173157,34.240437,35.950825,43.5251
15.3798895,12.853028,40.447083,12.792946,13.716364,24.92448,14.232278,14.67334,18.115374,22.38894,10.178485,55.452606,16.286728,3.6695175,20.064125,18.417896,11.317531,44.0872,56.797325,12.612583,49.33519,16.435831,6.143846,5.7194195,16.275318,20.469656,28.412973,28.686687,17.415712,22.171318,34.10271,35.939182,43.721897
15.234597,12.835023,39.63913,12.79188,14.3928385,24.923674,14.401445,14.643803,18.49327,22.077093,10.208639,55.56311,16.24807,3.6695175,20.42252,17.577589,11.323523,44.626698,55.40685,12.607647,49.237843,16.608736,4.701318,5.89117,16.248825,20.326847,29.032356,28.807526,17.42273,22.167982,33.918194,36.00485,44.05666
15.23551,12.402497,40.254482,12.794631,14.340247,24.914213,14.590781,14.656803,18.114305,22.118233,10.901852,55.411083,14.340457,3.6695175,20.466997,18.209587,11.325473,44.79621,54.970848,12.606651,49.338604,16.423052,3.7346363,5.7725306,15.639545,20.544537,27.52395,28.148008,17.200497,22.165533,33.513206,35.56316,43.649467
14.878725,12.0518875,40.65538,12.791945,16.745098,24.917467,14.758838,14.666376,18.168188,21.776247,10.315493,55.27718,13.240065,3.6695175,21.141214,17.937822,11.335943,44.777275,51.929535,12.603781,48.74666,16.581316,3.2431505,5.9921646,15.582688,20.134996,27.259108,28.04325,17.665867,22.161127,33.170143,35.00438,43.49762
14.727164,12.391961,41.5635,12.784527,17.659485,24.920311,14.754998,14.674341,18.129509,22.102766,10.0112095,55.00862,13.057437,3.6695175,21.527609,17.907732,11.339623,44.518547,51.005577,12.604321,48.738617,16.604734,3.9254684,6.0404887,15.768555,20.274326,26.828876,28.075865,17.765907,22.163626,33.05641,34.894016,43.37461
14.751793,12.750503,42.67685,12.779668,17.969393,24.92867,14.540987,14.691605,17.963337,22.843977,10.117986,54.75972,13.009165,3.6695175,21.83852,18.179482,11.341247,43.770615,51.38345,12.606759,48.9138,16.529335,5.4993067,5.8705764,16.231974,20.619139,26.63357,27.88375,18.243004,22.168852,33.12771,34.882328,43.094936
14.695918,13.486028,42.774975,12.783378,17.659807,24.932543,14.362676,14.696245,18.124441,23.162943,9.547483,54.980877,13.968206,3.6695175,21.847061,18.112753,11.340817,43.383556,51.20471,12.612212,48.866882,16.564774,5.911479,5.9790344,17.028198,20.444452,26.136414,28.892725,18.721062,22.17218,33.42613,35.020008,43.342655
14.7839365,13.924684,43.666603,12.781474,17.427273,24.933342,14.239556,14.705008,18.068365,23.817156,9.452562,54.69602,14.6242285,3.6695175,21.916199,18.32259,11.339725,43.02381,51.176826,12.6132765,48.902966,16.53456,6.8352294,6.1379194,17.204475,20.589495,25.585487,29.173624,18.794207,22.175514,33.440308,34.992443,43.200237
14.834765,14.429695,43.40449,12.788473,16.89155,24.938953,14.048363,14.711505,18.198637,23.869429,9.079541,54.826054,15.306231,3.6695175,21.812801,18.265856,11.338026,42.587334,51.18827,12.61711,48.69153,16.586891,7.139291,6.2103434,17.954731,20.310524,25.756998,29.894133,19.475603,22.17697,33.761543,35.111633,43.398098
15.385727,14.363851,42.476276,12.767695,16.363426,24.952305,13.804338,14.668514,18.325771,22.915476,9.307605,54.383793,17.165894,3.6695175,20.63436,18.491112,11.301117,41.863544,55.599033,12.623435,48.546833,16.443281,12.4103775,6.4750934,16.899824,20.54412,26.439102,29.291555,18.974894,22.175957,34.453094,36.406162,43.57659
15.668602,14.145712,43.062607,12.776308,15.161998,24.945883,13.751024,14.689117,17.975739,22.79212,9.275848,54.031357,16.742517,3.6695175,20.00976,19.680695,11.288314,41.442448,56.86345,12.633624,48.39808,16.255009,13.430499,6.3601127,16.771664,20.42888,24.89439,29.239037,19.101866,22.175253,34.497025,36.269714,43.336094
15.676367,13.510607,42.654133,12.798789,14.575492,24.94796,13.777187,14.701773,18.00977,22.910912,9.42129,54.52358,17.092634,3.6695175,20.032782,19.817055,11.292349,41.438805,57.01399,12.629333,48.807,16.261951,10.579758,6.2052865,17.696226,19.987602,25.247,30.100674,20.350634,22.175972,34.88968,35.846523,43.720524
16.032022,13.615766,42.194412,12.782802,13.833122,24.952654,13.684346,14.670318,18.029406,22.330746,9.565341,53.96514,17.307201,3.6695175,19.263786,19.941378,11.270631,41.243652,59.67724,12.631854,48.45832,16.174974,14.696514,6.1222367,16.833048,20.512932,25.928831,29.146324,19.39281,22.17497,35.09599,36.65052,43.607574
16.267155,13.758344,40.52505,12.772531,12.66429,24.958666,13.6491375,14.672569,18.194937,20.718893,9.146119,53.814392,17.919918,3.6695175,18.586155,19.699507,11.262198,41.111195,60.676975,12.637331,47.568844,16.211395,18.3546,6.354574,16.277063,20.58848,28.298939,28.802826,18.503242,22.17264,35.50374,37.486755,43.936497
16.803915,13.550999,41.86195,12.763887,11.500348,24.953773,13.6491375,14.677316,17.836653,20.228912,9.577102,52.304745,16.28609,3.6695175,17.843868,21.076735,11.23507,40.418972,62.611343,12.64954,46.835762,15.941197,24.153454,6.2826715,15.010612,21.220697,27.131784,26.888424,17.662527,22.169834,35.055088,37.765526,43.175114
16.549229,13.614272,41.271294,12.766703,11.446141,24.94611,13.6491375,14.670751,17.675262,20.28769,9.520737,53.102535,15.183039,3.6695175,17.878113,20.808146,11.243454,41.26937,62.17096,12.643569,46.84081,15.943074,22.648857,5.6926627,14.874789,21.6902,27.011702,26.65914,16.726929,22.168726,34.855595,37.598843,42.9042
16.640377,13.94182,40.731068,12.758405,11.314623,24.9525,13.6491375,14.643661,17.74816,19.94771,9.603305,52.94349,14.540332,3.6695175,17.663658,20.455894,11.235958,41.17946,63.098362,12.642698,46.464817,15.935981,24.934475,5.4465394,14.427893,22.213713,27.691416,25.950815,16.139595,22.16748,34.848892,38.091995,42.72079
16.346645,13.861704,39.833622,12.762624,11.752441,24.95456,13.717105,14.633587,17.741846,20.228992,9.755329,53.850914,13.576948,3.6695175,18.058023,19.82284,11.251437,41.711147,62.427116,12.632354,46.64533,15.978036,22.78852,4.871906,14.665599,22.528011,28.267653,25.958275,15.986057,22.167,34.808228,37.87988,42.617493
15.948275,13.642033,38.679516,12.770106,12.468888,24.951065,13.907342,14.62936,17.818338,20.529572,10.047065,55.045174,12.964579,3.6695175,18.64513,19.018057,11.2722645,42.487244,60.691772,12.6196995,47.050625,16.032877,18.86187,4.5974483,14.965354,22.66618,28.34008,26.428144,16.006992,22.16608,34.739506,37.563442,42.813084
16.112783,13.749624,38.543625,12.763757,12.376471,24.957521,13.887749,14.621071,17.894405,20.404608,10.466369,54.862045,12.861772,3.6695175,18.617735,18.994423,11.26447,42.03419,61.209076,12.620483,46.9996,15.9335785,20.859737,4.7375617,14.66224,23.008427,28.358147,26.133976,16.12647,22.165724,34.813213,37.963352,42.89847
15.994504,13.665937,37.77934,12.787687,11.458878,24.953196,13.974448,14.620344,17.776567,20.30723,10.323975,55.33455,11.489752,3.6695175,18.80448,19.088497,11.281013,42.814842,60.252483,12.623343,46.929874,16.036783,16.327831,4.0533166,16.21782,22.44122,28.896517,26.85281,16.855503,22.165586,34.94011,37.173088,43.031483
15.606221,13.605321,38.469036,12.812398,11.120171,24.955433,13.894641,14.673039,17.487127,20.986845,9.001631,55.63898,9.875723,3.6695175,19.200613,19.548925,11.303864,42.960167,58.16128,12.619926,46.339794,16.152685,14.959815,3.8736339,17.988085,22.206491,28.234234,27.716854,17.617722,22.16918,35.047916,36.03114,42.67946
15.270814,13.112414,38.623074,12.844888,11.825504,24.968851,13.782626,14.699584,17.458141,21.271387,8.004941,55.3252,8.383311,3.6695175,19.428564,19.412277,11.319893,42.676197,56.467808,12.626725,45.823196,16.493443,12.026885,3.8736339,20.648886,21.124004,29.212725,28.944218,19.458534,22.171291,35.451283,35.098022,42.702297
15.038327,12.616333,38.483627,12.854187,12.085949,24.959759,13.950094,14.735693,17.499613,20.935469,7.775034,55.552105,8.48277,3.6695175,19.488575,19.304182,11.330377,43.078735,55.438858,12.629248,46.300755,16.591541,7.995557,3.8736339,20.926054,20.22457,29.847685,29.422676,19.77233,22.1714,35.40854,34.762043,43.091667
14.95969,12.200143,38.38633,12.856534,12.29559,24.956738,14.024555,14.760379,17.58145,21.047916,8.1091,56.147106,8.94556,3.6695175,19.84031,19.211655,11.341017,43.13533,54.8362,12.623986,46.86232,16.562923,5.880162,3.8736339,20.72743,19.948692,30.307137,29.50675,20.266224,22.170778,35.294197,34.574688,43.366
14.884564,12.144195,38.559376,12.850097,12.254351,24.94912,14.123872,14.774907,17.542936,20.941683,7.8837924,56.17764,9.538575,3.6695175,20.176569,18.955376,11.355697,43.83144,54.16743,12.616218,47.01349,16.687616,4.158496,3.8736339,20.365387,19.869701,31.968243,28.911476,19.707298,22.171255,34.992657,34.282604,43.25521
15.061646,11.82573,37.803883,12.8520565,12.370793,24.942995,14.08751,14.7714815,18.025211,20.118654,7.861318,56.738087,13.203207,3.6695175,19.930574,18.505537,11.357974,44.225235,54.60751,12.621434,47.550842,16.927233,1.4739724,4.384315,20.00431,18.595455,34.973686,29.547094,19.88776,22.168245,35.20901,34.436142,44.07887
15.4524145,11.265716,38.526077,12.8402195,12.982812,24.948029,14.116346,14.748094,18.325703,20.997744,9.967707,56.474854,14.984231,3.6695175,20.611172,18.351305,11.358158,43.71918,55.00081,12.617927,48.75438,16.771864,1.5781682,5.200062,19.44492,18.875206,35.04231,29.288103,20.569305,22.16951,34.975574,34.760063,44.41766
15.678953,11.34051,38.087246,12.857356,11.952618,24.950073,14.0774765,14.7561,18.444838,19.187176,9.917259,55.800354,14.985445,3.6695175,20.04026,18.296526,11.362265,43.811523,55.204823,12.64172,48.349613,17.096724,0.4752415,5.39897,21.103611,17.615705,39.285824,29.593153,21.239109,22.169024,35.47246,34.624275,44.865757
15.695996,11.549946,38.19878,12.862738,11.117596,24.957476,13.938133,14.797791,18.35916,18.530142,9.582578,55.40412,15.031519,3.6695175,19.7342,18.480572,11.359502,43.237938,55.956398,12.652716,48.241703,17.210129,0.4752415,5.290907,21.524055,16.747456,42.14675,29.520355,22.004536,22.169964,35.701633,34.623096,45.076508
15.547778,11.24038,38.31061,12.852122,12.1805935,24.974394,13.779403,14.822773,18.361015,19.08018,9.20703,55.482063,14.858767,3.6695175,20.38083,18.33445,11.362499,42.38464,55.428345,12.639061,48.00253,17.121218,2.2645006,5.2880545,20.921556,17.072758,42.03907,29.0666,22.45654,22.170004,35.54739,34.710114,44.836113
15.5834255,11.1224575,37.62578,12.829891,12.853116,24.984728,13.6491375,14.821658,18.679401,18.850664,8.83199,55.825157,16.130373,3.6695175,20.543695,18.183086,11.356458,41.744,55.308983,12.627787,47.666958,16.926811,7.107407,5.808454,19.854824,17.771063,41.213387,29.24053,21.959621,22.169413,35.857735,35.335266,45.08493
15.826937,11.9251,37.559483,12.799456,12.6820545,24.985022,13.6491375,14.777203,18.81757,18.876923,9.34218,54.99308,17.08096,3.6695175,20.18441,17.984886,11.333502,41.365593,57.50269,12.632497,48.028374,16.758245,10.016678,6.3193946,18.647968,18.22706,39.553547,28.858078,21.081593,22.171822,35.833817,36.517227,45.186516
15.888725,11.828472,36.932446,12.808535,12.958373,24.979343,13.6491375,14.763903,19.170837,18.786121,9.208519,55.307533,18.93031,3.6695175,19.615654,17.916422,11.313132,40.97457,57.830254,12.636095,48.497925,16.737822,8.256787,7.0645094,18.878563,17.613523,37.460106,30.452206,22.139751,22.171194,36.32239,36.936962,46.05043
16.073078,11.427508,38.159405,12.808581,13.659671,24.97426,13.70653,14.747752,19.054596,19.86892,10.253648,54.833233,19.297638,3.6695175,19.575085,18.161596,11.300133,40.657703,58.59062,12.632982,49.379738,16.619135,7.1092496,7.461673,18.47964,17.820656,35.43538,30.451952,22.580332,22.172638,36.102676,36.926426,45.932594
16.12579,11.6800785,37.266308,12.813416,13.579187,24.966026,13.791759,14.710453,19.091175,19.155535,10.523241,54.778664,18.455544,3.6695175,18.774067,18.488785,11.277409,40.50773,60.195667,12.649058,49.620506,16.509743,5.2422986,7.447846,18.33523,17.064096,33.41257,30.835241,23.107977,22.16893,36.300133,37.301014,46.212933
16.172768,11.770754,37.67164,12.812274,13.354238,24.96441,13.857602,14.703487,19.044682,19.144777,10.82877,54.22166,17.81286,3.6695175,18.754305,18.477932,11.273331,40.51893,60.725323,12.652383,49.899696,16.50626,4.0362782,7.4711785,18.635273,17.025759,33.13185,30.641615,23.240128,22.171555,36.235252,37.36729,46.216564
15.780584,11.56661,40.09139,12.848463,13.114558,24.961151,13.8160925,14.769844,18.207348,21.159481,9.598695,54.914658,16.040926,3.6695175,19.250635,19.36787,11.296279,41.002754,58.162807,12.631073,49.235653,16.57255,3.6403668,6.3861194,19.949137,18.043287,30.830652,31.138287,23.241325,22.175325,35.99849,35.573578,44.990875
15.653041,11.168185,41.21498,12.858022,12.801713,24.961637,13.757334,14.823985,17.78319,21.16975,9.10901,54.963535,15.070088,3.6695175,19.650253,19.829922,11.319278,41.408073,56.85027,12.628183,48.660458,16.67403,3.9547367,5.867868,20.30088,18.1876,32.917854,30.370005,22.726328,22.176003,35.70225,34.63895,44.359264
15.492066,11.088015,41.13629,12.852668,13.1708355,24.959862,13.855685,14.804749,17.679613,21.041218,8.933126,54.721848,13.876666,3.6695175,19.791693,19.590034,11.325019,42.09006,56.76695,12.628271,48.415264,16.746496,3.5060964,5.427458,20.266178,18.377586,33.52894,29.587875,21.822487,22.17549,35.453007,34.50687,43.96052
15.445315,11.633041,39.206192,12.811707,14.772896,24.969027,13.834446,14.723326,18.286348,20.032204,8.601151,54.710205,15.112047,3.6695175,19.698034,18.456326,11.310749,42.132492,57.28391,12.629163,47.71987,16.745108,8.651129,5.661655,18.734863,19.054188,33.80005,29.029686,20.04183,22.171228,35.58462,35.877346,44.107574
15.609914,11.50262,38.536102,12.8053875,14.869806,24.967657,13.85636,14.690756,18.565378,20.392565,9.301887,55.126175,16.873587,3.6695175,19.778715,18.121605,11.306215,42.16967,57.578094,12.62262,48.10931,16.649216,9.105068,6.009816,18.14069,19.49727,33.109783,29.376347,19.818338,22.170185,35.66389,36.318882,44.426517
15.712445,11.798065,38.381794,12.794045,14.217116,24.96757,14.057799,14.687856,18.770142,20.631433,9.538433,54.516064,16.663366,3.6695175,19.784397,17.542746,11.299374,42.036324,57.87731,12.617958,48.592834,16.626852,9.297058,6.2970624,18.026281,19.923334,33.391514,29.208406,19.571783,22.17404,35.614166,36.96476,44.80509
15.944716,11.988926,37.380196,12.813426,13.072869,24.97582,14.094722,14.676324,19.36645,22.079287,10.371692,56.00148,17.353653,3.6695175,21.052252,17.15855,11.318594,41.861,55.28368,12.5976715,48.935417,16.51939,7.945944,6.1066976,19.683882,20.66694,32.95657,30.689823,22.032393,22.174212,35.983356,36.66153,45.77728
16.029032,11.704025,37.5759,12.853981,12.55304,24.985079,14.092151,14.682414,19.612976,24.143291,10.986852,56.91158,16.0813,3.6695175,21.802464,17.092346,11.33728,41.374752,52.316708,12.58118,48.747826,16.531702,6.7782006,5.9074607,22.253866,21.448162,31.154985,32.303986,24.459362,22.175224,36.22824,35.744434,45.986122
16.013126,11.326861,37.927456,12.876402,11.009221,24.966444,14.310581,14.7283125,19.24413,24.801443,11.298734,57.462914,14.696997,3.6695175,21.53504,17.738525,11.342827,41.906315,51.371754,12.575727,49.19141,16.404514,3.8170936,5.9025497,22.38998,21.737463,28.848728,32.913998,24.383913,22.175678,35.906742,35.173462,45.96676
16.091642,10.625293,38.653038,12.888304,12.271627,24.95869,14.437355,14.760748,18.84345,23.358059,11.509318,56.81255,12.700848,3.6695175,21.037788,18.554176,11.336136,41.589966,50.490807,12.598608,49.138073,16.404575,1.2558402,6.8077116,22.486748,20.473104,27.450684,33.12776,24.98661,22.172832,35.754654,34.724327,45.877693
16.258347,10.104575,39.744743,12.8696165,13.6338625,24.959509,14.380115,14.747652,18.519873,23.18192,12.456533,56.016167,13.529685,3.6695175,20.692087,19.170296,11.311367,40.828796,53.594433,12.604459,50.153797,16.215418,0.89917177,7.1210194,20.80459,19.789944,26.978338,32.147846,25.333729,22.17167,35.66244,35.044235,45.59815
16.334501,9.923733,40.64489,12.835696,15.452189,24.95849,14.328517,14.696891,18.467472,22.635674,13.288673,54.66056,14.837438,3.6695175,20.203175,19.246769,11.284439,40.445763,57.122505,12.618922,51.039284,16.145174,1.3205618,7.5486426,18.946459,19.093409,26.866074,30.827028,24.514875,22.171362,35.42524,35.80465,45.30626
16.015524,10.354982,40.17765,12.840264,15.450217,24.96639,14.257928,14.712972,18.637815,22.280716,12.08016,55.00012,14.793465,3.6695175,20.58964,18.923435,11.296752,40.53468,55.865925,12.616922,50.395992,16.282888,1.5640109,7.18699,19.804811,18.883158,27.638966,31.27932,24.84211,22.172989,35.65746,35.60145,45.43519
15.842701,10.631138,40.483593,12.830433,14.556591,24.974594,14.087077,14.729441,18.525965,22.843851,11.294268,54.764885,15.396875,3.6695175,20.806564,18.561077,11.308056,40.84001,56.57121,12.60487,50.015785,16.358683,4.2539124,6.5560775,19.850363,19.685696,29.789179,30.501358,23.387392,22.178598,35.65967,35.64576,44.956036
15.964463,10.488121,40.44016,12.830101,14.062442,24.977352,14.057521,14.727276,18.446436,23.193182,11.895519,54.682903,14.961306,3.6695175,20.932858,18.71148,11.308553,40.674763,57.383884,12.60366,50.261425,16.24591,4.244378,6.381078,19.78914,19.806355,30.18443,29.978743,23.635124,22.178709,35.562943,35.690655,44.862537
15.8552,10.16563,39.390312,12.826386,15.526239,24.982924,14.080793,14.719533,18.77698,23.008535,11.577416,55.386864,15.78313,3.6695175,21.028534,18.426975,11.304171,40.21774,56.651245,12.598367,50.135,16.218533,5.0071344,6.681211,18.96575,19.38356,29.781015,30.349403,24.267689,22.173014,35.656765,35.896576,45.20874
16.406664,9.761497,41.24916,12.798104,17.014433,24.986843,14.064493,14.685614,18.68158,23.164433,13.614305,53.72659,16.615759,3.6695175,21.014591,18.684397,11.282615,39.35373,59.003292,12.608478,51.30302,16.090193,6.38613,7.737787,17.532722,19.257189,30.234522,28.967197,24.516752,22.173277,35.258724,36.514732,45.094963
16.999521,9.940166,42.109962,12.754361,18.465433,24.979057,14.329875,14.579381,19.117708,23.405704,15.988436,51.58476,18.7142,3.6695175,20.76364,17.682104,11.246974,39.174244,61.449806,12.619304,52.841614,16.0622,7.511475,9.304126,15.290513,19.637562,30.05244,27.828688,23.41655,22.17294,34.49935,38.25789,45.562042
17.836754,9.631485,45.621593,12.734366,19.685312,24.968122,14.578083,14.537828,19.052809,24.811325,19.519258,48.486267,19.560184,3.6695175,20.849524,17.46465,11.214574,38.76474,63.22664,12.635635,54.50598,15.98432,7.411464,11.037218,14.317267,20.891735,28.930655,27.016993,23.059174,22.176382,33.58084,39.21271,45.647884
18.000072,9.6801405,49.34393,12.728713,21.72107,24.95479,14.782416,14.537828,18.941961,26.831224,21.133743,46.783485,20.409708,3.6695175,21.34073,17.37224,11.192361,38.805416,63.329945,12.636453,55.526703,15.942789,7.390271,12.043735,12.979909,22.30224,26.528185,26.914862,22.720232,22.177633,32.694508,39.42251,45.524918
17.910198,10.417351,51.17683,12.729118,22.074226,24.95375,14.825488,14.537828,18.821203,27.950024,20.967937,45.522877,20.571344,3.6695175,21.75274,17.01863,11.184689,38.81514,63.600307,12.637422,55.515533,15.980784,9.104909,12.309416,12.40787,23.291477,26.788837,26.179869,22.141056,22.179771,32.0925,39.869694,45.218693
17.610106,10.793149,50.978935,12.732608,22.381046,24.96441,15.168787,14.537828,18.810047,27.50975,19.483006,44.9682,19.656343,3.6695175,22.277107,16.108826,11.190271,39.27104,61.38387,12.624207,54.686493,16.235544,10.729449,12.002665,12.79123,23.909443,28.100039,25.838175,21.353815,22.17826,31.841568,39.909058,44.895172
17.575375,10.312868,50.87918,12.743294,22.636034,24.974506,15.248836,14.537828,18.81849,27.926859,18.423285,44.201008,19.757044,3.6695175,22.47928,15.526016,11.191327,38.89534,60.92781,12.615761,54.285717,16.381544,11.815092,12.342661,12.969685,24.115282,29.713478,25.945356,21.417353,22.177212,31.833313,40.16799,44.694508
17.890461,10.040999,48.42529,12.761013,22.162405,24.999035,15.702503,14.537828,19.115723,27.373154,16.782774,43.852253,19.993267,3.6695175,22.457747,14.447688,11.183667,37.235233,61.117542,12.605087,53.749283,16.382334,14.919023,12.716425,12.794725,24.153133,32.989418,25.70529,22.818792,22.170593,32.260395,41.53656,45.1255
17.962717,10.391266,49.200054,12.7673645,22.586073,25.008028,15.670762,14.537828,19.01303,27.947319,16.417871,43.296654,20.199469,3.6695175,22.81707,14.281016,11.183555,36.59,60.436287,12.598734,53.41194,16.393286,17.86481,13.327348,12.506819,24.645628,33.34878,25.099703,23.452868,22.16892,32.08215,41.879036,44.789665
18.219473,9.922033,51.058807,12.770561,22.980831,25.000563,15.508968,14.537828,18.799969,28.848825,17.721766,42.565784,20.57201,3.6695175,23.159142,14.638373,11.181409,36.237045,60.139885,12.60069,53.736565,16.295181,18.423214,14.374078,12.094624,25.582846,32.33869,25.227045,23.73589,22.169685,31.736362,41.95898,44.847115
18.111963,10.100281,53.427193,12.7712345,24.94498,25.001568,15.581331,14.537828,18.617907,30.383871,18.038889,41.998123,20.618773,3.6695175,24.059624,14.82358,11.177027,36.003693,58.050697,12.588219,54.05753,16.359867,18.85308,14.77039,11.89555,26.149757,30.386127,24.985645,24.906212,22.167849,31.232855,41.497356,44.418556
18.3713,11.634365,53.64315,12.760317,23.171238,24.993885,15.300595,14.537828,18.684715,28.98667,17.43738,41.006264,21.102062,3.6695175,23.741089,15.075588,11.183043,36.195713,57.175503,12.606089,52.809277,16.445261,21.428528,15.519246,12.185711,26.066973,31.586742,24.454472,23.919441,22.173372,31.309437,41.695362,44.70918
18.341505,11.437519,53.36284,12.755337,25.915852,24.999994,15.668526,14.537828,18.948435,28.3741,16.950727,41.58255,21.015165,3.6695175,24.041544,14.706825,11.169412,35.43747,55.05918,12.59459,53.21298,16.540512,19.866066,15.560319,12.113537,25.694489,30.515112,25.062328,25.970766,22.167393,31.498833,41.583256,45.23064
18.017849,10.984638,53.591206,12.757077,26.845095,25.011885,15.921594,14.537828,18.962425,29.021652,15.893807,41.144913,20.742348,3.6695175,24.069891,14.335413,11.171213,35.210537,54.26655,12.575729,53.249813,16.696707,20.481373,15.711219,12.052544,25.21128,30.247448,25.234974,25.98511,22.167364,31.507572,41.31831,44.63085
18.281881,9.87864,54.028446,12.733369,26.9597,24.995441,15.7379265,14.537828,19.066961,29.05013,17.164047,41.83514,21.73667,3.6695175,23.4624,15.381414,11.158062,34.717087,57.082478,12.576505,54.844837,16.401423,16.734528,15.424117,11.793178,25.04736,27.592659,26.560116,26.803885,22.173286,32.23313,41.0565,45.59713
18.3254,9.109788,54.69355,12.746902,24.793358,24.984625,15.5418625,14.537828,18.767477,30.998453,16.952621,40.18799,22.33657,3.6695175,23.001608,15.660141,11.164479,34.971962,58.84694,12.591105,54.868744,16.421835,17.033955,16.358112,11.3117895,24.938778,29.673655,26.524986,25.343363,22.177336,31.438637,41.44018,45.41052
17.979944,8.577363,57.46329,12.767819,25.47694,24.981815,15.318163,14.537828,18.291834,33.76714,16.477602,38.71541,22.14598,3.6695175,23.105848,16.00599,11.170439,35.335922,59.68915,12.601324,54.491924,16.54655,18.955624,16.91996,10.627056,25.284922,30.423704,25.990866,24.2188,22.177292,30.383198,41.222958,44.10463
18.14964,7.966775,57.06511,12.789416,23.10698,24.967487,15.073295,14.537828,18.324741,33.67513,17.863934,37.82078,22.336864,3.6695175,22.766794,16.178062,11.178618,35.79014,61.499382,12.636668,54.20235,16.353008,18.252058,17.54953,10.473054,25.448458,33.484966,25.876831,22.746906,22.179142,29.96836,41.656967,44.602875
18.504807,7.58435,55.3741,12.78531,22.32446,24.962732,14.975231,14.537828,18.66577,31.000643,20.352427,38.595154,22.167398,3.6695175,22.199986,16.376078,11.179503,35.995358,62.709305,12.664116,54.20631,16.071852,17.040579,17.577951,10.655934,24.932953,34.487305,25.688301,22.159073,22.17877,30.560158,41.715622,45.461723
18.64122,7.3475146,55.00688,12.774088,21.654367,24.950903,14.956352,14.537828,18.690723,29.124983,21.03338,38.694885,21.947832,3.6695175,22.022022,16.566875,11.174589,36.208614,62.824104,12.676294,54.16805,15.985169,15.474071,17.148813,11.557666,25.385174,34.59405,25.790558,21.447218,22.18019,31.098066,41.754128,45.944546
18.733171,7.3875346,56.187443,12.786169,20.461441,24.933851,14.976402,14.537828,18.393991,30.857655,24.078255,39.339355,21.30461,3.6695175,22.853699,16.904028,11.177658,37.55413,61.868523,12.677969,54.77701,15.813717,13.619223,16.243834,11.805066,26.964659,33.72695,25.515635,20.747044,22.176308,30.499712,41.244823,45.524357
18.473051,7.9970765,56.3755,12.7964325,19.512571,24.926603,15.017057,14.537828,18.10113,31.79327,23.209106,40.081596,20.823109,3.6695175,23.454674,16.588005,11.184116,38.874954,61.996853,12.658104,54.98571,15.922394,11.850257,15.086253,11.67129,28.153234,33.460068,25.761084,19.947021,22.175093,30.151794,41.078705,45.137756
18.261015,8.108572,55.588005,12.795415,20.49896,24.93848,15.075356,14.537828,18.091722,31.506641,21.886889,40.785427,20.456705,3.6695175,23.282038,16.264496,11.184439,38.91566,62.995426,12.646989,54.926216,16.015566,11.917219,14.585962,11.282393,27.615868,33.267628,25.640842,20.073414,22.173698,30.225199,41.09684,44.814556
18.167133,8.621977,55.807896,12.794134,20.550583,24.932966,15.06273,14.537828,18.345497,32.42021,22.123232,41.220787,20.964428,3.6695175,23.324791,16.30295,11.178126,38.761745,62.551514,12.641436,55.490486,15.925824,10.772944,14.978725,10.821751,27.210428,31.62272,26.459984,20.960955,22.17442,30.163937,41.04728,45.47547
18.111412,8.477888,57.050774,12.797449,21.195332,24.937075,14.939402,14.537828,18.152039,33.937244,21.36774,40.996902,21.368553,3.6695175,23.283466,16.709675,11.173517,38.107765,64.06629,12.633175,55.68609,15.843408,12.602806,15.062991,10.283211,27.457254,30.773048,26.210655,21.491432,22.175642,30.137068,41.12811,44.96929
18.29828,8.21308,58.72823,12.800603,22.744917,24.93375,14.791604,14.537828,17.952,35.991848,22.92544,41.73419,21.515823,3.6695175,23.481722,17.57123,11.16507,37.464016,64.7801,12.631008,56.40685,15.635917,12.588005,14.829442,9.881751,27.847647,27.921816,26.172451,23.02724,22.172762,30.058495,40.74241,44.52695
18.337847,8.694903,58.772167,12.802145,22.031773,24.936708,14.701296,14.537828,17.931477,35.011482,22.389717,41.90612,21.37278,3.6695175,23.130388,17.632608,11.172204,38.07286,64.86557,12.628429,55.535324,15.7050705,15.56745,14.777662,9.700128,28.075018,28.515259,25.74105,21.713644,22.173409,30.120333,40.54435,44.09572
17.908487,8.618229,56.963978,12.783861,23.611994,24.942621,14.537339,14.537828,18.17854,31.522274,19.939533,41.87393,21.447258,3.6695175,22.618622,16.994274,11.180581,38.399025,64.77614,12.654072,54.4331,16.095179,13.023351,14.094723,11.494524,26.622746,30.956497,26.289173,20.607534,22.177324,30.970701,40.353283,44.251522
17.664583,8.59906,56.59709,12.783071,23.9507,24.945732,14.496888,14.537828,18.165195,30.798517,18.57351,41.44993,21.142021,3.6695175,22.705761,16.582634,11.187605,38.70043,63.783737,12.655866,53.77339,16.358427,12.179025,13.795342,12.484176,26.361572,32.25082,26.50624,20.092972,22.178127,31.100069,40.11837,44.00614
17.555359,8.201671,54.46708,12.796213,22.825254,24.945093,14.418644,14.537828,18.41747,29.755733,16.961937,40.762985,22.08955,3.6695175,22.579084,15.619718,11.197221,38.806503,63.317802,12.664312,53.075485,16.6335,9.789742,14.253167,13.151018,25.693098,36.76952,27.373146,19.867382,22.17656,31.223139,40.60966,44.76291
17.470282,7.843974,53.96202,12.804752,22.43869,24.944199,14.404196,14.537828,18.39343,29.384106,15.713596,39.930912,22.357758,3.6695175,22.79205,15.163826,11.200674,38.447838,62.325397,12.664211,52.58956,16.827602,8.409507,14.393915,14.179114,25.829891,38.885185,27.956656,20.21967,22.176205,31.410803,40.788174,45.12966
17.708632,7.4190106,53.189426,12.806001,21.873732,24.940472,14.481122,14.537828,18.643578,29.153332,16.417759,39.760197,22.925982,3.6695175,23.222027,14.778241,11.198834,37.785305,61.42321,12.662041,52.91684,16.684765,7.8871593,15.09694,14.165704,26.528986,39.33167,28.639933,20.946737,22.174564,31.505047,41.437424,46.14861
17.607101,7.506213,52.12145,12.80514,21.54236,24.93924,14.607635,14.537828,18.998877,28.759373,16.281925,40.01384,23.317822,3.6695175,23.11914,14.334599,11.1973715,38.310127,60.486324,12.656821,52.986294,16.759892,7.0023923,15.433305,13.634393,25.879976,39.228703,29.214762,20.732523,22.172117,31.316887,41.478096,46.558163
17.357298,7.877308,53.932743,12.804746,22.696802,24.942848,14.711662,14.537828,18.96931,30.053223,16.153881,39.566757,23.104668,3.6695175,23.467403,14.446317,11.193753,38.398735,59.4575,12.647505,53.13968,16.759466,8.702253,15.956811,12.594436,25.87365,37.75847,29.072018,20.881174,22.172564,30.750795,41.173035,46.237343
17.38263,7.805911,54.856125,12.803322,23.895908,24.955305,14.93124,14.537828,18.896229,30.97228,16.092566,39.122936,22.62099,3.6695175,23.609316,14.406179,11.189604,37.74349,58.360756,12.629955,53.235126,16.767792,10.880409,16.526266,11.950105,25.85403,36.15897,28.899239,21.57192,22.17245,30.492058,41.049263,45.77833
17.04094,9.055465,56.593616,12.79517,24.057838,24.963095,15.159445,14.537828,18.77965,31.863289,15.03753,38.297974,21.837793,3.6695175,23.73008,14.574252,11.191018,38.13474,56.848858,12.613579,52.791534,16.882612,14.120413,16.682232,11.597218,25.544926,34.494637,27.951128,20.905567,22.17666,30.126408,40.489067,44.837925
16.968687,8.949838,55.6389,12.794224,24.327995,24.961607,15.082297,14.537828,19.122114,31.500914,15.377068,38.6987,22.440271,3.6695175,23.76506,14.194884,11.193081,38.306923,55.130367,12.610973,52.67714,16.966074,12.16353,16.917538,12.053645,24.96622,33.877094,29.10129,21.170547,22.17623,30.205893,40.131847,45.229908
17.040089,9.1094,55.70634,12.780994,25.95747,24.9735,15.154305,14.537828,19.000652,31.407589,16.085325,39.923203,21.80707,3.6695175,23.349073,14.535885,11.193436,38.564907,55.278233,12.60235,52.81656,16.99848,13.120144,16.278484,11.796472,24.151562,31.50993,28.465973,21.084265,22.176668,30.34471,39.383656,44.21652
17.076458,8.913844,55.421097,12.781288,27.069178,24.984095,15.293414,14.537828,19.014595,32.328636,16.490337,41.474182,21.837126,3.6695175,23.299757,14.55838,11.1842165,38.163364,55.5005,12.574649,53.346584,16.87074,14.850687,15.903171,11.006677,24.515068,29.163189,28.676937,22.1582,22.171562,30.71268,39.34394,43.972588
17.176157,8.817553,56.128593,12.777084,26.81882,24.987312,15.245243,14.537828,18.847918,33.59761,16.683971,41.714466,22.154955,3.6695175,23.414787,14.882665,11.178239,37.424385,56.508263,12.553247,53.97344,16.687044,16.537155,15.675067,10.834645,25.475653,27.567162,28.395172,22.974056,22.172516,31.086803,39.55283,43.708782
17.215296,8.575653,58.995106,12.761489,25.176498,24.967443,15.388834,14.537828,18.29824,35.827366,17.166878,40.508366,22.201578,3.6695175,23.29979,16.288666,11.168236,37.52942,58.630417,12.547476,55.29709,16.435873,16.356379,15.23524,10.610718,26.36803,24.711506,27.626226,22.189043,22.181057,30.706059,39.27714,43.141483
17.47029,8.402289,58.84394,12.76161,24.935955,24.97061,15.644727,14.537828,18.191238,36.573227,16.83102,39.933228,22.078373,3.6695175,23.4099,16.241121,11.154493,36.201046,59.90605,12.540781,56.018288,16.297083,17.341007,15.70694,9.997839,26.833488,25.22792,27.102991,23.851723,22.177572,30.699806,40.44874,43.6082
17.806498,8.391185,58.304577,12.756781,23.718222,24.965984,15.399304,14.537828,18.09472,34.96666,16.973017,40.036686,22.392921,3.6695175,22.76884,16.88426,11.153157,35.799553,63.04668,12.561596,55.849823,16.089153,18.26405,15.391918,9.9667635,26.828363,26.183414,26.314217,23.515442,22.180094,31.170242,40.96034,43.867294
17.566803,8.254586,57.838814,12.762181,25.099669,24.969965,15.390904,14.537828,18.218225,33.90793,16.597418,40.35312,22.169361,3.6695175,22.628094,16.52134,11.156665,36.40772,62.84114,12.573585,55.351524,16.248333,16.81211,15.164653,9.923914,26.083113,27.365274,26.710001,22.954855,22.177774,31.180143,40.567085,43.849625
17.434494,8.195601,57.631252,12.771429,26.160593,24.975935,15.245285,14.537828,18.212708,34.168354,16.367311,40.543266,21.906553,3.6695175,22.713432,16.250755,11.160678,36.54811,62.945004,12.580747,55.034767,16.345547,16.490952,15.183471,9.782344,25.613756,28.491398,26.556536,23.10663,22.1744,30.917147,40.5122,43.531635
17.313902,8.392356,58.173355,12.779621,26.218576,24.979103,15.048499,14.537828,18.116428,34.90728,16.194345,40.54938,21.425774,3.6695175,23.334991,15.973041,11.168283,36.587128,61.92617,12.576071,54.710655,16.42811,17.357971,14.982866,10.4892645,26.473495,29.03498,26.458117,23.175415,22.17321,30.797155,40.493744,43.10767
17.336327,9.593277,57.133892,12.774519,25.092472,24.98319,15.061536,14.537828,18.28272,34.201313,15.602563,40.97202,21.061691,3.6695175,23.47791,15.747342,11.169769,36.73891,61.376343,12.574441,54.37236,16.443552,18.727945,14.588846,10.81651,26.399054,29.862003,25.728138,23.382967,22.171677,30.95323,40.843113,43.30533
17.504538,9.92665,58.546085,12.766747,23.974386,24.970285,14.914219,14.537828,17.979849,34.682705,16.246546,40.65472,21.00291,3.6695175,23.384335,16.714245,11.169893,37.301495,62.44638,12.587368,54.49312,16.346973,19.485516,14.147965,10.834055,26.74698,28.939943,24.828905,22.445316,22.175253,30.567316,40.58262,42.862343
17.508604,9.967986,58.4349,12.756003,21.12038,24.950478,15.076001,14.537828,17.850693,34.886356,17.17349,40.54482,20.873251,3.6695175,23.311192,17.235764,11.172871,38.602932,62.3944,12.587496,55.243008,16.25536,16.2487,13.32282,11.609146,26.853456,27.716593,25.04998,20.881956,22.182693,30.400911,40.018543,43.012573
18.023825,9.4465475,59.12308,12.763818,20.390364,24.945763,14.931797,14.537828,17.603323,35.838352,19.618454,40.214806,21.494274,3.6695175,24.067984,17.754055,11.17921,38.415653,62.647537,12.601441,55.833466,16.078434,15.165604,13.368177,11.968694,27.628983,28.086372,24.626297,21.659466,22.182863,30.04249,40.010944,43.10834
18.490925,8.857801,61.550533,12.782634,21.200296,24.931458,14.845372,14.537828,17.484255,37.583122,24.188341,39.9632,21.703093,3.6695175,24.866375,18.627869,11.180979,38.113335,61.586758,12.631174,56.376392,15.790719,13.706204,13.838096,12.0351305,28.446472,26.467451,24.679586,22.587679,22.180641,29.562365,39.406,43.125996
18.178751,8.246528,64.2945,12.80876,22.801765,24.914259,14.965538,14.537828,17.679358,39.604946,25.65187,39.397038,20.735712,3.6695175,25.412815,18.66895,11.176772,38.542828,59.24879,12.639943,56.67488,15.761673,10.907484,14.69848,11.241356,28.803009,25.63563,26.260954,22.58155,22.175428,28.789566,38.5119,43.39289
17.89414,7.6903033,63.37453,12.821798,23.516838,24.914509,14.971078,14.537828,17.990238,39.211834,25.443226,39.391468,20.356483,3.6695175,25.2729,17.792131,11.179184,38.819782,58.33412,12.640453,56.44506,15.85261,8.712588,15.588561,10.744458,28.34287,26.874655,27.543072,22.248646,22.172329,28.55578,38.560738,43.934746
17.624754,7.3219504,63.08597,12.832899,24.233032,24.922728,14.906832,14.537828,18.090574,39.584602,24.449905,39.015354,20.223875,3.6695175,25.959154,16.960045,11.185846,38.615227,56.614437,12.626072,56.103825,16.013916,8.051036,16.019836,11.26745,28.817635,27.67796,28.34061,22.610468,22.17103,28.440098,38.610386,43.903244
17.866472,7.485662,61.69447,12.829733,25.649687,24.948841,14.9592495,14.537828,18.117765,36.653084,22.872496,40.390327,19.784903,3.6695175,25.512585,16.276983,11.191171,38.50047,56.220444,12.597383,54.790794,16.210173,13.645317,16.065308,10.967308,29.57136,27.965004,28.101568,22.230211,22.16764,29.244465,38.827534,43.577477
17.78036,6.979298,61.136074,12.820133,24.292149,24.944658,15.338995,14.537828,18.320068,36.675377,21.655344,39.73676,21.025543,3.6695175,24.931784,16.070465,11.177612,38.401695,55.829216,12.573446,55.307552,16.187027,13.2586565,16.562683,10.50243,29.435873,26.715332,29.55769,21.616512,22.171618,29.442951,38.919113,44.312435
17.70313,7.1180935,60.211647,12.812035,24.085125,24.941652,14.994269,14.537828,18.236221,34.051987,19.193565,38.483326,22.137857,3.6695175,23.726383,16.333176,11.182229,38.023632,59.836197,12.625125,54.193703,16.298811,14.341925,16.67343,10.64211,27.938889,31.603209,28.154877,20.409996,22.17766,29.783758,39.907234,44.50438
17.60066,7.3748145,60.51,12.809607,25.52406,24.944756,14.821414,14.537828,18.253092,32.056313,17.530891,37.989765,23.034082,3.6695175,22.651754,16.787605,11.180608,37.86746,61.98698,12.657977,52.9207,16.423223,16.969973,17.054106,9.848017,26.548082,33.338177,27.3014,19.81648,22.1782,29.930449,40.11275,44.300213
17.922543,7.6108093,61.047756,12.792041,26.824892,24.937876,14.611515,14.537828,18.27303,29.692373,19.01678,38.235023,22.459972,3.6695175,21.886757,17.759829,11.173495,37.610485,63.494064,12.705149,52.515373,16.314173,17.899286,16.930557,10.119227,25.733778,33.207237,26.086,19.602526,22.178991,30.332148,40.103058,44.3795
17.896475,8.6476965,60.811596,12.779208,25.584608,24.937834,14.678857,14.537828,18.258423,29.083395,18.196386,38.171093,22.108862,3.6695175,21.876387,17.69897,11.175444,37.778065,63.028763,12.698451,52.27992,16.372934,19.08718,16.687233,10.367205,25.730108,32.530613,25.634134,19.124369,22.182688,30.42198,40.246178,44.385082
17.76729,9.487525,60.27973,12.76579,24.87011,24.933535,14.915574,14.537828,18.438988,28.578003,17.560074,38.4793,22.378159,3.6695175,21.830826,17.546585,11.170675,38.167625,61.616436,12.683712,52.41807,16.407515,18.605635,16.714867,10.235202,25.365395,30.893295,26.1752,19.00274,22.18377,30.532257,40.156067,44.94085
17.875587,10.069004,60.60684,12.746094,25.698904,24.93517,14.951272,14.537828,18.382835,28.14719,17.373325,39.030544,21.699799,3.6695175,21.7878,18.118637,11.160994,37.752716,62.638195,12.689034,52.816097,16.332151,18.896711,15.807373,10.445881,25.100262,29.346495,25.267208,19.857662,22.184752,30.854336,40.184315,44.903122
17.769506,9.711523,58.44537,12.740989,25.813337,24.934301,15.359209,14.537828,18.663155,27.08959,17.841349,39.492416,21.626745,3.6695175,21.433336,17.549313,11.151476,37.687775,62.57295,12.683194,53.55439,16.23751,15.378648,16.058296,10.064369,24.247736,28.578114,25.898195,20.22214,22.18424,31.132494,40.51795,45.784187
17.69322,9.17197,57.154667,12.756005,24.806839,24.932995,15.154003,14.537828,18.798553,27.408651,17.371372,39.008453,22.67171,3.6695175,21.326239,16.930798,11.1613035,37.904976,62.765152,12.686794,53.281647,16.37896,13.736061,16.581295,10.063692,23.77501,31.723528,26.512499,19.956093,22.182812,30.955011,40.782486,46.070324
17.64227,8.567599,56.912563,12.772254,24.578775,24.940077,15.067611,14.537828,18.727205,28.778078,16.95236,38.656113,23.0208,3.6695175,21.560108,16.51005,11.1678,37.615616,63.036053,12.675042,53.333973,16.425919,13.746434,16.898497,9.885141,24.04141,33.200798,26.774729,20.319967,22.181133,30.715355,40.99092,45.794735
17.714548,8.007975,57.975094,12.801412,21.85024,24.935938,14.940428,14.537828,18.458694,32.47922,18.613987,38.76731,22.62927,3.6695175,23.26482,16.186836,11.184142,38.33919,61.64734,12.640798,54.26217,16.24463,12.886823,16.424366,10.589211,26.893066,33.697586,27.561728,20.11018,22.179836,30.057947,40.68571,45.394157
18.006594,7.851608,59.853756,12.812592,21.26994,24.932556,14.899156,14.537828,18.050776,34.84942,20.857552,39.53781,21.663319,3.6695175,23.873919,16.95335,11.185053,38.71673,61.969494,12.623383,54.944168,15.987013,14.334522,15.737774,10.300261,28.623363,31.339365,26.969042,20.168114,22.177212,29.66026,40.142258,44.400352
18.198996,7.41241,60.796646,12.816517,22.33788,24.936127,14.833371,14.537828,17.876524,35.734455,21.222109,39.919548,22.020695,3.6695175,24.014067,17.431892,11.177197,37.767197,63.15523,12.617488,55.357548,15.821712,15.788239,15.709971,9.8747635,29.329243,30.256523,26.80491,21.57756,22.174042,29.828043,40.38126,44.32125
18.030539,7.612992,62.446293,12.809213,22.59948,24.94122,14.718827,14.537828,17.61236,36.131012,18.795122,38.215637,22.10137,3.6695175,23.751387,18.006271,11.1787615,37.179886,64.66889,12.628391,54.6065,15.974021,19.528368,15.602366,10.011293,28.941912,31.30489,25.412516,21.122375,22.179037,29.627132,40.513504,43.355545
18.144697,7.7208986,63.066505,12.792792,21.17499,24.926096,14.852576,14.537828,17.55589,36.506035,19.74751,38.003033,22.034498,3.6695175,23.052423,18.964611,11.170242,37.98223,65.75459,12.637029,55.26047,15.851693,18.546984,15.177425,9.802094,28.15095,29.331648,24.935806,19.99712,22.18409,29.373276,39.970264,43.138718
18.147844,7.4439497,65.050514,12.80392,21.641413,24.917923,14.813646,14.537828,17.366087,38.999447,21.416498,37.94306,21.751474,3.6695175,23.853495,19.56853,11.171964,38.301807,65.29914,12.640086,55.9209,15.736618,17.067358,14.757777,9.815243,28.70516,28.230715,24.915596,20.510796,22.181776,28.747503,39.236927,42.663105
17.934078,7.1590805,63.02274,12.80299,23.361937,24.929516,14.811315,14.537828,17.455812,37.096043,20.745531,38.365677,21.358366,3.6695175,24.018576,18.458748,11.173428,37.894344,64.741486,12.647423,55.622593,15.903142,14.543104,14.808995,10.605965,28.353123,29.997648,25.320911,21.054852,22.179546,29.264088,39.8105,43.174873
18.189001,7.408944,61.15077,12.791744,23.175901,24.922318,14.878939,14.537828,17.721554,35.062866,22.87891,39.231148,21.17031,3.6695175,23.258678,18.565517,11.164661,37.821255,65.59689,12.676456,55.923946,15.675903,12.164987,14.866626,10.479165,27.203388,29.35205,24.96949,21.116392,22.179739,29.666765,40.163525,44.046417
18.338184,7.591069,61.66272,12.7869215,22.907167,24.909494,14.871341,14.537828,17.630245,34.83464,23.994606,39.29162,20.710857,3.6695175,22.444427,19.56628,11.152403,37.989834,67.56263,12.702991,55.99064,15.479297,12.594899,14.505516,9.727738,26.514664,28.495735,23.915108,20.627895,22.178268,29.488352,40.115887,43.876858
18.153637,7.860986,61.161533,12.794924,23.63296,24.919724,14.839278,14.537828,17.555933,35.482365,23.184675,39.98733,20.531904,3.6695175,22.926138,19.027597,11.157651,38.108097,67.60178,12.685952,56.010525,15.570941,12.258439,14.090284,9.471259,26.75302,28.677578,23.895403,21.220837,22.174892,29.29372,40.169598,43.594143
18.223879,8.088965,63.79682,12.788483,22.886147,24.90595,15.020359,14.537828,17.221436,36.610348,23.718538,39.341846,19.87225,3.6695175,23.074972,20.162167,11.150526,38.82159,67.20303,12.681631,56.228943,15.506025,13.937191,13.477078,9.092733,27.44727,26.268814,23.066654,20.400833,22.174717,28.68326,39.421764,42.79262
18.040993,7.9886947,62.550327,12.78616,22.354158,24.90167,15.197262,14.537828,17.44229,35.582146,23.515257,39.674103,19.547432,3.6695175,22.82362,19.54386,11.150467,39.49426,66.35149,12.670497,56.420506,15.558039,11.408998,13.8054285,8.852774,27.11041,26.373459,24.113071,19.700706,22.174362,28.77667,39.358906,43.44733
17.818354,8.276797,61.40557,12.781953,21.9659,24.900846,15.337427,14.537828,17.74412,34.85668,22.475855,39.811558,19.930166,3.6695175,22.582014,18.929375,11.149297,39.742565,65.73862,12.662343,56.520878,15.642971,9.880298,14.218807,8.684291,26.513674,26.607807,25.158573,19.409481,22.176254,28.957172,39.51673,44.2141
17.721186,8.118571,60.36786,12.782202,22.916086,24.905024,15.273537,14.537828,17.951183,34.04448,21.708624,39.97704,20.457165,3.6695175,22.288042,18.499424,11.147924,39.416203,65.90162,12.667106,56.305855,15.731697,9.010463,14.6149435,8.613914,25.788952,27.52089,25.686253,19.798706,22.175627,29.221968,39.77355,44.65623
17.744112,8.161663,61.852074,12.7804785,22.24772,24.904036,15.529993,14.537828,17.889803,34.31854,20.77662,38.952282,20.605972,3.6695175,22.223053,18.793362,11.145122,39.36843,65.0006,12.655085,55.980606,15.751105,12.464421,15.117562,8.424798,26.468187,26.719519,25.733524,18.991793,22.17923,29.130539,39.666348,44.45773
17.777988,8.202817,62.879597,12.789533,22.814571,24.920237,15.397077,14.537828,17.76357,34.339443,19.149157,38.480083,20.624182,3.6695175,22.721712,18.47428,11.154839,38.6713,63.72144,12.638029,54.84878,15.9310055,17.694477,15.431702,9.007883,27.877851,27.679384,25.588715,19.116392,22.179565,29.365717,39.848366,43.799835
17.73203,8.375393,62.79487,12.794045,24.277575,24.941677,15.018813,14.537828,17.684217,33.206474,16.793745,38.487614,20.755194,3.6695175,22.692019,18.10815,11.16563,37.801857,64.0286,12.635751,53.238544,16.190464,22.394707,15.291599,9.53729,28.222612,29.777773,24.995533,19.418625,22.177792,29.88358,40.1707,42.9452
17.838339,9.12546,63.32702,12.7824745,24.905254,24.94619,14.771788,14.537828,17.67963,32.693653,16.418327,39.23382,20.919367,3.6695175,22.378168,18.628042,11.164727,37.508553,64.185646,12.634203,52.655483,16.20858,25.60173,14.896077,9.67566,28.209608,28.220785,24.481743,19.70298,22.177736,30.258352,39.959972,42.42647
17.75084,9.427833,62.614613,12.792111,23.897795,24.948404,14.618633,14.537828,17.710194,33.6984,15.89669,39.43903,21.071182,3.6695175,22.874733,18.104004,11.172045,37.629112,63.63369,12.620336,52.604645,16.258877,25.404533,14.8601,9.81699,28.668184,29.794138,24.719948,20.069271,22.174656,30.169436,40.24237,42.491634
17.638313,9.2316,62.688995,12.794986,23.133904,24.944866,14.725985,14.537828,17.67686,34.191578,15.638829,38.520912,21.001297,3.6695175,23.052345,17.896215,11.1747,37.776688,63.224842,12.619121,52.745865,16.303757,24.37004,15.192416,9.853639,28.584015,30.525448,24.712729,19.700396,22.17656,29.831844,40.333847,42.53053
17.551983,8.89898,61.840797,12.792448,24.121178,24.948124,14.678412,14.537828,17.753513,33.889557,15.630834,38.677105,21.26808,3.6695175,23.227169,17.454994,11.175196,37.471188,62.95849,12.624393,53.044853,16.38174,21.785612,15.18768,10.37989,28.182161,31.311829,25.282787,20.421497,22.176386,30.061008,40.456894,42.959957
17.530672,8.491479,59.350212,12.802986,23.732555,24.956465,14.500474,14.537828,17.806889,32.812115,15.011989,38.383865,21.460003,3.6695175,23.4384,16.377695,11.19192,37.388927,62.72312,12.640629,52.47703,16.620775,18.85206,15.154287,11.656811,27.707067,35.864506,25.62742,20.446335,22.176268,30.26821,40.942074,43.289227
17.62647,7.980187,58.18426,12.8189945,22.701439,24.959244,14.427785,14.537828,17.818481,32.667126,14.849346,37.639217,21.748531,3.6695175,23.417622,15.854802,11.202769,37.12919,63.019,12.651987,52.077213,16.678936,18.338308,15.764294,11.790018,27.61665,39.13639,25.687073,20.256186,22.175999,30.077282,41.493633,43.470932
17.722235,7.996702,58.17234,12.822065,22.744324,24.964233,14.251995,14.537828,17.847744,31.458605,14.448622,38.137497,21.927425,3.6695175,22.873007,16.080667,11.207493,37.073826,64.20212,12.651282,51.263634,16.646317,21.488255,15.714088,11.280811,27.818302,39.31855,25.428295,19.555706,22.175117,30.398317,41.465633,43.005344
17.894033,8.788384,59.074966,12.796154,23.18185,24.964071,14.254646,14.537828,17.878471,31.496063,14.568229,38.92102,22.269413,3.6695175,22.412878,17.092638,11.193878,36.8978,65.10111,12.647022,51.759308,16.550394,23.409897,15.160277,10.94724,27.152485,36.139225,24.861578,20.332201,22.176445,30.723518,41.1413,42.958225
17.88414,8.787396,60.405792,12.78136,24.761213,24.964308,14.375449,14.537828,17.805983,32.095547,14.859875,39.010536,22.126541,3.6695175,22.556057,17.634335,11.183082,36.553978,64.64899,12.642081,52.419228,16.53491,23.035442,14.895615,11.050439,26.876932,33.503017,24.779793,21.326433,22.177183,30.762157,40.676823,42.836742
17.564959,10.488434,58.799458,12.770059,21.479795,24.95332,14.883865,14.537828,18.212803,32.09104,14.179842,39.132637,21.581741,3.6695175,23.029263,16.656944,11.180144,38.15465,61.080765,12.609704,52.723377,16.578224,21.280743,14.9266405,11.217886,27.119532,32.80649,25.51174,20.138445,22.17825,30.654243,40.747166,43.969635
18.034925,11.169685,61.877327,12.741334,21.70679,24.932976,15.16732,14.537828,18.034391,31.24436,15.202366,38.649868,21.032684,3.6695175,22.71185,18.691738,11.157801,38.127113,61.302906,12.63484,53.187565,16.33589,23.291876,14.516129,11.066884,26.991806,28.458189,24.2381,20.056583,22.182665,30.423025,40.14609,44.183365
18.316185,10.967103,64.22573,12.733424,22.976265,24.9252,15.144735,14.537828,17.815613,32.21829,16.620205,39.09434,20.979448,3.6695175,23.28186,19.905664,11.144865,37.85366,61.36682,12.63536,54.14217,16.141771,23.090277,13.712209,11.158385,27.653624,25.196484,23.888855,21.335993,22.181576,30.308756,39.462135,43.93709
18.35298,10.306205,63.4987,12.738175,23.67131,24.931307,15.067731,14.537828,17.807224,32.14274,17.251902,39.28272,21.420244,3.6695175,23.3662,19.531033,11.146407,37.211304,62.14635,12.63446,54.50042,16.093756,21.788635,13.944329,11.128227,27.771606,25.742485,24.12863,22.127457,22.181404,30.580671,39.831593,44.089054
17.962612,9.972176,61.77958,12.748315,22.583382,24.94181,15.084949,14.537828,17.754211,32.495865,16.986416,39.437096,21.09447,3.6695175,23.614098,18.488525,11.159004,37.716076,62.315456,12.615175,54.54738,16.160982,19.89923,13.528677,11.878536,28.170134,27.17728,24.573101,21.360487,22.183357,30.846378,39.947227,43.741863
18.305426,9.484358,63.035275,12.747635,23.312979,24.94251,15.018122,14.537828,17.532457,33.737164,19.341715,40.085068,21.07477,3.6695175,23.70244,19.216228,11.160665,37.467102,62.52877,12.6111355,55.170338,15.974995,20.82125,13.574108,11.567283,28.623291,24.247517,24.298378,21.779905,22.183668,30.651367,39.460472,42.96996
18.218397,9.028025,60.999218,12.761757,23.38455,24.95755,14.705191,14.537828,17.465824,33.474045,18.853848,40.002743,21.226028,3.6695175,23.799654,18.284704,11.181531,37.336113,62.725933,12.619953,54.37942,16.222153,19.571306,13.50464,12.646459,28.099186,28.071947,24.315403,21.766647,22.18304,30.802599,39.708347,42.518574
18.143925,8.90587,57.007233,12.776991,22.832977,24.965946,14.877718,14.537828,17.884445,32.188324,18.5247,40.51981,21.342005,3.6695175,23.601465,16.726309,11.178113,37.034782,64.21985,12.6299715,54.506226,16.113626,16.923082,14.118912,11.625068,27.48499,32.029186,24.518032,22.207577,22.17636,30.846693,41.337852,43.90371
18.125547,10.304777,55.144077,12.767056,20.493048,24.955475,15.067795,14.537828,18.175446,31.127602,18.289932,41.21714,21.288416,3.6695175,23.10482,16.551052,11.172075,37.89922,64.11174,12.628356,54.61762,16.041641,15.900928,13.789186,11.261671,26.952944,32.016937,24.34632,21.566128,22.176813,30.873878,41.679546,44.713776
17.811872,10.1593895,55.47435,12.763138,22.120125,24.957184,15.113168,14.537828,18.393343,30.829645,17.45261,41.118935,21.279312,3.6695175,22.865194,16.489355,11.1699095,37.9615,64.18376,12.63127,54.629505,16.136913,14.509378,14.022855,10.915263,25.840202,31.76829,24.873417,21.626959,22.177347,30.903553,41.262077,44.86664
17.781836,9.437511,56.87767,12.762708,21.96539,24.946732,15.13516,14.537828,18.252083,32.459255,17.81893,40.382614,21.69174,3.6695175,22.82258,16.991924,11.162815,37.705906,64.879944,12.627472,55.412704,16.032448,13.458111,14.378297,10.569852,25.979374,30.332634,25.261232,21.729103,22.180323,30.655304,41.137146,44.81782
17.370945,8.906006,57.37411,12.765988,24.59304,24.955645,15.639848,14.537828,18.378134,32.57174,17.30691,39.984955,20.962938,3.6695175,23.039978,16.240778,11.161345,37.87873,61.742126,12.612934,55.375492,16.315226,12.188604,15.05432,10.228718,25.276758,29.443176,26.280836,21.802113,22.177631,30.301088,40.494648,44.636307
17.115023,8.738769,57.313435,12.779213,24.988266,24.958933,15.601875,14.537828,18.30322,31.788925,16.022554,38.848408,20.627556,3.6695175,22.973612,15.685619,11.174522,38.523335,60.682564,12.630807,54.081318,16.6713,12.172874,15.308416,10.737622,24.790009,32.67301,26.113586,20.351717,22.177952,29.920221,40.28598,44.119583
17.213863,8.316897,57.24043,12.795176,22.727827,24.945917,15.501081,14.537828,18.24503,33.539246,17.526857,38.66352,20.554039,3.6695175,23.322153,15.589907,11.1825485,39.285213,60.577923,12.628686,54.603718,16.56221,10.41227,15.450018,10.72899,25.60291,33.480038,26.53586,19.58985,22.17838,29.341955,40.287724,44.187862
17.149466,8.050161,59.01286,12.805891,22.13077,24.937492,15.344013,14.537828,17.901384,37.12314,18.048532,37.959255,20.62018,3.6695175,23.486631,16.170877,11.180239,39.297756,61.518223,12.626056,55.21788,16.469265,10.63572,15.608449,10.106435,25.949247,32.88622,26.186832,19.734138,22.178616,28.479136,40.188572,43.407528
17.172293,8.682759,58.260715,12.810176,20.545313,24.931515,15.50927,14.537828,18.01596,36.950493,17.52481,38.12268,20.646715,3.6695175,23.537703,15.910341,11.174868,39.334404,61.484974,12.621778,55.278133,16.38016,11.277019,15.732832,9.709694,26.51884,33.640324,26.17945,19.742464,22.176422,28.480705,40.94113,44.14497
17.371283,8.576808,58.932297,12.808413,20.19411,24.92649,15.288289,14.537828,17.851568,37.105637,17.971437,38.812344,20.857042,3.6695175,23.44639,16.523167,11.1676655,39.000767,63.20586,12.616911,55.56992,16.160606,12.64764,15.281344,9.526061,27.55248,32.303913,26.001183,20.010452,22.175564,28.851625,41.1156,44.07929
17.3405,8.219367,58.963383,12.80939,20.446209,24.9237,15.192441,14.537828,17.925568,36.779526,17.609722,38.947647,21.24061,3.6695175,23.317123,16.58574,11.164569,38.882233,63.769028,12.616149,55.573277,16.135643,12.224832,15.336944,9.352055,27.630066,32.451393,26.590307,20.144722,22.17416,29.07105,41.124012,44.416206
17.288557,8.47282,58.693184,12.807109,21.472197,24.92667,15.040475,14.537828,18.108145,35.76194,17.286997,39.288162,21.67536,3.6695175,22.947958,16.626448,11.166503,38.877617,64.289276,12.627146,55.13134,16.17176,12.254748,15.463078,9.13219,26.743484,32.60677,26.625494,20.179544,22.174286,29.274927,40.94242,44.523937
17.075428,9.0124655,58.06714,12.808471,20.303314,24.916952,15.347608,14.537828,18.406607,34.95001,16.63585,39.403217,21.608576,3.6695175,23.093235,16.287987,11.162846,39.640198,62.88833,12.6215315,55.118862,16.18342,10.967255,15.618018,8.685217,26.697594,33.161873,27.366486,19.742609,22.170835,29.187973,41.013924,45.542698
16.794914,9.295337,57.756924,12.804271,20.855574,24.923496,15.247305,14.537828,18.618792,34.48877,15.585616,39.34522,21.835583,3.6695175,23.639898,15.722455,11.17107,39.96495,60.60127,12.613253,54.630352,16.454178,10.308353,15.549595,9.515383,26.43759,34.087418,28.159157,19.909931,22.169369,29.338509,40.609917,45.631973
16.75312,9.074785,58.38119,12.805806,21.303205,24.928179,15.083211,14.537828,18.375828,34.732094,14.881168,38.75116,21.819006,3.6695175,23.455973,15.925598,11.173939,39.777115,61.82698,12.617914,54.216297,16.519897,11.615806,15.352939,9.606007,26.393171,34.79594,27.368223,19.540258,22.171072,29.27089,40.57753,44.846237
17.034967,9.190337,55.652718,12.788916,20.824715,24.928007,15.14688,14.537828,18.49103,31.15837,15.54811,39.872375,21.865047,3.6695175,22.606325,15.828808,11.173467,40.03421,63.648098,12.640357,54.249287,16.507906,9.110124,14.376862,10.37806,25.471508,35.604153,26.825642,18.952675,22.174019,30.15821,40.85255,45.399498
16.97788,9.616123,55.31042,12.770631,22.368553,24.928637,15.045088,14.537828,18.6041,29.1977,15.813121,40.475727,21.774147,3.6695175,22.141083,16.0501,11.174538,40.3041,63.24198,12.660448,53.85941,16.636602,7.9069924,14.012712,11.227493,24.250832,34.334023,26.823647,18.746199,22.17718,30.605583,40.28666,45.356327
17.00534,9.746461,56.08229,12.764042,22.133343,24.925516,15.073767,14.537828,18.592672,30.248613,16.821909,40.43553,21.678093,3.6695175,22.225697,16.364,11.175012,40.236412,62.475033,12.653291,54.383564,16.538082,7.6355042,14.213117,11.329683,24.149178,31.971596,26.975895,18.89992,22.181206,30.434835,39.897865,45.146374
17.05955,9.240569,56.454178,12.762901,23.109756,24.929548,15.193063,14.537828,18.64364,30.629402,17.519081,40.336227,21.742554,3.6695175,22.585947,16.309036,11.172641,39.833458,61.720108,12.646009,54.88504,16.495626,6.7231417,14.553628,11.1894,24.144384,31.003954,27.352203,19.780016,22.180597,30.371828,39.748,45.293663
17.10669,9.124867,56.638252,12.766536,25.187151,24.943865,15.154572,14.537828,18.794573,31.197844,18.045055,40.57171,21.724142,3.6695175,22.96957,15.891889,11.176137,39.093044,59.79818,12.636553,54.72032,16.567,7.7104845,15.2861185,11.051807,23.92683,30.109802,27.778269,21.064058,22.17849,30.266104,39.56197,45.080994
17.467377,8.467185,57.415436,12.774338,27.2428,24.946035,15.075144,14.537828,18.884514,31.85227,20.518837,40.623825,21.548773,3.6695175,23.57771,16.045628,11.173595,38.003822,59.196674,12.651786,55.303036,16.382818,6.339617,15.92599,10.929797,24.031376,29.284273,27.850615,23.106743,22.175924,30.066368,39.57006,45.483185
17.492971,8.019889,61.57516,12.801954,30.980644,24.96784,15.028809,14.537828,18.230022,35.675583,20.51015,39.48086,20.596357,3.6695175,24.376411,16.626167,11.176132,36.783165,58.957092,12.64697,54.904984,16.448933,12.358357,16.499773,9.931442,25.122736,28.764473,26.53951,24.585749,22.170563,29.13163,39.134327,43.66334
17.5322,8.272756,61.708344,12.806585,31.126135,24.975908,14.966879,14.537828,18.019728,36.463604,20.017357,39.464855,20.40268,3.6695175,24.48167,16.667885,11.176812,36.352036,59.477585,12.642574,54.71441,16.467943,14.583499,16.34754,9.843397,25.342278,28.862123,25.703974,25.058426,22.16863,29.014482,39.421192,43.06259
17.438026,8.25029,61.572,12.81465,29.990171,24.973898,14.878731,14.537828,17.910145,37.246155,19.249178,39.065636,20.478186,3.6695175,24.461224,16.473705,11.178985,36.532246,59.70955,12.637378,54.48626,16.51608,15.257866,16.470013,9.835856,25.73367,29.887,25.748526,24.477606,22.168695,28.81571,39.724438,42.795074
17.71796,8.861056,59.693665,12.818975,27.72663,24.988733,14.809423,14.537828,17.828901,35.56737,17.710196,39.662674,20.150946,3.6695175,23.67729,16.370771,11.185536,36.59933,62.112293,12.627093,53.420704,16.473759,20.573168,16.183073,9.318581,25.816618,32.000935,24.272688,23.50082,22.16632,29.220755,40.47428,42.312523
17.595293,8.854711,61.22368,12.830199,26.933466,24.993847,14.736796,14.537828,17.486387,38.420116,16.86458,38.62831,19.870821,3.6695175,23.902584,16.613243,11.189495,36.500774,62.428265,12.608587,53.138306,16.51411,24.179268,16.313152,9.174638,26.449984,31.298311,23.459114,23.212332,22.167393,28.698921,40.450653,40.880714
17.624853,8.629717,61.583958,12.825361,25.965506,24.988104,14.776717,14.537828,17.39965,38.699448,17.49515,38.836746,19.746115,3.6695175,23.750942,16.97958,11.188845,37.026634,62.93867,12.59689,53.351585,16.396011,24.575018,15.948196,9.037373,26.909388,29.892096,23.284985,22.289017,22.170193,28.729261,40.115788,40.526917
18.548965,8.792985,63.136528,12.817314,24.723484,24.96371,14.622035,14.537828,17.260012,38.83358,24.046583,40.19455,19.829475,3.6695175,23.698568,18.842512,11.187046,37.385674,63.45019,12.624034,54.350822,15.843659,24.012678,15.493632,9.072765,27.824295,25.367016,22.798813,22.423615,22.172724,28.811844,39.153538,40.938694
18.738344,9.935723,62.870277,12.7881975,24.121014,24.952919,14.553463,14.537828,17.362587,37.10073,24.431921,41.07863,20.047527,3.6695175,23.169727,19.527742,11.182458,37.622726,63.868855,12.6397295,54.475666,15.7742405,23.628654,14.546203,9.422087,27.364166,23.878336,22.713139,21.89634,22.176004,29.334826,38.93404,41.26382
18.362606,10.039541,58.322758,12.766493,23.37523,24.964735,14.502541,14.537828,17.87322,33.019413,22.21392,41.880547,20.396923,3.6695175,22.80591,17.886965,11.196607,38.135853,63.12639,12.639092,54.002754,16.052538,19.567774,14.158012,11.023865,26.1099,27.486822,23.97325,20.818493,22.181194,30.430086,39.415077,42.391254
18.26986,9.5429125,54.870434,12.759368,21.608465,24.970308,14.5648775,14.537828,18.37889,30.347202,20.184515,41.994358,21.255459,3.6695175,22.48755,16.549158,11.198471,37.86871,62.33657,12.622699,53.744133,16.175789,17.241753,14.560432,12.382244,26.017756,29.619087,25.688307,20.510683,22.185337,31.558523,40.236794,43.78905
18.115381,9.504653,52.86174,12.760584,21.096212,24.976847,14.636057,14.537828,18.624413,29.517199,18.807777,42.77456,21.3356,3.6695175,22.42215,15.780788,11.202853,38.019745,61.135674,12.602593,53.353035,16.326607,16.855795,14.270097,12.796777,25.938826,30.484201,26.48768,20.435532,22.183071,32.00768,40.34055,44.066494
17.91442,9.464376,52.168568,12.757088,21.993332,24.976048,14.963767,14.537828,18.670616,28.252632,17.97193,43.174995,20.980015,3.6695175,21.931618,15.644953,11.1923065,38.29989,61.658447,12.607407,53.341934,16.385666,16.170473,13.9764805,12.018243,25.313576,30.782688,26.441793,20.036572,22.179298,32.09005,40.503265,44.281322
17.761328,9.021554,53.687904,12.765365,23.816399,24.977703,15.074648,14.537828,18.625626,29.323883,17.43919,42.83431,21.21406,3.6695175,22.23363,15.548831,11.183586,38.013664,60.8646,12.595923,53.40727,16.465282,16.544504,14.292615,11.522056,25.837444,30.022762,27.12382,20.627022,22.17565,31.967884,40.296474,44.153946
17.330145,8.578644,58.11963,12.766484,29.348583,24.982748,15.187983,14.537828,18.223299,30.474499,16.543428,41.51858,20.470055,3.6695175,22.708979,16.012022,11.171591,37.511116,59.566208,12.60442,53.227028,16.73228,17.446428,14.760772,10.812917,25.735838,28.463575,26.750856,21.537144,22.171806,31.269707,39.44013,43.003826
17.19528,8.34293,57.796307,12.775594,29.960749,24.981031,15.4596815,14.537828,18.316837,30.535679,16.709625,41.13197,19.686321,3.6695175,23.064838,15.4312525,11.169485,37.665955,58.24569,12.609456,53.357224,16.805067,15.182342,15.08669,10.85886,25.591862,29.093828,27.11088,21.668476,22.16905,30.853537,39.54577,43.34252
17.346254,8.099977,57.708454,12.790041,28.935633,24.977095,15.346245,14.537828,18.254667,31.585262,17.686083,41.154396,19.537918,3.6695175,23.405489,15.327003,11.172748,37.62331,58.572533,12.608879,53.645752,16.670074,14.825302,15.324378,10.776089,26.289562,29.573904,27.02259,21.8641,22.167698,30.52372,39.878235,43.406307
17.330482,8.56741,57.444324,12.796303,27.584663,24.972967,15.501136,14.537828,18.401333,32.22829,17.451588,40.801003,19.86695,3.6695175,23.482895,15.14611,11.169878,37.4862,58.405544,12.6051655,53.961193,16.586866,14.842663,15.865883,10.352542,26.242666,30.043392,27.093145,22.265844,22.168434,30.298883,40.371346,44.01346
17.336782,8.839792,58.487896,12.784217,25.536434,24.959143,15.545879,14.537828,18.348206,33.35288,16.977133,39.782158,20.983353,3.6695175,23.010986,16.080488,11.160926,37.302185,61.366684,12.608833,54.80717,16.31877,14.988951,15.961578,9.671646,26.021196,29.28172,26.559326,21.98673,22.17623,30.287588,40.723663,44.36409
17.137306,8.7611065,60.26939,12.779339,24.517265,24.94509,15.4769125,14.537828,18.26723,34.331497,16.242083,38.308655,21.75207,3.6695175,22.77927,16.8363,11.159133,37.555397,62.481926,12.615302,54.79488,16.27062,15.15436,16.172184,9.42855,25.859146,28.750788,26.459368,21.039776,22.182085,29.985722,40.44342,44.2359
16.91636,8.894068,60.96903,12.77397,24.031345,24.947285,15.6495,14.537828,18.18326,34.222626,15.725639,37.461033,21.378235,3.6695175,22.826971,16.955982,11.164198,38.02655,61.835747,12.611046,54.441196,16.363466,15.626538,15.881237,10.012136,25.665499,28.273544,26.088753,19.941738,22.18689,29.90796,39.888474,43.65978
17.207638,8.611098,59.190887,12.778774,22.290169,24.93917,15.755661,14.537828,18.278112,33.31594,16.972048,38.02522,21.225117,3.6695175,23.091991,16.565132,11.161308,37.92317,62.0733,12.614033,55.06549,16.144861,13.447503,15.799182,10.330251,26.60098,29.152773,26.567345,20.13771,22.185808,30.215576,40.66157,44.851315
17.406584,8.227901,60.78573,12.787812,23.753614,24.94031,15.766902,14.537828,18.028814,33.95732,18.030163,37.91221,20.555496,3.6695175,23.449203,16.901438,11.159125,37.598465,61.720192,12.6230135,55.099854,16.088465,14.677322,16.028387,10.053755,27.30963,28.551277,26.142397,20.546339,22.183218,29.835188,40.556877,44.44012
17.2387,7.708647,61.525665,12.79098,23.794523,24.928488,15.83138,14.537828,18.020086,33.932617,17.85343,37.422195,20.5336,3.6695175,23.309464,17.158585,11.154836,38.25017,61.92738,12.630676,55.161972,16.114319,13.096239,16.01277,9.595777,27.192636,29.006926,26.740658,19.76686,22.18161,29.531126,40.188923,44.715958
17.47628,8.312133,61.556118,12.772059,23.520332,24.927883,15.515907,14.537828,18.056458,33.199898,18.004332,38.56764,21.554022,3.6695175,22.625252,17.920456,11.153082,38.44563,62.841686,12.623295,55.01815,16.076775,15.180837,15.519313,9.396596,26.785273,26.919544,26.588871,19.63144,22.182455,29.995943,39.718056,44.33977
17.401297,8.532148,59.769238,12.771199,22.030165,24.921408,15.637948,14.537828,18.304344,33.0379,18.536863,40.156197,21.912275,3.6695175,22.643288,17.5342,11.152103,39.65693,61.924885,12.603664,55.55065,16.056053,12.405178,14.892014,9.220972,26.811033,26.28053,28.014511,19.229454,22.177683,30.183979,39.382942,44.955868
17.363941,8.73457,57.369953,12.772265,20.268372,24.920443,15.753307,14.537828,18.569227,32.10127,18.321947,40.837296,22.289188,3.6695175,22.559372,16.825703,11.156404,40.263397,61.31986,12.594334,55.54748,16.116394,10.629821,14.717745,9.392888,26.570217,27.557991,28.815042,18.836262,22.175306,30.459635,39.649532,45.65967
17.138514,8.83764,55.208942,12.784064,18.915216,24.919067,16.154957,14.537828,19.00747,31.565508,17.457563,40.959816,22.783922,3.6695175,22.722322,15.787387,11.1555805,40.658623,60.008224,12.5850725,55.555084,16.216352,8.716815,15.089118,9.019861,26.244911,29.721024,30.031853,18.96267,22.169527,30.467907,40.226803,46.862865
17.079477,9.025286,55.00782,12.788064,19.636042,24.926588,15.660583,14.537828,18.905924,31.312656,16.053337,40.510265,22.605158,3.6695175,22.790213,15.5477,11.164548,40.06038,61.531086,12.604616,54.84909,16.349936,9.543906,14.964208,9.723906,26.09473,33.044956,28.873615,19.330744,22.170807,30.543922,40.801964,46.529865
16.741308,8.423871,56.56112,12.804946,21.605854,24.939734,15.37113,14.537828,18.681768,35.260674,15.113752,39.289307,22.164288,3.6695175,23.472984,15.183365,11.172217,39.365128,60.987637,12.597342,54.893047,16.550634,9.493531,15.559651,9.875229,25.829025,33.99766,28.6301,20.636406,22.17079,29.594376,40.666084,45.289604
16.641598,9.228938,56.73424,12.811338,20.890827,24.944448,15.435815,14.537828,18.69172,36.783176,14.406309,38.7679,21.527742,3.6695175,23.959005,14.821861,11.174728,39.02698,59.321053,12.582942,54.660522,16.579536,11.503022,16.111292,9.866036,26.184097,34.25358,28.19567,21.19943,22.169754,29.200918,41.066498,45.076225
16.483046,9.230949,57.9603,12.8166685,22.084715,24.95212,15.300863,14.537828,18.478548,37.735744,13.37478,37.904884,21.187162,3.6695175,24.166945,14.83034,11.177607,38.731396,58.780846,12.581811,54.01237,16.739641,13.451696,16.366493,9.863449,26.220661,34.794014,27.678215,21.345062,22.16845,28.857119,40.92424,44.21217
16.76996,8.895827,59.178513,12.824999,22.631052,24.960726,15.25631,14.537828,18.008669,38.38029,12.899792,36.772903,20.983799,3.6695175,24.122072,15.179366,11.180322,37.767902,60.06739,12.594017,53.571636,16.773905,16.78606,16.637794,9.731595,26.730288,35.9373,26.272331,21.553034,22.169777,28.546583,41.41522,43.307175
16.971474,8.492566,60.12311,12.810325,23.01723,24.954075,15.060289,14.537828,17.853462,36.884995,13.378385,36.774563,21.532524,3.6695175,23.501366,16.120533,11.17756,37.642567,62.415375,12.615264,53.581676,16.681797,17.070574,16.081335,9.959377,26.579908,35.25516,25.7558,20.91125,22.175034,28.978655,41.133945,43.208607
16.997478,8.330494,60.16528,12.802321,23.34124,24.96066,15.045377,14.537828,17.80067,36.059612,13.409675,36.93037,21.547836,3.6695175,23.640474,16.223982,11.180459,37.615463,62.509415,12.608611,53.56746,16.70395,17.054256,15.520919,10.512634,26.635126,34.899372,25.636347,20.961975,22.176311,29.379698,40.757675,42.998688
17.51932,8.285751,60.73024,12.801456,23.614965,24.961359,14.8517685,14.537828,17.692797,34.050156,14.522743,37.02361,21.380405,3.6695175,23.567902,16.819519,11.188196,37.424217,63.200996,12.637256,52.91504,16.628126,19.495518,15.430229,10.866362,27.112423,35.753063,24.791441,20.536644,22.177813,29.617897,40.73792,42.96288
17.611313,9.915727,58.745796,12.779866,23.055502,24.960152,14.94369,14.537828,18.139475,31.222918,14.616543,38.375744,21.338093,3.6695175,23.126446,16.469418,11.1889305,38.331184,61.706474,12.642368,52.46796,16.701696,18.890379,15.168769,11.094851,26.170935,35.460762,24.954948,19.906979,22.178633,30.187609,40.600292,43.853386
17.595844,10.10693,57.822,12.767352,23.281055,24.954601,14.872803,14.537828,18.251406,30.550627,14.917267,39.944897,21.532621,3.6695175,22.621246,16.80043,11.176397,38.42733,63.30671,12.641634,53.074394,16.550865,17.282284,14.244883,11.01343,25.880627,33.822678,25.239817,20.286182,22.17708,30.758192,40.590034,44.242935
17.662907,9.982427,57.599144,12.772365,23.578743,24.95821,14.916983,14.537828,18.281977,31.107855,15.378361,40.576344,21.411398,3.6695175,22.649202,16.748516,11.168291,37.674297,64.02143,12.629688,53.501328,16.338846,18.209167,14.389873,10.449258,26.456484,32.564003,25.276522,21.249462,22.174402,30.976225,41.05548,44.373188
17.534918,9.638614,57.346016,12.770649,24.865559,24.966827,14.889817,14.537828,18.260298,31.19644,14.867405,40.6231,21.313004,3.6695175,23.111546,16.36916,11.166801,36.93731,63.293118,12.621097,53.54527,16.426107,17.492819,14.045575,11.372604,26.731485,32.495876,25.638062,22.465115,22.173075,31.419264,41.11477,44.344273
17.651638,9.172125,56.898132,12.785679,24.017752,24.97471,14.816193,14.537828,17.987387,30.96703,13.9702,39.19348,21.23927,3.6695175,22.696178,16.253689,11.177576,36.714684,65.14465,12.643488,52.68667,16.542322,19.019205,14.460269,11.146766,26.108747,36.101177,24.400095,21.50736,22.17401,30.920069,41.647675,43.654022
17.943905,8.194446,57.298206,12.792194,21.594389,24.957363,14.839615,14.537828,17.758318,33.803017,16.37866,38.696247,21.664742,3.6695175,22.399607,17.081028,11.16982,36.4945,67.99521,12.645619,54.337315,16.077482,17.2397,14.990171,10.211476,26.338083,34.461063,24.218367,21.372911,22.1783,30.26104,42.047615,43.72208
18.050716,7.688626,55.903515,12.814024,20.706398,24.95887,14.932463,14.537828,17.704418,36.03306,16.469355,38.6363,22.013851,3.6695175,23.071478,16.415308,11.169134,35.826283,67.745026,12.638854,54.93161,15.985431,15.951126,15.498524,9.79321,26.931866,36.68497,24.53839,22.876484,22.1706,29.69634,43.084396,44.2239
18.26275,7.358553,54.80641,12.809372,21.165302,24.958225,14.908892,14.537828,17.867382,37.19339,16.45362,39.009373,22.807505,3.6695175,23.137156,16.42097,11.16143,34.76903,67.31352,12.6360655,55.569134,15.929555,14.26697,15.886796,9.657625,26.445936,36.843067,25.385956,25.06042,22.166092,29.737366,43.50869,45.05871
18.206009,7.68606,54.446796,12.81115,20.313042,24.95651,14.834321,14.537828,17.87285,35.966637,15.942964,38.591705,23.035397,3.6695175,23.168915,16.17235,11.169184,35.31387,66.651436,12.652836,54.90787,16.133669,14.064926,15.669529,10.4361315,26.400053,39.4369,25.149534,24.19953,22.16754,29.758095,43.568806,45.178696
18.114002,7.611803,56.36172,12.80359,20.777777,24.947086,14.741405,14.537828,17.962284,36.910378,17.854647,38.54991,23.100948,3.6695175,23.223568,16.64289,11.1722355,35.991302,65.35151,12.64875,55.446243,16.114985,12.692382,15.942426,10.692972,26.329102,36.35289,25.99739,23.611755,22.174404,29.664413,42.43038,44.99983
18.098148,7.205751,58.88234,12.798193,22.835112,24.939213,14.845015,14.537828,17.894787,37.091057,19.173819,38.647587,22.925758,3.6695175,24.002424,17.26099,11.167053,36.191868,63.9541,12.648993,56.021812,16.051619,10.989502,15.462681,11.128191,27.070242,33.8214,26.485487,24.137167,22.175161,29.766771,41.406982,45.10131
18.250763,7.57301,58.607197,12.78746,23.658459,24.942265,14.839162,14.537828,18.127668,34.53883,18.796698,39.038315,23.158104,3.6695175,23.972538,17.199293,11.168743,35.963722,63.12166,12.65138,55.526104,16.12844,11.499464,15.299427,11.715417,27.00487,33.840324,26.737347,24.445131,22.176598,30.566626,41.21336,45.698322
17.851568,7.8224516,61.654465,12.789749,24.835539,24.945004,14.9127035,14.537828,17.931538,35.552597,17.754341,37.63786,22.813486,3.6695175,24.995386,17.198584,11.172644,36.2014,60.45068,12.632799,55.12882,16.34143,13.563054,15.5279045,11.9566145,27.935122,32.31825,26.769604,24.115223,22.178814,30.075563,40.423626,45.010605
17.488216,7.5229096,64.050575,12.793064,26.98435,24.93791,14.940993,14.537828,17.900846,35.69016,17.63495,37.065865,22.244036,3.6695175,24.670778,17.72051,11.167866,36.679794,60.70443,12.648182,54.831448,16.350964,14.1130295,15.905076,10.917601,27.534399,30.851696,26.74976,23.023928,22.17911,29.55643,39.728416,44.460632
17.12045,7.8498735,64.47451,12.786853,28.406572,24.939909,14.960322,14.537828,17.982637,35.51649,16.628033,37.09604,22.06099,3.6695175,24.639467,17.572006,11.164689,36.772278,60.04255,12.643706,54.58752,16.469206,13.725032,15.863027,10.843033,27.020113,29.744131,27.004372,23.068792,22.179552,29.596489,39.4052,44.285786
16.860779,8.25741,63.658443,12.7886915,27.922636,24.937456,15.030533,14.537828,18.202679,36.019512,15.41846,37.47226,22.154207,3.6695175,24.932652,17.106781,11.159853,36.485756,59.506973,12.623939,54.74608,16.39235,13.801185,16.108444,10.17564,27.379862,29.705091,27.541296,23.912216,22.175243,29.663948,40.016056,44.992916
16.529795,8.485927,63.25222,12.7895355,26.070734,24.929443,15.109775,14.537828,18.243425,35.458714,14.572213,36.904408,21.686989,3.6695175,25.439524,16.770039,11.159999,37.40644,58.38074,12.620783,54.551323,16.469109,12.610523,15.73345,10.879462,27.773413,31.215776,27.805693,22.91772,22.17438,29.606289,40.026127,45.523266
16.608276,8.943438,62.07222,12.779109,26.26414,24.937325,15.1173,14.537828,18.267893,33.913925,14.03209,37.31664,21.519224,3.6695175,25.617847,16.418095,11.158598,37.232536,57.751587,12.617342,54.2623,16.598461,12.465123,15.065224,12.001622,27.789642,31.834805,27.481344,23.518595,22.173794,30.279842,40.1772,45.697083
17.030447,9.545709,60.294846,12.766946,26.083048,24.945938,15.117278,14.537828,18.281004,31.8845,14.169124,38.12574,21.664331,3.6695175,25.112534,16.333738,11.157687,36.893944,58.53839,12.624399,53.955414,16.629751,12.970661,14.508411,12.736719,27.385672,32.147587,26.584831,23.908106,22.175634,31.016745,40.558475,45.69154
17.533937,9.818371,59.219532,12.764914,22.487307,24.942068,14.901241,14.537828,17.986439,31.876251,14.917506,38.19217,22.083878,3.6695175,24.16525,16.957499,11.165009,37.2932,61.42256,12.635056,53.92566,16.53353,13.973522,13.925533,13.372863,27.17827,32.965626,25.50789,22.588497,22.182589,31.12042,40.82227,45.14481
17.446362,9.628082,57.513466,12.782209,19.95622,24.939169,14.697247,14.537828,18.10175,31.806868,14.628746,38.29215,22.379251,3.6695175,23.979094,16.207771,11.18444,38.192913,61.479313,12.630654,53.454605,16.648335,13.050081,14.095299,13.659628,27.430758,36.28774,26.441444,21.089037,22.182142,31.074398,40.957905,45.338802
17.34161,9.08096,56.405838,12.7947445,19.826447,24.944239,14.704633,14.537828,18.25168,32.51086,14.6792555,38.39493,22.64683,3.6695175,24.202208,15.489546,11.191241,38.16941,61.362846,12.620869,53.63907,16.640629,11.880493,14.5885105,13.129526,27.518642,37.625698,27.020533,21.189182,22.178843,30.809582,41.284645,45.41204
17.391762,8.804187,55.32689,12.799658,20.003553,24.954075,14.771169,14.537828,18.308903,32.67013,14.725148,38.679096,22.381435,3.6695175,24.22628,14.954414,11.194638,37.94443,60.957584,12.611409,53.59667,16.6795,12.037159,14.760717,13.05582,27.487831,37.969616,27.141605,21.41008,22.176535,30.773726,41.514374,45.15648
17.597143,7.924514,56.132713,12.809829,21.08483,24.961393,14.845806,14.537828,18.264194,34.84846,17.007565,39.140858,21.845877,3.6695175,25.966501,14.774029,11.19596,37.31648,58.793262,12.586995,54.627136,16.47317,10.427128,14.532179,14.003586,29.309566,35.493706,27.872257,23.486242,22.172497,30.689438,41.19372,45.09011
17.78461,8.432258,57.397804,12.800089,18.875963,24.950628,14.901131,14.537828,18.027609,36.154537,18.587914,40.003647,21.776785,3.6695175,26.011581,15.714529,11.185225,37.436047,59.914326,12.558475,55.697266,16.05681,12.554983,13.8539295,13.692355,31.006971,31.386108,27.46156,23.305492,22.175793,30.995823,41.101364,44.943146
17.75355,7.920869,59.95538,12.801242,18.293852,24.92856,15.026772,14.537828,17.789576,37.927055,19.548286,39.907745,21.880484,3.6695175,25.830412,16.73783,11.1679945,37.351303,61.091335,12.548947,56.884014,15.733148,12.539197,14.026642,12.426152,32.1129,28.341734,28.03546,23.050669,22.176355,30.660482,40.9092,45.163673
17.408075,7.6872087,61.699898,12.8060465,17.68589,24.909569,15.252655,14.537828,17.913157,37.995804,19.358103,39.001316,21.229948,3.6695175,25.71546,17.145359,11.160904,38.66795,60.1237,12.555248,56.98289,15.747375,11.343742,14.356692,11.405989,31.825996,27.814867,29.070246,21.347221,22.17487,30.012575,40.078598,45.602947
17.199886,7.992903,62.978405,12.804605,20.36877,24.916317,15.547563,14.537828,18.105082,37.9033,19.64915,38.788437,20.491087,3.6695175,26.251755,16.898956,11.154013,38.269276,57.38996,12.556167,56.898193,15.803272,12.091347,15.266984,10.843256,31.585495,26.153812,29.262432,22.229446,22.172407,29.723787,39.906338,45.756306
17.235678,7.926492,65.550316,12.81404,22.331745,24.915981,15.519975,14.537828,17.798754,37.272663,19.091646,38.088814,19.916039,3.6695175,26.502672,17.427237,11.151523,37.60971,56.77999,12.570789,55.941338,15.843544,16.265738,15.506768,10.773095,32.649235,26.347235,28.48572,22.141615,22.170841,29.6647,39.83706,45.334606
17.573019,7.4763136,66.30105,12.796923,24.987215,24.92144,15.85709,14.537828,17.724174,36.21227,19.861042,38.3537,20.006836,3.6695175,25.53243,17.933002,11.139218,36.94562,56.982174,12.573998,56.18381,15.880484,17.181818,15.795189,10.103653,31.784388,23.279907,28.224995,22.4775,22.172577,29.861902,39.450886,44.91148
17.711977,7.2416797,64.54612,12.788743,25.906488,24.931402,15.638432,14.537828,17.876488,34.450108,19.488457,38.430027,21.100767,3.6695175,24.753965,17.523521,11.14745,36.519638,57.91153,12.584379,55.566387,15.998927,16.798134,16.208963,10.23303,30.61145,24.4536,28.275158,22.375029,22.175594,30.321623,39.64295,44.922295
17.823996,7.390641,64.24767,12.77584,26.828009,24.938414,15.499645,14.537828,17.858795,33.55096,19.297009,38.429802,21.612482,3.6695175,23.697456,17.977123,11.149091,36.61287,59.69327,12.600277,55.068363,16.071962,18.018358,16.282097,9.875097,29.030664,24.028095,27.315416,21.789806,22.179344,30.394053,39.41824,44.15551
17.710163,7.5600233,62.381542,12.781182,25.050045,24.940928,15.858412,14.537828,18.010014,32.734932,18.206234,37.73924,21.281551,3.6695175,23.584831,17.164991,11.150434,36.411972,59.502926,12.595484,54.831253,16.084349,17.856565,16.671747,9.982205,28.96123,25.906784,27.331774,21.330734,22.18111,30.57018,40.26086,44.8121
18.040903,7.784004,60.639233,12.769428,23.050554,24.936466,16.038164,14.537828,18.167416,32.370438,18.21148,37.702682,21.716925,3.6695175,23.52547,17.044214,11.14476,35.575737,59.78101,12.586221,55.548912,15.927141,17.011051,16.775629,10.226218,28.930397,25.921162,27.397276,22.467804,22.183466,31.030354,41.07784,45.9378
18.042057,7.2723517,62.02743,12.789981,22.38578,24.928171,15.53656,14.537828,17.825123,34.798725,18.041286,37.591118,22.113798,3.6695175,24.31975,17.214098,11.149639,35.26116,60.43495,12.582955,55.656273,15.87567,17.91584,16.611418,10.276879,30.745874,27.717535,27.602182,23.078072,22.178522,30.570786,41.462273,45.732716
17.867521,7.10451,61.239864,12.80314,23.575047,24.946901,15.340463,14.537828,17.692343,35.280506,17.316008,38.097008,21.567472,3.6695175,24.367632,16.66061,11.159738,35.307293,61.77047,12.585348,55.112274,15.997479,18.445572,16.256485,10.314887,30.539364,29.763672,27.052761,23.025871,22.174643,30.498278,41.6627,44.669334
17.890333,7.240913,58.822502,12.801498,24.358175,24.968657,15.286955,14.537828,17.750704,33.867817,16.791739,38.885242,20.857763,3.6695175,24.353281,15.782228,11.170102,35.29553,61.52153,12.587548,54.3832,16.200853,17.97803,15.623595,11.316016,29.767548,31.594326,26.710865,23.02537,22.171926,30.929163,41.75171,44.114666
17.824938,7.2013035,57.452145,12.805561,23.116575,24.967245,15.433898,14.537828,17.800175,33.47888,16.226189,38.647373,20.65424,3.6695175,23.82515,15.540001,11.169196,35.57106,62.705284,12.59221,54.287086,16.182224,17.119081,15.6055975,10.968552,29.112154,32.917522,26.590431,22.2164,22.172234,30.865858,42.098553,44.230988
17.689167,6.97776,57.219055,12.802422,21.455582,24.955305,15.547819,14.537828,17.85614,34.76229,16.416533,38.114777,21.282215,3.6695175,23.425634,15.691779,11.165128,35.929604,63.436718,12.581799,55.039116,16.085464,14.796307,15.867697,10.583888,28.624651,31.982016,27.152626,21.702812,22.176916,30.630156,41.99342,44.510273
17.809505,6.758895,57.657803,12.802788,21.98711,24.954187,15.518351,14.537828,17.737003,36.905025,16.470066,38.41205,21.726234,3.6695175,23.984013,15.803085,11.156735,34.92618,63.408443,12.566392,55.94144,15.959335,14.775895,16.101461,10.136741,29.333977,31.146873,27.476229,23.84162,22.171953,30.449804,42.52776,44.788845
17.713346,6.5572047,58.85414,12.800451,23.614672,24.950483,15.686087,14.537828,17.676682,38.081287,16.181812,38.197662,21.752914,3.6695175,24.480495,15.903575,11.147683,34.534405,62.08659,12.561562,56.471897,16.00992,14.010705,16.340239,9.70584,29.553656,30.192644,27.949514,25.157919,22.168201,30.101446,42.491367,45.04609
17.492342,6.366205,58.61212,12.800617,23.424644,24.943356,15.582968,14.537828,17.797997,38.216663,16.119413,37.998436,21.97617,3.6695175,24.82831,15.587774,11.150999,34.97605,60.760643,12.564843,56.536163,16.132235,11.143531,16.318144,10.307981,29.477531,30.935251,28.916967,25.029758,22.168568,29.946774,42.26184,45.493687
17.049917,6.314385,58.911552,12.81072,22.723549,24.940191,15.515205,14.537828,17.94655,38.864937,15.7540045,37.831524,21.875689,3.6695175,25.140923,15.2092085,11.155992,36.03505,59.74115,12.554967,56.389835,16.258816,10.015012,16.13115,10.459655,29.673382,31.515436,29.81249,24.071245,22.167421,29.696869,41.74409,45.407917
16.885855,6.3116527,59.016335,12.81748,21.081657,24.93397,15.6294365,14.537828,17.896873,39.819405,15.707521,37.201614,21.562536,3.6695175,25.513247,14.990273,11.156962,36.3467,58.801983,12.546972,56.520805,16.25005,9.668201,16.230341,10.738223,30.34973,31.786077,30.04239,23.458855,22.168337,29.347036,41.87815,45.467667
17.012999,6.2787366,57.490185,12.814219,20.231976,24.933428,16.20655,14.537828,18.216341,37.848988,15.58438,37.041904,21.376308,3.6695175,25.191133,14.600414,11.154018,36.616604,57.93042,12.548304,56.537117,16.280302,8.535309,16.334694,10.541475,29.755032,32.48274,30.57716,22.989939,22.168297,29.623589,41.98544,46.43333
16.833181,6.0881667,57.436142,12.808326,23.186762,24.94056,16.471558,14.537828,18.551414,36.599026,14.974057,37.232212,21.384853,3.6695175,25.1078,14.350769,11.149728,36.706028,56.387142,12.555965,56.29431,16.501625,7.0831714,16.551775,10.077614,28.362152,32.25341,31.45917,23.737024,22.164015,29.696524,41.425797,46.799835
16.791512,6.5317783,58.446926,12.809382,26.043694,24.951466,16.311705,14.537828,18.494638,36.958923,15.028878,37.85582,21.415024,3.6695175,24.364304,14.8769,11.148158,36.613304,58.599514,12.573295,56.150543,16.4685,8.710274,16.866901,8.899935,26.82834,31.22169,30.083275,24.17651,22.165396,29.500788,41.161552,45.8954
17.068983,6.0981236,57.432507,12.820092,25.847544,24.954414,16.022886,14.537828,18.731195,37.154743,15.184156,38.561516,22.845736,3.6695175,24.83522,14.714343,11.154414,35.60413,59.128452,12.55995,56.433994,16.276915,8.407691,17.189035,8.429359,27.44164,32.08848,31.075138,26.335957,22.160028,29.931507,41.64856,46.85785
17.275484,6.684247,57.303387,12.831859,23.962088,24.951197,15.415516,14.537828,18.50708,37.277206,15.480556,38.494724,23.051033,3.6695175,24.325129,15.154114,11.16573,36.052704,61.785477,12.588219,55.709198,16.205114,10.652264,17.272764,8.519804,27.333715,34.527138,29.318108,24.963182,22.163364,29.597778,42.08673,46.224613
17.235876,8.224575,55.98084,12.835101,19.778532,24.942629,15.258228,14.537828,18.628613,35.56227,14.481249,37.989933,23.034185,3.6695175,24.017187,14.850961,11.18176,37.677563,61.54357,12.604953,54.420105,16.372765,12.291856,17.17519,9.114872,27.14652,38.46143,28.203606,22.191824,22.166994,29.38907,42.416023,46.355408
17.21506,8.665248,57.486416,12.819863,19.403948,24.932043,15.053525,14.537828,18.418043,35.323135,15.053077,37.66992,22.801056,3.6695175,24.066204,15.6504965,11.182838,38.509247,62.264812,12.621836,54.432606,16.35524,11.97415,16.38596,9.675897,27.180962,37.860096,27.266647,20.949203,22.172216,29.23732,41.7789,45.913788
16.88949,8.357007,59.165672,12.821348,18.831226,24.921766,14.87123,14.537828,18.232256,37.343727,15.129371,37.26363,22.971546,3.6695175,24.523027,15.989382,11.182208,38.968117,61.862274,12.607266,54.82339,16.345596,11.217558,15.993629,10.037378,27.958986,36.516468,27.885458,20.493292,22.173546,28.957884,41.164955,45.41725
16.885176,7.9481816,60.05678,12.814516,17.812672,24.914022,14.982817,14.537828,17.99875,38.25897,15.203775,36.64015,23.101282,3.6695175,24.159906,16.594753,11.172674,38.60906,63.3907,12.597842,55.392357,16.174046,11.804451,15.814309,9.854244,28.305971,34.619854,27.581484,20.178131,22.17764,28.961454,41.227905,45.179825
16.914055,8.515904,61.64117,12.809851,18.353497,24.915674,14.917328,14.537828,17.875862,38.84405,14.873942,36.255135,22.598555,3.6695175,24.17641,17.10571,11.172283,38.418694,63.088024,12.600186,54.941055,16.19371,14.751546,15.862318,9.854936,28.370014,33.416355,26.707872,20.112509,22.179226,28.758253,41.001663,44.482277
17.742397,8.701256,64.67253,12.824194,18.989927,24.904709,14.6624155,14.537828,17.539705,39.96292,18.759907,36.726257,22.05685,3.6695175,24.341005,18.66929,11.174439,38.078514,63.856327,12.638638,54.936886,15.832946,18.023874,15.910677,9.49968,29.595219,31.318665,25.560349,20.24693,22.18032,28.32934,40.569763,43.755596
18.076574,8.519004,64.54416,12.840359,19.984888,24.9134,14.494818,14.537828,17.503948,39.400146,20.081,36.670937,21.755959,3.6695175,23.86819,18.793764,11.186489,37.896317,64.68186,12.671605,53.973545,15.869266,19.715864,16.22593,9.360267,29.029305,33.31164,24.772934,19.984495,22.179441,28.191998,40.46404,43.100185
18.171288,8.089722,62.903866,12.838797,18.251362,24.91501,14.4593315,14.537828,17.483425,38.312878,20.518574,36.403217,21.925282,3.6695175,23.720457,18.339182,11.196617,38.01176,65.05472,12.671888,53.86541,15.877793,18.806551,16.055025,10.2769165,29.29214,35.28475,24.606722,19.05751,22.183357,28.545347,40.735016,43.033554
18.008835,7.8103647,60.416237,12.83245,17.184345,24.921461,14.44545,14.537828,17.58627,35.922848,18.883492,35.76838,22.049944,3.6695175,23.373137,17.35326,11.207006,38.084167,64.82492,12.673015,53.202717,16.131947,17.186169,16.130363,11.368734,28.69962,38.678574,24.709723,18.146364,22.186716,29.012228,41.191017,43.315804
18.091394,7.4278154,57.48471,12.823669,16.774986,24.92987,14.596359,14.537828,17.896479,33.61642,18.864645,36.800293,22.543913,3.6695175,23.8063,16.242714,11.2103,38.114624,63.705524,12.651455,53.76677,16.153801,13.535653,15.958742,12.28892,28.905603,39.559006,25.90612,18.751251,22.185501,29.890959,41.52046,44.67196
18.059792,7.648364,55.615505,12.832127,16.697296,24.938046,14.496866,14.537828,17.995445,32.184326,17.672146,37.18994,22.511078,3.6695175,23.967632,15.432074,11.221356,38.307285,63.71386,12.656539,52.971714,16.33721,13.473323,15.742832,12.501395,28.930647,43.031754,25.835102,18.707315,22.180912,30.111107,42.062923,44.879276
18.265339,7.8893213,56.827957,12.835382,18.74524,24.945383,14.446016,14.537828,17.989498,33.31835,19.397854,39.31494,22.00952,3.6695175,24.325226,15.775387,11.216788,38.0572,62.769676,12.632797,53.298088,16.125729,15.761786,15.52047,12.04898,30.11211,38.31117,26.374704,19.735632,22.177103,30.330715,41.490646,44.36229
18.230907,8.007165,57.54887,12.840721,19.764343,24.945923,14.539849,14.537828,17.99301,34.109646,19.872313,40.05973,21.652,3.6695175,24.323828,15.819347,11.205584,37.91251,62.0119,12.6183815,53.573223,16.053623,16.676212,15.890471,11.171119,30.424976,35.82308,26.754005,20.387794,22.1732,30.1835,41.431675,44.33284
18.320477,7.5001845,57.00858,12.845852,20.819906,24.937965,14.871618,14.537828,18.369638,33.572094,21.533447,41.055595,21.72494,3.6695175,24.650806,15.637552,11.188162,37.35675,60.94346,12.620335,54.70336,15.805461,12.824035,16.495865,10.639438,30.43845,34.069656,28.138855,22.412365,22.166985,30.37651,41.76041,46.113853
18.532625,7.615685,54.41075,12.82104,20.65354,24.940355,14.82298,14.537828,18.529917,30.533484,20.705824,42.136738,22.02144,3.6695175,23.908438,15.541893,11.184279,37.12976,62.849888,12.632974,54.48408,15.826314,12.144677,15.34812,11.562507,30.013573,35.240353,27.951979,22.178608,22.16693,31.536491,42.304432,46.60609
18.356758,8.1678,53.552876,12.806043,22.814932,24.966873,14.715415,14.537828,18.551092,29.178577,18.983849,42.6831,21.40664,3.6695175,23.516579,15.208006,11.190656,37.147156,62.651535,12.62977,53.40378,16.183409,14.54184,14.603358,12.112749,28.62855,35.39336,27.307497,22.01467,22.166502,31.946798,41.809223,45.465565
18.18326,8.284866,54.569622,12.804457,23.819345,24.975157,14.723005,14.537828,18.313513,29.709984,18.114302,42.204258,20.990026,3.6695175,23.32387,15.424108,11.188687,37.08046,63.236694,12.627136,53.180832,16.275377,16.522617,14.575866,11.472907,28.103804,35.14174,26.459116,21.83273,22.16643,31.620487,41.609337,44.592182
17.932518,7.928682,55.185535,12.8095,22.558758,24.964266,14.645689,14.537828,18.111307,31.200954,17.057579,40.86981,21.36912,3.6695175,23.222975,15.569733,11.191679,37.61055,64.32731,12.631835,53.354664,16.372972,14.965883,14.509326,11.498475,27.811525,36.809464,26.348545,20.856768,22.16969,31.056538,41.55344,44.239216
18.095556,7.6092577,56.908398,12.813997,21.606958,24.94875,14.557853,14.537828,17.862936,32.851685,18.76117,40.33491,21.567219,3.6695175,23.148401,16.501451,11.189515,37.828976,65.74735,12.643259,54.033585,16.12254,14.792447,14.790315,10.900522,28.193296,35.840023,25.854805,20.456478,22.17248,30.47212,41.410606,44.03302
17.976171,7.6826577,58.270348,12.821081,21.303164,24.940973,14.554367,14.537828,17.713493,34.545914,19.071688,39.811775,21.35836,3.6695175,23.258663,16.788668,11.188974,38.249718,65.439735,12.64052,54.177616,16.109932,15.091169,15.017829,10.359749,28.365198,35.06251,25.616644,20.039598,22.172928,29.80172,41.12311,43.528793
17.922428,7.525741,58.97846,12.816842,21.737848,24.93367,14.715567,14.537828,17.753807,34.09459,19.519226,39.1997,21.073023,3.6695175,22.981297,16.99903,11.1825905,38.37628,64.970505,12.651599,54.210327,16.08197,14.571361,15.502762,10.098123,27.981222,34.105057,25.619152,19.492445,22.175013,29.599699,40.935978,43.69377
17.705534,7.377618,56.654068,12.814205,23.124706,24.940668,14.681368,14.537828,18.127542,31.249416,18.563892,39.141865,21.169655,3.6695175,22.167856,16.186392,11.187434,38.549267,64.863205,12.680026,53.226166,16.349749,12.305189,15.948328,10.455319,25.92699,36.85829,25.897339,18.818598,22.174997,29.903221,41.039597,44.11941
17.611546,7.3295913,57.246044,12.808516,24.912672,24.94902,14.675738,14.537828,18.088457,30.88412,18.068098,38.870697,20.778416,3.6695175,22.320778,16.113287,11.18959,38.305653,63.64065,12.682574,52.79727,16.527205,12.623444,15.931146,11.035174,25.575151,36.526737,25.85405,19.089262,22.175497,29.970545,40.64083,43.67452
17.6514,7.4607973,55.077415,12.809966,25.187614,24.965933,14.995556,14.537828,18.274094,30.73737,17.22999,39.74934,20.676203,3.6695175,22.43162,15.300787,11.184119,37.650875,63.48585,12.662387,53.192852,16.544544,12.531527,15.879387,10.594415,25.066206,36.774216,26.010859,20.554249,22.170374,30.17742,41.313206,44.15414
17.84816,7.1673336,53.703423,12.792781,25.48924,24.961807,15.097778,14.537828,18.733591,30.319233,17.554821,40.645126,22.3897,3.6695175,21.931448,15.499223,11.169277,37.04364,64.235405,12.651313,54.330963,16.392199,9.834193,16.214611,9.920926,23.930063,35.042366,27.401093,22.32025,22.169516,30.851664,41.428246,45.577946
18.031569,6.8313656,55.132847,12.792052,24.32491,24.951155,15.077126,14.537828,18.55099,32.942924,19.452034,40.339176,22.490421,3.6695175,22.372534,16.09137,11.166087,36.861416,64.34042,12.639726,55.55102,16.109116,9.128747,16.415867,9.858328,24.88916,32.59808,27.581932,22.81533,22.173035,30.48504,41.305176,45.54998
17.854574,6.4415135,57.903988,12.808754,24.888641,24.940125,14.945399,14.537828,18.359758,35.89287,20.351034,39.96472,23.022482,3.6695175,23.11118,16.410265,11.166069,37.15458,63.145184,12.627746,55.97366,16.052258,8.624214,16.668907,9.655716,26.278769,30.606127,28.669485,22.984476,22.173056,29.928698,40.633675,45.172153
17.625353,6.6403003,59.623226,12.815522,24.163382,24.932508,14.811707,14.537828,18.095924,37.763634,19.919312,39.565544,23.409695,3.6695175,23.30858,16.79362,11.166135,37.582123,63.167747,12.614955,55.97525,16.052656,9.756217,16.419151,9.49901,27.136272,29.60672,28.667051,22.321535,22.17426,29.534395,40.267433,44.41966
17.58041,6.688334,59.14288,12.812243,23.749273,24.923931,14.735074,14.537828,18.363825,36.97703,19.99053,40.046677,25.251896,3.6695175,23.264585,16.850573,11.1661825,37.769352,62.70538,12.611964,56.063942,15.984611,8.304239,16.406576,9.6098585,27.080408,28.73149,29.789019,22.386478,22.175013,29.931932,40.03848,45.11288
17.757496,7.371904,57.806202,12.796261,23.407692,24.923199,14.72256,14.537828,18.620115,34.828827,20.269342,40.74809,25.291475,3.6695175,22.79321,16.917646,11.16492,37.691475,63.28741,12.623328,56.017193,15.919198,8.135242,16.322182,9.6635685,26.25336,28.420534,29.382345,22.430746,22.177347,30.485859,40.292656,45.70383
17.763826,7.786187,57.40427,12.793229,22.667301,24.92232,14.641291,14.537828,18.839088,33.78028,19.366179,39.942493,26.77722,3.6695175,22.526257,16.831411,11.172057,37.748524,62.81515,12.634912,55.33555,16.05333,9.031793,16.874905,9.631575,25.487686,30.323406,29.489931,22.021917,22.180109,30.54152,40.375824,46.131485
18.454306,8.272966,54.78154,12.763974,19.798838,24.919327,14.624593,14.537828,19.110355,30.164818,20.976425,40.481686,26.87625,3.6695175,21.579462,17.33232,11.175056,37.698586,63.95661,12.655898,55.55242,15.904407,8.407995,16.421158,10.789248,24.332449,31.349138,28.51265,21.516464,22.186396,31.557627,40.565777,46.92622
19.514755,8.451991,56.260685,12.769808,17.803158,24.902708,14.845114,14.537828,19.232002,32.51175,26.718077,40.916676,25.568197,3.6695175,22.35892,18.399755,11.164124,36.47353,60.882812,12.651205,56.908546,15.218871,9.081581,16.694183,11.333898,26.19067,26.860731,28.731337,23.56473,22.184685,31.632225,40.164566,47.528175
19.681988,8.577963,56.636974,12.771897,17.149353,24.898548,14.907195,14.537828,19.238907,32.591507,27.245419,40.41835,25.201792,3.6695175,22.670185,18.270845,11.161178,36.01146,58.29403,12.641315,56.77552,15.2234125,9.534622,17.051525,11.918069,26.825142,25.71002,29.097279,23.90339,22.18516,31.586351,40.031124,47.71193
19.063623,8.369868,57.938324,12.772166,18.79827,24.899973,14.943384,14.537828,18.949667,32.991642,25.479683,40.02861,24.340527,3.6695175,22.82608,18.088287,11.160949,37.050613,59.39899,12.647191,56.62735,15.477851,8.890403,16.795292,11.337794,26.66466,26.471273,28.742369,22.670525,22.184486,30.926245,39.95175,47.100132
18.377771,8.827372,58.6567,12.76957,20.421865,24.905006,15.012662,14.537828,18.938229,33.086792,22.877735,39.87213,24.232967,3.6695175,23.08954,17.561466,11.165158,38.07686,58.744694,12.639701,56.154312,15.83652,8.498994,16.70867,10.77099,26.068495,26.782045,29.242184,21.814302,22.183718,30.412579,39.59614,46.777317
18.078135,9.258715,59.27753,12.770387,21.336956,24.91395,14.969958,14.537828,18.711935,32.18403,20.253012,39.929253,24.44597,3.6695175,22.492054,17.62502,11.168084,38.829704,60.51008,12.63987,54.882004,16.050476,13.009768,16.682484,9.73237,26.0642,28.195644,28.471924,20.190313,22.181574,30.306425,39.756283,45.976868
18.030226,9.068719,59.062893,12.774778,21.911438,24.915878,14.919538,14.537828,18.675714,31.207268,19.967026,40.331528,24.417524,3.6695175,22.287256,17.546299,11.167686,38.97376,61.084946,12.645985,54.37544,16.0625,13.908037,16.561773,9.772432,26.392122,28.61491,28.534431,19.693834,22.179996,30.554605,39.874325,45.930977
17.85842,8.726733,57.889824,12.780337,21.460554,24.921066,15.076159,14.537828,18.692167,30.712904,18.906593,40.335876,23.848928,3.6695175,22.45314,16.851694,11.166157,38.649,61.319595,12.631902,54.353275,16.078627,13.736665,16.389044,9.99811,27.126308,29.664251,28.724234,19.7473,22.178883,30.89001,40.522106,46.26896
17.701674,8.845208,55.419014,12.775297,19.46391,24.915735,15.077698,14.537828,18.731121,28.029871,17.437895,39.801723,22.817888,3.6695175,22.40309,16.085953,11.176345,39.63072,60.817722,12.649073,53.5385,16.410324,10.9088745,15.304497,12.110021,26.883339,33.813057,28.607525,18.087076,22.179804,31.35436,40.731144,46.729076
17.782087,8.60702,55.299534,12.778805,19.040546,24.917671,15.122365,14.537828,18.58471,28.221233,17.250702,38.91371,21.952055,3.6695175,22.736595,15.855327,11.178047,39.10813,60.713234,12.654003,53.592743,16.453516,10.10053,15.189666,13.0499115,27.206839,35.426632,28.012676,18.559862,22.182158,31.375383,41.08106,46.784515
17.727997,8.699448,55.813465,12.774958,20.09443,24.930534,15.097247,14.537828,18.297354,27.994305,16.599398,38.16118,21.229683,3.6695175,22.574219,15.95585,11.18189,38.68662,61.521946,12.662494,53.00819,16.568737,11.371405,14.969404,13.529984,26.727558,35.65307,26.690973,18.43748,22.186377,31.374352,41.0245,45.72801
17.681728,8.666276,55.278038,12.780885,20.737547,24.94604,15.350202,14.537828,18.237026,28.822012,15.918469,38.291626,20.929462,3.6695175,22.707998,15.51344,11.179642,37.97593,62.00989,12.648466,53.148624,16.529957,12.974239,15.082533,12.698656,26.814644,35.81884,26.155247,19.136093,22.183386,31.189919,41.632244,45.27561
17.925184,9.473837,53.961956,12.768464,19.380081,24.949392,15.167626,14.537828,18.28198,28.5492,16.425066,39.84143,20.955688,3.6695175,22.524355,15.750498,11.177516,37.761955,62.718452,12.634985,53.37423,16.355259,14.055738,14.150111,13.363442,27.211287,34.00295,26.080036,19.790152,22.18435,31.926676,41.77804,45.34844
18.11032,9.297344,53.034206,12.769123,18.592516,24.949661,15.148743,14.537828,18.382696,28.896072,17.064253,40.334587,21.304604,3.6695175,23.007368,15.629289,11.176674,37.511444,62.729088,12.624853,53.98511,16.223822,12.33498,13.837408,13.815882,27.650246,34.00809,26.551798,20.927713,22.182665,32.193783,41.95258,45.940327
18.015213,9.017678,53.596752,12.775264,19.558125,24.960045,15.051687,14.537828,18.321898,30.357311,16.818495,40.44133,21.531612,3.6695175,23.307802,15.512592,11.180578,37.183006,62.949146,12.611367,54.161816,16.248682,13.399828,14.041052,13.138108,27.612816,34.13696,26.402678,21.577751,22.179462,31.864235,41.914085,45.329235
17.88037,8.549664,54.898453,12.776946,20.060518,24.960884,14.92609,14.537828,18.071934,33.598984,17.022268,41.11708,21.776272,3.6695175,23.240984,16.078207,11.17303,36.798748,64.237404,12.5805025,55.20611,16.113852,13.889954,13.805877,12.232684,27.81224,31.430378,26.592257,22.502773,22.177393,31.592371,41.556744,44.421
18.515532,8.176367,53.605824,12.775406,18.715954,24.957079,14.8407545,14.537828,18.156263,33.93447,20.068209,42.471756,22.21593,3.6695175,23.40486,16.228487,11.175883,36.376038,63.57623,12.570514,56.102413,15.811723,12.508383,14.111682,12.624029,28.544056,29.287752,27.201681,23.480333,22.177692,31.804922,41.67572,44.936768
19.332788,7.975279,50.89878,12.78266,16.49635,24.958454,14.822246,14.537828,18.46459,33.733948,22.883451,43.833286,22.515663,3.6695175,23.993498,15.691367,11.182762,35.510128,60.68217,12.551645,56.233784,15.571058,12.330136,14.677882,13.625002,29.977947,28.356373,27.888247,25.056332,22.172838,32.01349,42.272125,45.799713
20.133528,7.7023525,49.286373,12.790096,15.247497,24.955605,14.826177,14.537828,18.765203,32.469135,25.974253,44.203434,22.220915,3.6695175,24.207262,15.433822,11.188588,35.111397,56.78516,12.5573845,55.475433,15.450473,13.3091345,15.719008,14.492069,30.817816,27.61799,27.770859,25.304777,22.16822,31.748865,42.386955,46.19835
20.784245,7.76463,47.777145,12.823763,13.1498575,24.953,14.7504225,14.537828,18.760448,31.412611,27.427248,44.939423,21.28011,4.8267612,24.923471,14.504941,11.206614,34.78115,52.306625,12.54305,53.53939,15.5177555,16.519196,15.826862,16.318754,34.522434,29.32329,28.050404,24.95823,22.158241,31.815353,42.84664,46.20004
21.364775,8.161414,46.310608,12.841399,11.163514,24.95389,14.83236,14.537828,18.770473,29.770903,28.409422,45.658714,19.89533,6.8253593,25.39717,13.795397,11.223839,34.688404,47.58826,12.513404,51.64298,15.597886,19.950184,15.59155,18.040771,37.769413,28.88173,27.984985,24.23895,22.153841,32.071518,42.735416,45.988186
21.313843,8.135666,47.199055,12.842324,11.617278,24.967104,14.816968,14.537828,18.332783,30.351543,28.927618,45.95667,20.070189,7.259733,25.87389,14.090171,11.22911,34.741642,49.565353,12.504654,51.705143,15.478968,22.050209,15.07348,17.40955,38.33092,28.483036,27.041723,24.482586,22.153366,32.37796,42.748238,45.275192
21.088264,9.297247,46.616386,12.840872,12.543893,24.980757,14.771319,14.537828,18.453558,30.365862,29.592636,48.623432,19.040958,8.232744,25.690937,14.170849,11.23806,35.531044,47.899464,12.479174,51.020126,15.50766,25.61747,14.206724,16.863317,38.445034,24.95568,26.48365,24.640686,22.151512,32.708992,41.916977,44.608467
20.953514,9.555848,46.151207,12.841721,13.661428,24.977322,14.806252,14.537828,18.934555,30.511274,29.634846,50.086864,18.473127,8.358644,25.280653,13.9569235,11.231251,35.596985,46.10149,12.471995,51.136322,15.536551,25.272554,14.450331,16.393473,37.993027,22.8039,27.345661,25.09666,22.148397,32.64323,41.684883,45.108345
21.114553,9.659902,45.501453,12.837457,13.6771,24.97221,15.056374,14.537828,19.219748,30.116781,30.669312,50.89767,17.977863,8.288193,25.17149,13.995469,11.221083,35.76304,43.391666,12.462871,51.088993,15.475415,25.377888,14.995961,15.61446,37.7301,20.166582,27.42755,25.648367,22.144096,32.35778,41.582893,45.528595
21.061026,9.29061,45.902653,12.833681,14.389792,24.977072,15.016905,14.537828,19.096506,30.829168,30.426434,49.737503,18.284182,8.603905,26.01666,13.717296,11.226731,35.48591,41.59468,12.457059,50.914272,15.695709,24.73498,15.321613,16.157907,37.49671,20.67703,26.816748,26.385569,22.14119,31.722502,41.50794,44.963
21.253517,8.805726,46.966667,12.831811,14.872395,24.975595,14.988701,14.537828,18.779074,30.864393,31.189833,48.579025,19.130518,8.077421,26.263996,13.967339,11.222651,35.15818,42.29179,12.467054,51.28833,15.686019,23.96764,15.920912,16.006691,37.379025,21.490845,26.278158,26.650322,22.140673,31.458485,41.65295,44.762234
21.294338,9.265012,43.805424,12.830958,16.439522,24.9914,14.717826,14.537828,19.912447,26.916811,29.187048,49.172554,17.317905,9.542905,26.24566,12.887632,11.25828,34.78406,36.554626,12.484682,48.31556,16.200941,24.560003,15.484844,19.567041,36.386456,23.610733,27.028475,26.698847,22.139067,31.8746,40.641388,45.18523
20.565527,10.178367,44.018524,12.825361,17.171457,25.002775,14.540487,14.537828,20.190826,29.186653,28.290174,48.20451,18.119566,10.663013,27.89339,12.279814,11.257711,35.049618,34.3913,12.469502,48.336105,16.603401,23.51596,15.347567,19.485643,34.649582,23.093065,25.948654,29.654165,22.131088,30.734688,40.79334,44.52935
20.657974,10.355416,42.610718,12.817298,16.636814,25.00577,14.578159,14.537828,21.14382,27.358274,27.852528,47.368576,17.98148,10.934588,28.354105,12.340497,11.267156,34.925335,33.678543,12.501824,47.69778,16.648533,19.773544,15.213972,21.354258,32.12104,23.326006,26.414825,31.829601,22.131718,30.87199,40.626705,45.336323
20.901585,10.3902,41.98212,12.827193,14.785555,25.003277,14.54798,14.537828,21.120594,27.44486,30.251612,47.940636,17.441025,11.242192,28.43949,12.433612,11.277123,35.539516,35.0026,12.50762,47.560955,16.43663,20.654709,15.486739,20.267174,32.446587,23.301886,25.859419,31.767273,22.126036,30.640251,41.241005,45.341026
21.100496,10.384053,42.395153,12.840579,13.193521,24.995506,14.5848675,14.537828,20.682726,28.029112,32.4028,48.946793,16.911064,11.540194,28.28344,12.517546,11.279829,35.976322,35.52721,12.487819,47.692295,16.212915,22.6525,15.618846,18.983118,34.672783,22.158148,25.50003,30.629225,22.123692,30.593513,41.568226,45.10115
21.629354,9.878517,41.04559,12.839812,12.135949,25.001774,14.745186,14.537828,20.429537,27.722376,33.06048,50.024544,18.363873,10.665741,27.413115,13.197815,11.2627735,35.064075,40.711544,12.498057,48.87756,15.7522545,22.844091,15.208782,17.70161,34.12668,23.754358,25.385279,31.782278,22.120602,31.285826,42.47962,45.794456
21.867895,9.676346,41.896828,12.840726,12.403454,24.997156,14.804046,14.537828,19.898743,28.320293,34.52401,49.88502,19.50597,10.190182,27.332571,13.525819,11.248331,34.53067,41.760597,12.499277,49.66219,15.607274,22.291279,15.757905,16.81685,34.6281,23.427515,25.035646,32.56813,22.117033,31.149427,42.94965,45.7463
21.676231,10.386286,42.405167,12.85039,12.309662,24.992117,14.758819,14.537828,20.035255,28.518145,34.691883,50.308853,18.996374,10.30723,27.33216,13.312543,11.2465925,35.03852,41.036232,12.490196,49.649452,15.661145,22.761703,15.86533,16.184582,34.887047,22.944069,25.13959,32.293587,22.117521,31.033587,42.821266,45.916718
21.82203,9.923141,43.19479,12.8412,12.244765,24.988764,14.799978,14.537828,19.669437,29.205296,36.95795,50.34115,19.821861,9.09817,27.185322,14.178418,11.242796,34.99016,43.488052,12.496936,50.98329,15.338505,21.039272,16.009865,15.300135,34.373466,22.109047,24.535759,32.5929,22.119589,31.074635,42.69466,45.974968
21.61659,8.847481,43.969257,12.824729,14.6143,24.99423,14.7728815,14.537828,19.48902,29.600294,36.35898,50.035347,19.905766,7.910386,26.641483,14.779746,11.236674,34.580765,46.838596,12.521699,52.126507,15.228854,19.607029,15.763513,15.192448,32.65727,22.052996,24.615854,32.11544,22.124088,31.286177,42.364838,45.72957
21.881414,8.251931,41.91936,12.80744,15.563691,24.990112,14.831262,14.537828,20.401608,26.247204,35.31035,50.79303,17.58895,7.5373354,25.340078,15.071462,11.245698,34.31642,45.070126,12.555404,51.095306,15.238034,17.973572,15.865658,17.477364,31.092875,21.3128,26.391293,31.22122,22.12752,32.241615,41.609234,46.498936
21.807718,7.9801364,41.168774,12.801212,16.791628,24.992384,14.797495,14.537828,20.98965,25.467085,33.370453,51.22628,16.650288,7.3274946,24.808731,14.847745,11.248796,34.272045,43.712376,12.55765,50.632626,15.429142,18.595737,15.961261,17.892256,30.017544,21.31491,27.41448,30.669048,22.128662,32.38385,41.141018,46.862953
21.74074,7.518686,42.063065,12.798687,20.058613,24.993824,14.785088,14.537828,21.66895,24.81815,32.033825,50.697216,16.749662,7.3202286,25.091776,14.189257,11.251644,34.045235,38.718742,12.551248,49.86085,15.874856,19.483295,17.057531,18.031296,29.246355,20.809408,28.074047,30.6443,22.125988,31.782444,40.346413,47.00135
21.711222,6.898307,42.84764,12.801292,20.09998,24.998976,14.6740885,14.537828,21.685833,25.604126,33.044388,49.205135,17.199226,7.19827,26.073824,14.082358,11.2684965,34.40014,36.521538,12.547138,49.57382,16.013624,19.881718,17.669111,18.250872,28.887089,23.173878,26.821758,30.402845,22.124191,30.918287,39.784367,46.541454
21.644548,6.6718097,42.274788,12.807215,21.048998,25.015686,14.494462,14.537828,22.052824,26.020298,33.145336,48.71088,18.257996,7.819954,27.109453,13.635064,11.288501,33.92491,33.957165,12.536889,48.915062,16.241903,20.95708,18.064512,18.18589,27.945795,25.503769,25.836256,32.14974,22.116962,30.142767,39.48731,46.43344
21.457632,6.993039,42.27787,12.808478,21.286812,25.01508,14.450016,14.537828,21.88387,26.968353,32.316082,49.18419,18.74,7.9661245,27.145735,13.431885,11.283702,33.981148,32.69544,12.520488,48.854908,16.377934,22.072964,17.935677,17.418682,28.3682,24.677929,25.81953,32.350533,22.11569,29.72411,39.53328,46.309277
21.264334,8.244918,42.303276,12.822201,18.236982,25.00416,14.586303,14.537828,21.389656,28.107624,33.06295,50.85384,18.181948,8.137999,26.815107,13.612172,11.264672,34.740665,37.953842,12.502877,50.0209,16.01767,21.570517,16.969244,15.558399,29.611897,22.55612,26.1479,32.795532,22.11633,30.43508,40.655376,46.72205
21.426338,8.976623,39.965733,12.813535,17.478947,25.003567,14.554642,14.537828,22.13226,24.841114,32.18273,51.01346,16.753778,8.949144,26.203352,13.474475,11.268866,34.40826,37.642292,12.542964,48.714275,15.996671,21.090736,16.482567,18.254448,28.698057,22.528831,26.875973,32.57096,22.119001,31.235394,40.915157,47.145706
21.565825,9.254393,39.56336,12.827261,15.798506,25.00361,14.399988,14.537828,21.864185,24.858437,32.966976,50.446712,15.888352,10.234981,26.630316,12.965931,11.29093,35.027122,35.1158,12.539069,47.199112,16.193398,23.650476,16.487799,19.404531,30.577946,24.135345,25.950745,30.818419,22.11756,30.729692,40.915108,46.22251
21.781404,9.2211895,40.122074,12.829218,14.375079,24.995384,14.486098,14.537828,21.2301,24.42858,33.668198,49.283676,15.068253,10.227315,26.724453,12.760359,11.307549,36.085144,32.793743,12.522487,46.038307,16.266111,26.026855,16.42665,20.140043,33.606773,25.382624,25.17789,27.247673,22.124638,30.803877,40.38829,45.10264
21.818773,8.726367,39.761467,12.821909,14.469138,25.000793,14.471995,14.537828,21.01398,24.053741,32.2802,47.971535,14.876002,10.386962,27.004665,12.660605,11.32158,36.058735,31.593752,12.523657,45.278595,16.463423,25.369627,16.202318,22.018923,33.785297,26.840935,25.170347,26.59168,22.128517,30.998062,39.93393,44.497917
21.871346,8.489407,40.015785,12.821815,13.996209,25.00649,14.427157,14.537828,20.589249,24.776833,32.033028,47.23896,15.986835,10.599652,27.681139,12.704089,11.321671,35.702194,31.989122,12.515779,45.41406,16.500048,24.843475,16.081228,22.298277,34.095585,27.477264,24.64836,27.470718,22.12735,30.789783,40.167713,44.15244
21.828182,8.8835,39.874817,12.822607,15.316588,25.008312,14.424568,14.537828,21.287752,24.53248,31.025688,47.655605,15.886306,11.395943,27.488026,12.49482,11.306471,34.801327,31.429588,12.533641,45.517025,16.593107,23.170055,16.234358,23.116356,32.646095,25.770117,25.672606,29.500143,22.124458,30.732424,40.42006,44.974827
21.919931,8.409968,40.82428,12.817393,16.084618,25.00337,14.445227,14.537828,21.05381,25.130365,30.848415,46.697994,16.606148,10.645627,27.469627,12.500279,11.289503,34.412266,30.770687,12.531042,45.92758,16.65678,23.204498,16.916862,22.413185,32.619743,26.134607,25.605736,29.350649,22.122236,30.25665,40.5519,44.788776
21.75486,7.8101068,41.539665,12.811629,17.699465,25.015009,14.324169,14.537828,20.603027,26.757803,30.217455,46.340427,17.78892,9.89104,27.653683,12.650121,11.281737,33.827232,32.679996,12.530224,46.824608,16.700344,23.922354,17.03489,21.199121,31.543116,27.332272,25.047667,29.92103,22.118484,29.775469,40.696095,44.18274
21.65277,7.4951296,42.189117,12.810767,18.732393,25.012606,14.302685,14.537828,20.502014,27.710083,28.90636,45.990715,17.662657,9.64876,27.415619,12.560531,11.273546,33.486843,33.35628,12.535628,47.327164,16.819504,22.762884,17.134275,21.208406,31.260006,27.6503,25.80719,29.795013,22.119535,29.56957,40.843,44.09935
21.525387,7.1639795,44.14395,12.809465,19.512465,25.007618,14.40545,14.537828,20.033257,28.108803,30.327053,45.83185,18.264046,8.294309,27.050306,13.193438,11.262984,33.786392,35.87308,12.538044,48.48902,16.535627,22.220514,17.296337,20.028255,31.544205,26.974318,25.49583,28.684265,22.125742,30.023184,40.502502,43.977722
21.21224,9.0337305,44.748276,12.818691,18.961464,25.010569,14.509304,14.537828,19.689102,27.91246,31.65907,45.12878,20.189167,8.323001,27.489138,13.182215,11.251471,34.256695,35.578495,12.536755,48.122334,16.568346,23.390162,16.834646,19.43574,31.624977,27.108253,24.30651,29.498423,22.126787,30.440493,40.35411,43.800003
21.08687,10.312403,44.189743,12.822319,17.798813,25.022245,14.572534,14.537828,19.036715,28.679499,32.12148,44.734566,22.44315,9.52328,28.615576,13.007516,11.254488,34.4749,35.184753,12.530413,47.53329,16.764795,24.567816,16.126486,19.183336,31.916702,28.19436,22.856848,31.509768,22.118242,30.165688,40.952385,43.122696
21.125973,10.090299,43.604473,12.839432,16.972425,25.025267,14.44231,14.537828,19.156666,29.308167,31.700684,45.63543,20.605541,11.195736,29.391687,12.232772,11.274402,34.841908,35.433186,12.506036,47.162457,16.796247,24.974072,15.909772,19.332523,33.81646,27.956846,23.046326,31.800573,22.114487,29.93972,41.66266,43.03607
20.862188,9.755478,43.54399,12.827067,16.97145,25.031908,14.335405,14.537828,19.016417,30.704838,29.527304,45.747448,21.192114,10.960763,29.403822,12.251022,11.271307,34.678886,35.60971,12.48086,47.72446,16.883993,26.457893,15.612726,19.069431,33.491352,27.192951,22.771172,31.373024,22.117327,29.532328,41.535618,42.496307
21.370663,9.475018,42.68849,12.841977,15.561257,25.029074,14.557481,14.537828,19.343819,28.689337,28.06421,45.648518,19.721436,10.962345,28.454449,11.757145,11.267515,34.73099,35.276756,12.470551,46.525997,16.75378,30.753822,16.032066,18.799255,35.23182,28.708698,23.707247,28.499893,22.122715,30.355242,41.6837,43.125015
21.485064,9.30176,43.12598,12.841506,16.833984,25.026361,14.768006,14.537828,19.653969,27.593021,28.549166,45.55996,19.736341,10.727361,28.395248,11.852588,11.255197,34.328564,34.78202,12.483877,46.790485,16.696087,29.053213,16.544691,18.592064,34.249878,27.619425,23.79314,29.516275,22.11975,30.25499,41.656956,43.636223
21.806778,8.7202635,44.43775,12.853639,15.760684,25.010084,14.994601,14.537828,19.201986,28.756329,30.398973,45.923344,20.866732,10.038103,27.947748,12.560097,11.230399,33.529045,38.815735,12.492642,48.794113,16.217712,26.606256,17.17795,16.97629,35.066338,26.897495,24.465197,30.678465,22.11736,30.339022,42.81705,44.473324
21.961483,8.42837,45.693733,12.864057,15.233416,24.974142,15.694373,14.537828,20.02327,28.601646,31.884285,48.123386,18.710583,9.004845,26.78561,13.103798,11.197615,33.472694,41.1455,12.496672,51.25908,15.709327,19.722254,17.330149,14.975213,35.421032,23.365091,28.341051,32.417843,22.116308,31.105648,43.279655,47.334175
21.912544,9.259743,46.506447,12.869815,14.173827,24.957869,15.722524,14.537828,20.124472,28.122847,35.67991,50.211674,17.84423,8.691467,26.345806,13.748471,11.196147,34.5582,41.68704,12.492072,51.96657,15.354119,18.067007,17.422066,13.611366,35.832233,19.186705,28.44286,32.558662,22.116318,31.34061,42.91617,47.90277
22.00702,10.216126,47.147316,12.880455,13.151201,24.95453,15.407299,14.537828,19.759117,28.40187,40.50205,51.054306,17.78604,9.057615,26.855232,14.1876135,11.213103,35.140453,40.999092,12.491861,51.68606,15.176838,17.940002,17.660845,12.96152,36.071712,17.077097,26.413351,33.467396,22.111292,30.904911,42.598904,47.22298
22.464039,10.357073,49.434647,12.912376,10.778182,24.94592,15.248569,14.537828,19.247105,29.452175,47.598495,50.04923,17.13327,9.9349,28.037296,14.387918,11.245246,35.67217,37.77045,12.489299,50.627983,15.122328,18.169676,18.81671,12.324785,37.706844,17.350628,24.503502,33.931915,22.099154,30.059673,42.080463,46.256233
21.950594,11.064886,50.09537,12.909259,14.742853,24.954683,15.200686,14.537828,19.876732,28.083254,47.20725,49.608955,16.075056,9.946979,28.294285,13.987834,11.249803,35.290985,34.4792,12.514355,49.796364,15.529851,16.232021,18.779032,13.062333,34.689613,16.351276,24.619307,35.491287,22.096699,29.813135,40.85084,46.111202
21.51775,9.671543,50.16192,12.869679,20.106483,24.969805,15.375339,14.537828,19.546282,28.351034,41.85726,49.33705,18.784037,7.973333,27.622406,14.535798,11.214235,34.00067,40.242916,12.530831,52.039505,15.474944,14.655194,17.856255,12.861168,32.533295,16.63805,24.736923,36.10864,22.10733,30.503706,41.19748,46.184723
21.348238,9.555561,50.149204,12.875004,20.714613,24.98395,15.034715,14.537828,19.061836,31.83555,40.20542,49.183216,19.530346,8.388224,27.979137,14.348168,11.218158,33.50701,41.533737,12.509323,52.63487,15.71334,15.922199,17.575083,12.550612,32.508553,17.96056,24.27884,36.969322,22.105646,29.905037,41.357204,45.279934
21.739586,10.492796,49.335625,12.896326,19.990892,25.0069,14.908849,14.537828,18.18842,31.432095,39.96749,50.865795,19.7786,10.242597,27.423016,14.257411,11.217241,33.687305,43.51413,12.480261,51.55569,15.737816,24.87532,17.067852,11.524571,35.09992,20.26435,22.39123,36.021805,22.099344,30.700247,41.815155,44.453205
22.407413,11.341492,46.3367,12.9386835,15.41435,25.007061,15.088778,14.537828,18.086178,29.942835,39.715633,52.250572,19.107557,12.311191,27.165527,13.272,11.214497,33.492153,41.504784,12.444828,49.853683,15.730106,29.216686,17.630997,10.769103,37.53712,22.255682,22.179153,36.930264,22.084213,30.71597,43.261326,44.927032
22.745182,10.758918,44.40256,12.953069,14.964402,25.02394,15.087366,14.537828,18.616896,28.433096,37.211002,52.356567,18.223314,12.70358,26.555008,12.790729,11.218821,33.138596,41.155266,12.43953,48.782993,15.824945,32.998936,18.022911,11.201223,37.11264,25.748045,22.896692,36.34687,22.084051,31.241684,43.208107,45.66693
22.290585,10.051998,44.604797,12.932956,15.957531,25.03277,14.838539,14.537828,18.530186,29.22281,35.224216,50.962242,18.509909,12.821125,27.420761,12.393917,11.234394,33.21522,40.474373,12.44341,48.387943,16.094355,33.320583,17.526907,12.507745,37.042698,27.023518,22.697708,35.021633,22.08663,30.671753,43.14182,44.518612
22.1347,8.442165,44.290382,12.891232,15.122455,25.030058,14.646804,14.537828,18.959702,31.271826,34.485012,49.84091,19.9043,10.11356,27.048538,13.607802,11.236365,33.095154,46.858498,12.47399,50.886917,15.550241,28.977736,17.09228,12.946145,34.536198,28.004602,23.782736,33.962357,22.104881,31.031254,43.145576,45.419693
21.944304,8.278942,44.17609,12.872468,14.737307,25.007788,14.619893,14.537828,19.599627,31.579496,33.793545,49.65603,20.114138,8.314469,26.20964,13.942463,11.227304,33.645695,47.830265,12.494273,51.948147,15.441326,24.614824,17.07423,13.522032,33.340748,27.34174,25.67366,32.606457,22.118063,31.26915,42.88479,46.54571
21.937243,8.566015,43.915035,12.865269,13.9699745,24.996662,14.589631,14.537828,19.767382,30.64047,33.752808,49.0816,19.333221,8.69174,26.38284,13.542117,11.236157,34.3021,43.6712,12.496466,50.6831,15.665089,25.090641,17.107979,15.120016,34.34278,26.488895,25.839926,30.54387,22.121616,30.877634,42.501545,46.07799
21.344015,8.942623,44.38014,12.857406,13.548843,24.975796,14.751436,14.537828,20.119576,29.680593,31.877327,49.0712,17.878872,7.9720187,25.840761,13.288636,11.241039,36.390877,43.257915,12.5070305,50.38206,15.854329,22.875412,16.47603,15.353967,34.213326,25.869513,27.23589,27.121115,22.131273,30.998734,41.92963,46.16655
21.15254,8.786979,45.491844,12.860421,13.402104,24.969986,14.763899,14.537828,20.015089,30.238775,32.080475,47.961937,17.553516,7.7772875,26.516134,13.16888,11.252335,37.034412,42.492287,12.505391,50.33018,15.950987,21.204973,16.706543,15.28352,34.445137,26.564074,27.077328,26.610954,22.131985,30.534573,41.64336,45.793488
21.142506,10.304332,46.120277,12.867913,11.651464,24.965485,14.84723,14.537828,19.790014,30.689037,34.210598,49.25831,16.659372,8.887241,27.308691,13.156973,11.267311,37.947807,39.944992,12.461552,49.790222,15.786026,23.2237,16.269161,14.716163,36.984783,22.796272,26.212502,26.248234,22.133566,30.623123,41.131294,45.188747
20.85999,10.663226,45.930206,12.862392,11.932966,24.973328,14.675207,14.537828,19.78164,31.810701,33.94189,49.032944,16.426355,9.809417,28.256792,12.807827,11.283082,37.863228,37.53233,12.439757,49.311703,15.977364,23.532934,16.055754,15.320701,37.171528,21.772684,25.449387,27.103544,22.13217,30.1761,40.85027,44.355415
20.203318,11.148466,45.96766,12.8461275,12.418351,24.978218,14.9365635,14.537828,19.894848,31.868284,32.078514,49.665836,14.964342,9.4027605,28.499548,12.672572,11.296054,39.228123,36.7142,12.417311,48.90462,16.025034,24.833883,15.033159,14.280491,36.947735,20.48928,25.386976,25.644302,22.1366,30.455154,39.86565,43.906883
20.110678,10.89837,45.107853,12.833361,13.525588,24.980698,15.2332735,14.537828,19.905676,31.082342,30.75647,51.256474,15.027642,8.769304,27.745382,13.022262,11.289295,38.985607,36.248924,12.417311,49.038315,15.853673,26.775743,14.335826,14.326258,37.128513,18.97468,25.589764,24.462687,22.142254,31.076712,39.534153,44.174202
20.107784,10.440053,43.832516,12.825355,14.138987,24.986654,14.975662,14.537828,20.205807,29.83765,29.953512,51.029667,14.8191395,9.158988,27.691967,13.050166,11.302446,38.52421,35.443394,12.433559,48.343597,15.977989,25.43886,14.06987,16.69515,36.170986,19.308819,25.859879,24.807432,22.144413,31.272419,39.33744,44.2386
20.387508,10.918103,42.451267,12.830229,14.704056,25.008839,14.680196,14.537828,20.117126,28.517159,30.179298,51.731762,15.921544,10.123752,27.711184,12.858766,11.299221,37.60763,36.011272,12.440991,47.34475,15.981827,29.349554,13.937388,17.020615,36.165314,21.480135,24.810019,26.212788,22.138023,31.755005,39.883198,44.299767
21.216782,10.684802,42.22962,12.843985,14.384345,25.012785,14.586326,14.537828,19.722631,27.463821,33.99559,52.150314,16.45606,10.9978285,27.86348,12.811976,11.301106,36.78352,34.889614,12.434749,46.8035,15.93594,31.804104,15.000071,16.345078,37.77189,21.838238,23.36198,27.487118,22.125624,31.402388,40.43015,44.124725
21.121618,10.141987,42.30445,12.839163,15.6966305,25.028889,14.417687,14.537828,19.422955,28.255743,34.298367,51.47013,17.318352,11.321653,28.64533,12.6449795,11.306536,36.18452,34.28221,12.428171,46.82871,16.174788,32.72317,15.250994,15.953667,36.78001,22.993813,21.804949,29.094341,22.11631,30.594143,40.464695,43.285706
20.978893,9.207114,41.876953,12.826475,16.71328,25.036469,14.212961,14.537828,19.701622,29.512293,32.479675,50.36066,17.68131,11.02835,28.773077,12.597265,11.307954,35.334938,34.3921,12.442937,47.373936,16.384777,30.890676,15.3991375,17.0225,34.626247,24.515825,22.057829,29.983585,22.11558,29.878365,40.448948,43.177795
20.878859,9.113321,42.347744,12.83282,16.425827,25.036236,14.170537,14.537828,19.316254,31.507952,31.926033,49.841156,17.845217,11.730883,29.101643,12.207775,11.300397,35.095604,34.52534,12.426897,47.631683,16.547243,31.188677,15.563999,16.471167,35.274433,24.846073,21.869356,30.654398,22.109552,29.262106,41.11213,42.53699
21.19434,9.209925,43.625202,12.837536,14.171742,25.0166,14.397905,14.537828,18.853312,32.49802,35.524082,49.19677,18.096462,11.730788,29.739315,12.380272,11.297826,35.71415,33.17902,12.417311,47.974964,16.436522,29.326012,16.420141,15.297823,36.94498,22.529657,21.181995,31.14332,22.104963,28.542713,41.532143,42.25322
21.240688,9.192262,44.613853,12.835583,14.067695,25.005636,14.489909,14.537828,18.660553,32.718292,36.609676,48.63883,18.201418,11.256383,29.80817,12.548051,11.296086,35.95242,32.564583,12.417311,48.257484,16.42166,27.810593,16.812647,15.104388,37.50103,21.814896,21.314617,30.715097,22.106865,28.42443,41.42453,42.13407
21.403158,8.937991,43.49996,12.831988,14.394362,25.010057,14.582924,14.537828,19.057775,31.146404,35.712025,48.466553,18.143345,11.243956,29.572842,12.445258,11.289863,35.471554,31.534777,12.424326,47.71552,16.47867,28.200668,17.111021,15.570907,36.24378,22.493128,21.451174,31.19471,22.103043,28.285,41.572403,42.567886
21.633127,8.53075,44.591072,12.829824,15.005482,24.995085,14.70779,14.537828,19.257366,31.063807,36.004856,47.66099,18.058756,10.607583,29.013323,12.642935,11.269228,34.863617,30.751661,12.44315,48.438274,16.503407,25.357258,18.003584,15.875826,35.918987,21.942148,22.732775,31.416552,22.103163,28.016125,41.71313,43.28385
21.923016,8.245499,44.125156,12.827572,14.61243,24.989489,14.705799,14.537828,19.618061,29.398155,35.426994,47.80576,17.858133,10.486085,28.541656,12.740662,11.268565,34.489437,31.255703,12.457202,48.334915,16.37834,24.330149,17.933243,16.902391,36.248547,22.324802,23.739042,30.897793,22.107407,28.588375,41.81111,44.01825
21.837507,8.635145,44.54771,12.836304,14.487355,24.982653,14.787782,14.537828,19.189213,28.793465,36.5428,50.147774,16.72524,11.252303,27.85838,12.811464,11.27521,34.613182,32.871822,12.44123,48.568977,16.130663,24.563404,17.132263,16.521349,39.091972,20.355194,24.228481,30.018064,22.109419,29.572037,41.908955,44.13761
21.587223,8.925973,43.429153,12.840628,14.665642,24.996288,14.527674,14.537828,19.492308,28.633217,35.4464,50.252567,16.357689,12.6126995,28.324848,11.959547,11.286664,34.249775,32.05065,12.429895,47.529446,16.370476,26.468443,16.863985,16.539883,39.00638,21.711245,23.872679,30.966526,22.102123,29.271269,42.24536,43.860783
21.567053,9.284959,42.706223,12.844569,14.823786,25.004885,14.416751,14.537828,19.802324,28.524555,35.12882,50.20082,16.761608,12.686625,28.567844,11.912812,11.286682,34.19962,32.141926,12.437319,47.294815,16.417866,26.898624,16.910374,16.534369,37.455444,22.23871,23.490686,32.16018,22.099627,29.173235,42.229126,43.96462
21.615808,8.78127,42.327835,12.846131,16.822046,25.0334,14.382098,14.537828,19.797642,28.552473,35.840073,50.047012,17.20229,12.1094475,29.114706,12.237716,11.295928,34.343395,32.40031,12.440214,47.094025,16.4786,29.65573,17.09162,15.467175,34.326775,23.245836,21.279184,33.47223,22.093157,28.740417,41.232597,43.415184
22.04311,8.636297,41.53391,12.844139,16.327024,25.034702,14.572677,14.537828,19.81951,26.826208,37.300224,50.09912,18.044697,11.532972,28.800375,12.729126,11.290717,34.051743,32.24696,12.45581,46.87917,16.27412,30.868156,17.61663,15.1683235,33.600845,23.949879,20.535126,33.818047,22.089396,28.952843,41.25032,43.838634
22.214096,7.847575,41.5561,12.843295,16.490135,25.029284,14.62639,14.537828,20.217531,27.021103,36.25016,49.227932,17.933432,10.4918785,27.969368,13.098353,11.275973,33.680496,33.792706,12.482757,47.480167,16.122574,30.080545,18.11421,15.742539,32.332684,25.438566,22.013407,32.996956,22.095442,29.320688,41.23317,44.665302
22.57639,7.271639,40.638702,12.828476,15.994156,25.011223,14.795216,14.537828,20.853222,25.600388,34.528164,48.953617,17.806015,9.341446,26.57415,13.42751,11.253886,33.1365,34.50974,12.507912,47.89745,15.923428,28.443949,18.567636,16.548487,31.952961,26.22981,24.278667,31.769087,22.102251,30.10075,41.643356,46.0728
22.594046,7.6432824,40.117264,12.827512,14.921222,25.00507,14.984712,14.537828,20.693594,26.761003,32.632698,48.384014,19.169323,9.1241865,26.37223,13.382135,11.233548,32.380188,35.993668,12.510183,48.680553,15.930449,26.798029,18.54667,16.236204,31.536911,27.098186,25.004517,33.11874,22.100882,29.918852,42.705963,46.37837
22.362795,7.6603622,41.458027,12.82168,15.54705,24.990969,15.062811,14.537828,20.536013,28.752628,30.589182,47.59003,19.805979,8.283688,26.096247,13.353405,11.212075,32.120907,36.683727,12.506741,50.004242,16.068539,23.669168,18.575361,16.08267,31.56049,26.312685,26.498812,33.172195,22.107462,29.673552,42.99166,46.64346
22.07904,7.4559236,40.983425,12.791221,14.275543,24.981638,15.180719,14.537828,20.636087,27.989807,27.806046,45.532406,19.916622,7.213358,25.708258,13.738613,11.212024,32.573387,35.38771,12.530847,49.568943,16.175749,21.825567,17.965025,18.796675,30.675158,27.873627,26.609444,30.16392,22.122313,29.615225,42.34884,46.23288
21.68039,8.5535145,40.9579,12.80276,13.4511595,24.979876,15.296566,14.537828,20.443918,27.430702,27.197268,44.214096,19.790716,8.498638,26.600183,13.142354,11.220658,34.01434,33.26434,12.543357,47.996002,16.50616,20.658642,16.999815,20.960571,31.275444,27.77061,26.10822,29.213633,22.127531,29.60716,42.134853,45.31254
21.668837,9.083542,39.03607,12.810854,13.589892,24.986355,14.944475,14.537828,20.871555,23.934078,25.29457,43.081585,18.056639,10.174372,26.540361,12.771132,11.253461,34.86382,30.105217,12.586157,44.76199,16.99572,18.824703,16.20824,26.223312,30.177338,30.14152,26.64595,28.59254,22.133772,30.855642,40.84878,44.996803
21.50878,9.000444,39.375145,12.811055,13.672056,24.990034,14.854025,14.537828,20.468311,25.036966,24.774063,43.020756,18.56821,10.213638,26.97578,12.690262,11.260369,34.973648,29.62987,12.572973,44.802986,17.13761,19.357698,16.043179,26.063873,30.627865,30.407293,26.325245,28.466484,22.133413,30.443703,40.771797,44.382908
21.423605,8.567584,40.106903,12.803576,13.715253,24.991438,14.713191,14.537828,20.00494,26.924723,25.428175,43.945034,19.331224,9.566881,27.249062,12.930502,11.261151,34.615417,30.55538,12.546876,46.01174,17.027832,20.350965,16.203222,24.105318,31.322153,29.762312,25.812807,28.672173,22.129688,29.695606,41.064434,43.942184
21.587788,8.250849,41.148064,12.803751,14.08643,24.977278,14.765416,14.537828,20.167566,26.719221,27.294163,43.56974,18.242096,9.545466,27.24637,12.85472,11.256642,34.704494,29.044231,12.5484495,46.20388,16.998356,18.95046,17.063719,23.864853,32.14572,28.544437,26.138443,28.344872,22.127428,29.467995,41.09997,44.153282
21.668129,9.323801,44.306843,12.817787,11.647996,24.94432,15.885997,14.537828,19.397284,28.561127,34.179863,44.473576,18.884356,9.346251,27.520872,13.255796,11.208544,35.072117,28.083408,12.506508,48.389454,16.342258,19.231592,18.462059,18.727446,35.984825,22.473528,25.14816,29.137932,22.11554,28.71767,42.712433,44.58117
21.540945,10.020018,45.457382,12.819789,9.79241,24.943806,16.047365,14.537828,19.103155,29.167194,38.00913,46.36012,18.24338,9.5424385,28.28526,13.682863,11.228258,36.3034,29.766817,12.473508,49.126495,15.976418,18.305807,18.077656,16.26667,36.992397,18.164211,24.193232,30.298975,22.112669,28.794401,42.711384,44.40406
20.891655,9.799132,49.025803,12.794906,8.722503,24.930578,16.133839,14.566236,18.357645,34.95655,37.840355,45.549713,18.460903,8.506605,28.91143,14.33662,11.209046,36.27904,31.611454,12.440748,52.4487,15.99762,12.827502,18.035425,14.385248,36.988766,15.079333,25.253378,31.572882,22.114159,27.589344,42.908154,44.081123
20.362583,10.418685,50.93536,12.797025,8.599812,24.924978,16.232872,14.579848,18.168556,37.67127,36.673534,45.26344,19.262405,7.9930577,29.240202,14.633602,11.192163,36.658005,33.522644,12.426398,54.316174,15.908978,10.453072,17.396044,13.898965,36.885426,13.079674,26.070415,31.532106,22.123737,27.599792,42.51211,44.202446
20.548956,9.965914,50.346027,12.803306,10.55653,24.935413,15.748532,14.553269,18.54604,37.465656,35.576504,45.785618,19.81001,7.9096828,28.967396,14.40617,11.196718,36.02796,35.01431,12.433261,54.291256,15.954911,11.819035,17.222857,14.411734,36.193123,14.366845,26.217655,31.63475,22.126514,27.793076,42.22072,44.407394
20.819412,9.591834,49.654873,12.814604,11.5667305,24.940714,15.411665,14.537828,19.028416,36.475006,35.13912,45.837162,19.825682,8.172926,28.832188,13.986957,11.199461,35.10429,35.453228,12.444998,53.833153,16.006857,12.503036,17.566154,14.7035675,35.793648,16.155407,26.694448,32.52072,22.1228,27.80776,42.486816,44.978123
21.68491,8.675629,47.84087,12.851503,12.054729,24.954487,15.154195,14.537828,19.181522,33.541153,35.400616,46.340992,19.971746,8.293983,27.859179,13.69204,11.209469,34.69897,37.841343,12.464104,52.158573,15.789665,18.602957,18.112463,14.882988,36.63757,21.41257,26.213223,30.844717,22.121925,29.058905,42.614426,45.621876
21.952038,8.277679,47.487667,12.86455,13.1915,24.96735,14.938382,14.537828,19.163397,32.13583,37.30628,46.877224,19.659914,8.241865,27.529459,13.85616,11.226424,34.811245,38.89794,12.481326,51.260418,15.664491,21.56684,18.35022,14.784171,36.298695,23.098753,25.081318,30.091116,22.120626,29.583185,42.068626,45.294846
21.971886,7.439665,47.856457,12.865196,17.646706,24.975513,15.073779,14.537828,19.750292,29.966496,35.743042,47.214947,18.589455,7.756459,26.563444,13.72506,11.212634,34.069485,38.733624,12.507692,51.053032,15.83352,21.068588,18.967823,14.808457,34.209373,22.82164,26.530117,30.729984,22.118397,30.060913,41.528076,46.072876
22.12689,7.010353,48.08927,12.893806,16.770477,24.97146,14.969778,14.537828,19.770765,30.572031,37.224247,46.52382,17.994486,7.9802666,26.439861,13.608361,11.218784,34.31894,37.736618,12.519656,50.358852,15.864603,22.010702,19.819084,14.745539,34.47528,25.368145,26.61724,30.239075,22.113663,29.63722,41.432716,46.072247
21.9381,6.923612,47.408817,12.896805,16.665506,24.984188,14.778902,14.537828,19.694963,31.88681,36.138847,46.028614,17.668802,8.482126,27.096773,13.183257,11.236318,34.479553,36.683186,12.506017,49.77465,16.12477,23.117517,19.673555,14.944255,33.991608,26.333694,25.861412,30.313095,22.112127,28.819496,41.26907,45.154305
21.995893,7.208182,46.16685,12.885706,16.030807,24.987978,14.573459,14.537828,19.758657,31.914358,36.70719,46.800346,17.863403,8.635593,27.147137,13.2267,11.249646,34.554985,36.10963,12.497159,49.54779,16.098682,24.337399,19.316484,15.061404,34.105316,26.433077,24.94301,30.167196,22.112104,28.739204,41.159294,44.89133
21.79143,7.387747,45.72047,12.880102,16.339651,24.996426,14.398315,14.537828,19.681477,32.827637,36.95064,46.82394,17.76251,8.733565,27.471537,13.237393,11.261916,34.596973,35.979366,12.496773,49.42438,16.16412,24.790688,19.002241,15.13721,33.35651,26.823471,24.006958,30.489086,22.11118,28.397364,40.88835,44.30188
22.068058,7.1000605,43.12019,12.843763,15.735179,24.993631,14.395136,14.537828,20.186783,29.974873,33.94065,46.817585,17.811771,9.057029,27.076311,13.009581,11.25914,33.695026,34.586147,12.513236,48.674202,16.280827,24.655972,18.642218,17.380116,33.10252,27.323715,24.892797,29.977743,22.110472,28.662048,41.689148,44.687614
21.817598,7.2433805,42.627296,12.834209,15.36609,24.998106,14.330667,14.537828,20.054066,30.984425,31.678072,46.19577,18.492085,9.258916,27.619816,12.8021145,11.260071,33.50468,34.935177,12.508369,48.769737,16.450134,23.881823,18.205038,17.79994,32.613056,27.993649,24.943293,30.629158,22.110556,28.304901,42.13661,44.35106
21.263193,8.876856,43.238354,12.835442,14.5247345,24.991116,14.362777,14.537828,19.907772,31.96316,32.21738,47.109814,18.02125,9.824442,28.117603,12.628877,11.265105,34.878536,34.00568,12.483065,48.83505,16.528605,23.138737,17.259277,17.408842,33.49323,24.828238,24.644215,30.467482,22.115782,28.372507,41.799347,43.92127
21.319082,9.089058,42.166016,12.823842,14.781621,24.979921,14.516905,14.537828,20.843962,28.994698,30.111925,47.932133,17.41355,9.422331,26.854921,12.798486,11.254234,34.828964,34.19413,12.51306,48.7016,16.47515,20.993273,16.842361,18.98269,32.409637,24.08571,26.736765,29.73026,22.123833,29.446802,41.58162,45.39119
21.111427,8.773478,42.791992,12.817746,15.53355,24.979315,14.48269,14.537828,20.795635,28.585081,29.813595,46.80898,17.96787,8.245645,26.694475,13.171045,11.253648,35.15046,37.070324,12.545613,49.267456,16.401247,17.97565,16.568592,19.609974,30.744078,25.483812,26.79388,29.131886,22.13153,29.900848,41.232162,45.417828
21.209131,9.290313,43.89609,12.837139,15.280265,24.976503,14.80445,14.537828,20.282701,26.781672,31.615627,47.46356,16.958189,8.084554,26.161798,12.924695,11.249457,36.61174,39.094017,12.534544,48.558228,16.13472,22.59412,16.750978,17.177322,33.401234,26.300076,26.495773,26.246738,22.131498,30.959984,41.406452,45.55625
21.44933,8.961651,43.805256,12.842323,16.089735,24.992476,14.821279,14.537828,20.316547,26.145657,34.235344,48.161865,16.397848,8.732909,26.81313,13.00091,11.263524,36.33726,37.600716,12.522734,47.947536,16.048182,24.777758,17.09522,16.653898,33.261806,25.157797,25.186584,27.712715,22.122671,30.75057,41.002167,45.247208
21.707289,8.727194,42.513885,12.850371,15.764415,25.004267,14.902786,14.537828,20.417799,25.630007,34.533302,48.90202,16.430202,9.38633,26.846237,12.895551,11.263687,35.59668,37.297653,12.515856,47.57511,16.008831,26.795149,17.198622,16.200384,32.89919,25.6629,24.561047,29.159634,22.11396,30.585695,41.36357,45.36915
21.469427,8.323789,42.111576,12.832618,14.768235,24.992722,15.007037,14.537828,20.447508,25.8174,34.22676,48.442696,16.534996,8.234854,26.46719,13.250058,11.264162,36.13481,38.514145,12.525503,48.27838,15.912848,24.883165,17.011091,15.936336,32.081093,26.858904,24.52664,28.076214,22.117392,30.502125,41.4323,45.552475
21.395014,9.396137,40.95565,12.850936,13.223918,24.993198,15.277367,14.537828,20.307568,26.760431,31.39327,47.395813,17.37929,9.829537,27.030035,12.282883,11.255559,35.676125,36.8535,12.52013,47.518925,16.267193,25.098375,16.670486,16.631134,32.53146,28.216747,24.55729,29.192541,22.112772,29.718348,42.609707,45.097897
21.484465,8.959107,41.739784,12.850048,14.84144,25.00621,15.5673485,14.537828,20.251339,27.190722,32.404396,46.27315,18.363613,10.323973,28.171072,12.291688,11.254119,34.768635,34.51138,12.521515,47.55,16.341877,24.097168,17.233833,17.003862,31.284128,26.527771,23.571589,31.843298,22.104757,28.867807,42.4151,44.58076
21.132927,8.226036,43.57724,12.839324,15.793378,25.0091,15.204675,14.537828,20.105198,30.905787,32.05593,44.9266,18.643848,9.815857,29.228624,12.44017,11.258819,34.540733,34.31131,12.508501,48.80037,16.58292,21.17293,17.643692,16.720057,30.058575,25.996172,23.6704,33.558605,22.103067,27.619856,42.076378,44.06762
20.395992,10.086738,45.27855,12.854557,16.243776,25.017023,14.831251,14.537828,19.252556,34.565216,33.230507,44.221954,19.793468,10.154508,30.401478,12.233231,11.264221,35.234756,32.964916,12.479444,48.917046,16.871168,22.23941,17.221153,15.747719,30.107574,24.528696,21.702518,34.36198,22.103506,26.673275,41.33644,42.348156
20.852926,10.097218,46.35614,12.853145,15.618138,25.004255,14.564037,14.537828,19.406607,33.254845,39.822227,44.306747,19.879572,10.130381,30.573614,12.8571205,11.280931,35.315647,30.579636,12.499866,48.21104,16.643078,21.247429,17.814156,16.223837,30.882587,22.757542,21.027905,34.264027,22.100437,27.079063,40.4466,42.39237
21.236506,9.17357,46.290405,12.834881,14.802858,24.992207,14.695047,14.537828,19.90815,29.648216,42.155624,44.553078,19.41102,9.607574,29.964228,13.591985,11.291476,36.01561,31.865372,12.527511,48.07096,16.142237,19.91504,17.811455,17.739544,31.606369,21.861132,21.524023,32.10033,22.110172,28.667404,40.059612,43.238327
20.808334,9.45109,45.873383,12.813711,15.147006,24.987726,14.988348,14.537828,19.876596,27.410845,39.83545,45.702698,18.457804,8.29147,29.01184,14.19188,11.293975,37.356274,34.304474,12.529123,48.501595,15.828092,19.937996,16.537775,18.077618,31.810587,19.853342,22.137297,28.963362,22.129034,30.051449,39.35007,43.55646
20.598722,9.297735,46.298393,12.807469,16.221478,24.965967,15.525142,14.537828,20.520563,26.078173,36.50886,47.213024,14.913606,7.3244452,27.117678,14.431751,11.265613,37.742386,35.615276,12.546173,49.67305,15.701244,16.578861,16.474096,18.033596,31.403929,16.725338,25.523012,27.213625,22.138155,30.744669,39.376015,45.23911
20.894274,9.218739,46.372967,12.819762,15.586748,24.957228,15.868142,14.537828,20.473183,26.49195,35.619713,48.637955,13.6251,7.62652,26.319386,14.29186,11.251739,37.734783,35.35393,12.524475,49.948067,15.642365,18.02032,16.610065,17.11043,33.444126,14.920433,27.053783,26.082,22.13773,30.922647,39.705036,45.68086
21.72831,8.462409,45.02016,12.827669,14.903225,24.953344,15.48319,14.537828,20.990782,25.622116,35.12169,49.43304,14.445739,7.819693,25.429293,14.036637,11.247483,36.817307,35.181328,12.524946,49.557617,15.705391,19.775251,17.499762,17.249521,34.128223,17.604828,28.196983,26.040775,22.132187,31.094517,40.25246,46.590042
21.859194,8.203968,44.546303,12.83098,14.818835,24.957869,15.197586,14.537828,21.231634,26.120262,33.25262,48.7654,15.950141,8.38787,25.873672,13.440257,11.251385,36.09917,34.276306,12.516265,49.25512,15.995362,19.738169,17.721682,17.838839,34.25874,20.18422,28.749762,26.836412,22.13009,30.701149,40.60304,46.734764
21.748861,8.074575,43.57995,12.827593,15.177094,24.967682,14.849646,14.537828,21.217115,26.557724,31.790388,47.78083,16.034689,9.112885,26.37748,13.050703,11.2596855,35.329376,34.80472,12.530624,48.72419,16.202583,18.829025,17.40467,19.511967,33.508347,22.333782,28.262472,27.7928,22.12937,30.469662,41.022873,46.177067
21.808807,7.7672524,44.19265,12.8419,14.898389,24.96171,14.765422,14.537828,21.20346,26.972052,30.962849,46.62661,16.092813,10.048903,26.708368,12.365703,11.264322,34.767216,32.952286,12.527849,48.24826,16.437878,18.830154,18.014017,20.169987,35.2264,24.42677,29.093847,27.372053,22.126253,29.906496,41.488544,46.116253
22.18177,8.295436,42.40021,12.874581,15.793721,24.998089,14.53451,14.537828,20.461641,26.31268,30.263454,48.578686,16.094782,11.434396,26.659313,11.345708,11.270624,34.195854,33.0661,12.477743,45.976307,16.528194,30.135979,17.517134,18.225801,38.165104,28.25924,27.370684,26.789091,22.11628,30.741795,41.882015,45.24212
22.209864,8.461343,42.366795,12.875384,16.129198,25.013975,14.549793,14.537828,19.86447,25.593596,29.727673,49.034763,16.530897,11.044031,26.382265,11.522974,11.265463,33.916637,35.87261,12.470743,45.861713,16.384571,33.637093,17.081598,17.03557,38.532253,30.01479,26.424797,26.469194,22.116535,31.600878,42.07667,44.908985
22.080767,8.217091,42.5719,12.86878,15.850243,25.02558,14.565542,14.537828,19.463787,26.817076,28.556086,48.299637,18.087822,10.604616,26.438618,11.982647,11.250925,33.001354,40.08009,12.479535,47.143818,16.222513,33.38936,16.920294,16.269836,36.95002,31.266315,25.851337,28.106573,22.114971,31.665867,42.83967,44.84347
21.418146,7.7573442,45.684063,12.851281,15.872573,25.010647,14.626904,14.537828,18.45522,32.417465,28.305729,46.363346,20.413996,9.400578,27.186687,12.720522,11.230378,33.0329,42.099804,12.460802,50.122437,16.208965,29.270086,17.315231,15.249006,36.515484,29.116209,25.063942,29.0388,22.120115,30.238512,43.201546,43.87304
21.110497,7.4835095,46.785248,12.844639,14.850912,24.99419,14.643066,14.537828,18.06368,35.385994,28.33739,45.743347,20.684778,8.97184,27.485874,12.963079,11.225686,33.4861,42.55255,12.450776,51.377308,16.187677,26.059162,17.159246,15.322982,37.113953,27.840229,25.422768,28.567413,22.124645,29.531902,43.354664,43.42703
21.419502,7.4907084,46.111225,12.850687,13.505776,24.979532,14.734011,14.537828,18.279425,33.90447,29.401207,46.52657,19.26085,9.5571375,27.297115,12.69784,11.231938,33.78092,40.52834,12.445229,50.702896,16.14364,25.128593,16.89267,16.225266,39.11524,27.020346,26.311535,27.52796,22.124575,29.815434,43.287193,43.83511
21.602926,6.95898,44.97598,12.846409,14.284334,24.98272,14.586011,14.537828,18.966051,31.567335,29.779055,46.314335,18.324219,9.093074,27.062466,12.799995,11.252467,34.075485,40.78807,12.48976,49.875034,16.138334,22.860895,16.840906,17.823328,37.17619,28.30673,26.698765,26.90696,22.127468,30.152128,42.65795,44.150394
21.317698,6.3587146,46.677605,12.851603,16.963367,24.980478,14.590223,14.537828,19.43694,31.834843,29.040285,45.97156,18.610468,7.8624887,26.598928,12.949265,11.244844,34.093685,42.38598,12.511187,50.793655,16.136868,20.095182,17.308113,17.285543,35.48498,28.427801,27.99907,26.84134,22.132603,30.218634,42.056057,44.84387
21.274479,7.057141,46.359955,12.862376,16.457203,24.968668,14.66115,14.537828,20.05376,31.491472,28.88189,46.74258,19.715864,7.546733,25.941412,12.903941,11.230665,34.28514,41.86793,12.515657,51.10621,16.100832,19.287642,17.626896,16.697092,34.903183,27.640924,29.32377,27.36347,22.13363,30.335257,42.107204,46.10662
21.110703,7.196019,45.56517,12.861286,15.548296,24.958258,14.7286625,14.537828,20.651003,30.995516,26.63367,46.697063,22.136354,6.892969,25.496134,12.84897,11.218354,34.130856,42.887157,12.520997,51.68593,16.110687,17.370266,17.656433,16.306429,33.832787,28.611237,31.31498,28.10306,22.134972,30.666962,42.545376,47.607136
20.473864,7.6144567,46.038486,12.858209,14.613698,24.952326,14.788297,14.537828,20.715689,31.403973,25.26368,46.420395,21.833025,6.1451283,25.328154,12.843418,11.21828,36.072006,44.5484,12.524143,51.915966,16.268759,16.296377,17.162611,15.462854,32.60046,29.10086,31.556149,26.214828,22.139277,30.59626,42.165867,47.439655
19.785116,8.442584,47.026775,12.8545685,13.732642,24.945602,15.186383,14.537828,20.723454,31.555021,24.489365,45.881817,19.388006,5.9971027,25.682049,12.596467,11.221582,38.350002,43.35074,12.512551,51.61224,16.507599,15.760547,16.71364,14.449178,32.156765,28.661514,31.539862,24.24498,22.138987,30.167252,41.45715,47.03544
19.663582,9.388016,47.310425,12.852409,14.378519,24.95363,15.209384,14.537828,20.466833,31.496552,26.201504,46.739563,17.195324,6.219734,26.046318,12.647554,11.236867,39.08315,42.28785,12.4980135,50.99596,16.425793,17.544302,16.27124,14.067137,32.3697,26.575531,29.788004,23.789293,22.140898,30.082867,40.696857,46.042202
20.183876,9.3569145,46.04333,12.836519,15.517338,24.963364,14.832644,14.537828,20.558615,29.297852,29.61576,46.687088,15.676834,7.773943,26.734127,12.855224,11.261653,38.040897,40.111538,12.534735,49.729084,16.315483,16.717464,16.03625,17.574923,32.44472,24.077644,28.009981,25.290007,22.141315,30.44551,40.551136,45.35889
20.094227,10.198016,45.547245,12.827832,15.490676,24.963451,14.820418,14.537828,20.579536,27.578938,32.216465,46.6082,15.382059,8.058638,27.196997,13.026755,11.276753,38.399677,39.178173,12.554693,49.09512,16.230167,15.500429,15.792284,18.100498,31.558582,22.956383,26.432026,26.134716,22.13959,30.398222,40.34658,45.129242
20.089252,10.287073,46.591896,12.821707,15.23671,24.962248,14.79921,14.537828,20.161028,27.668161,35.172256,44.46808,15.98564,7.657366,28.213312,13.175157,11.301705,39.101692,37.91417,12.559841,48.49769,16.287815,14.357447,16.150696,17.80373,31.295784,25.580904,24.494904,26.303944,22.136774,30.13238,39.741165,44.233013
20.326202,10.023852,45.927235,12.827468,14.534381,24.966976,14.697718,14.537828,20.076056,28.414686,36.0448,44.4916,16.273739,8.095614,28.609125,12.966846,11.31008,38.624157,36.437206,12.543644,48.07095,16.349321,15.919933,16.535059,17.423023,31.71453,26.328974,23.888792,27.13868,22.130346,29.653023,39.948574,43.79812
20.331799,9.213192,45.18744,12.817745,13.893971,24.968208,14.606944,14.537828,20.017569,30.935019,34.00334,43.095554,18.288677,7.6271973,28.660503,13.161463,11.29502,37.570145,35.09927,12.5465,48.721596,16.54961,15.1240225,16.660198,18.620867,30.523754,28.566658,23.993492,27.972908,22.13131,28.907896,40.145214,43.512314
20.67498,8.438244,43.714985,12.810145,13.583717,24.972507,14.548198,14.537828,20.05918,30.101215,31.765427,43.279423,19.186304,7.877983,28.009703,13.478652,11.2784395,36.535694,35.282867,12.563527,48.682545,16.604485,14.973342,16.552734,20.650208,30.096828,29.652124,24.677599,28.534622,22.130941,29.188526,40.665497,43.915653
20.861767,7.9828396,42.772793,12.809888,13.793462,24.977808,14.41926,14.537828,19.999117,29.721834,29.111475,42.147125,19.535387,8.322678,27.888578,13.3086195,11.277556,35.687542,33.336353,12.575766,47.76932,16.991793,14.409078,16.655615,22.96832,29.704699,33.23208,25.206184,28.954042,22.129436,29.146708,40.639645,43.727367
20.998035,7.2625704,44.93951,12.816254,13.658221,24.972778,14.636716,14.537828,20.089169,30.467138,36.395947,41.72812,20.157085,7.6143756,27.811062,14.244696,11.269055,35.336758,34.87115,12.599028,48.885494,16.277063,15.095425,17.579777,21.141285,29.559565,33.26835,24.070765,29.204317,22.120852,29.62695,40.291035,43.93809
21.246096,6.788437,45.265656,12.817232,14.451492,24.96595,14.7153015,14.537828,20.488953,29.675486,37.26149,42.17195,18.840216,7.698055,27.22967,14.40939,11.261634,34.854977,34.422993,12.61563,49.083866,16.147062,13.958958,18.130272,21.544062,29.272081,32.12778,24.724764,29.23615,22.118683,29.730242,40.262886,44.460037
21.273056,6.843323,46.682705,12.810151,14.014391,24.95339,14.806507,14.537828,20.004969,31.454329,36.346725,42.69776,19.152271,6.3289175,26.553299,15.117548,11.239294,34.618725,34.340504,12.591426,50.676605,16.026339,13.010212,18.127844,20.785542,29.886381,28.514814,25.221603,28.440453,22.128124,29.22111,39.868923,44.351433
21.234943,7.8590646,47.15744,12.819092,13.805492,24.954428,14.744012,14.537828,19.337404,33.437984,34.55819,43.30866,20.185347,6.741219,27.238947,14.559338,11.235189,34.590973,35.287914,12.553012,51.243233,16.188179,13.3676605,17.495527,19.928593,32.07229,25.645922,25.43724,28.662724,22.13472,28.688482,40.532665,43.93689
21.035513,8.169694,45.35993,12.809579,13.55926,24.954754,14.875986,14.537828,19.851938,30.565044,31.438137,43.495094,18.53,7.409854,27.264803,13.879515,11.247648,35.93413,34.150436,12.546827,49.83754,16.42726,13.547246,17.01521,20.952742,31.887148,24.63215,26.096537,27.37894,22.13964,29.18353,40.5116,44.19374
21.113615,8.329888,43.408672,12.807816,14.1064005,24.964935,14.711209,14.537828,20.701183,28.94573,29.739672,44.80185,18.002453,7.976537,27.039663,13.31265,11.2494955,35.446133,35.053684,12.552203,49.34433,16.504988,15.242134,16.883589,20.493547,30.783289,25.823175,26.592888,28.53692,22.133327,29.197187,41.22774,45.161575
20.876427,8.592154,42.708134,12.809969,14.839761,24.985748,14.522506,14.537828,21.107452,29.142294,28.630066,44.677002,17.450846,9.270367,28.42145,12.520219,11.27375,35.563446,33.257275,12.533012,48.25453,16.834303,16.985626,16.797937,20.369684,30.059935,26.503965,25.977903,30.192543,22.126236,28.612465,41.184185,44.782864
20.9208,8.480725,41.5364,12.80858,15.168178,25.001347,14.371047,14.537828,21.059847,28.652973,28.328259,44.53753,17.63452,9.234139,28.767847,12.312297,11.29233,35.67131,32.319,12.526237,47.209923,16.95983,20.19228,16.680237,20.23087,29.539644,29.093626,24.620844,29.921947,22.123058,28.45909,40.848778,44.160484
20.58752,8.303849,42.407795,12.804193,14.84545,25.01244,14.258474,14.537828,20.078325,31.857279,30.226093,45.57263,19.420956,8.277494,29.15372,13.165612,11.296377,35.796173,36.434216,12.504333,49.098377,16.574286,20.77421,15.992007,18.250538,29.5198,28.401707,23.076881,30.562151,22.124228,28.381207,40.75501,43.43314
20.242214,8.158861,44.280174,12.80655,14.825059,25.007576,14.246368,14.537828,19.235233,36.238052,30.982883,45.582237,20.353344,7.656053,29.195396,13.6157465,11.2830305,35.784,38.933613,12.487992,51.04048,16.442875,19.834805,16.011679,16.63273,29.990479,27.207314,22.904085,30.776077,22.125572,27.78464,41.0143,42.793583
20.463345,8.272289,44.65369,12.8204565,13.024054,24.994701,14.349972,14.537828,18.999283,36.903587,33.42401,45.259464,20.190353,7.9157753,29.18321,13.542217,11.280393,36.059883,38.816944,12.484449,50.994377,16.338179,19.941591,16.582104,15.602745,31.336395,27.688992,22.657345,30.657574,22.12007,27.496832,41.56338,42.78442
20.521303,7.81459,45.128456,12.822023,15.251782,25.002132,14.474353,14.537828,19.246088,34.972008,34.433464,45.202324,19.512129,7.834956,29.060205,13.555305,11.280224,35.86553,37.61757,12.500474,50.366013,16.320784,21.11148,17.053389,15.691797,30.50726,27.192055,22.419174,30.603964,22.116743,27.720749,40.947124,42.860092
20.748627,8.297073,44.489502,12.827303,15.554798,25.002306,14.491372,14.537828,19.407715,32.71655,35.034695,46.66925,18.414804,8.670102,28.709906,13.321058,11.282809,35.953785,36.974392,12.497516,49.5433,16.301598,22.274445,16.816505,15.9058895,31.524725,25.535666,22.66486,30.508493,22.114517,28.361082,40.994297,43.097652
20.677876,8.85572,43.59464,12.827588,15.081261,24.996775,14.643641,14.537828,19.742392,31.615618,34.08125,48.837605,17.027195,9.0004,27.883093,13.259293,11.276244,36.313034,38.552097,12.489036,49.777523,16.17376,21.860607,16.081324,15.359997,31.855438,23.408363,23.71726,30.475443,22.115587,29.04715,41.297867,43.996204
20.642586,9.670448,42.219917,12.823403,15.587149,25.006886,14.650591,14.537828,20.333942,28.224144,34.8436,50.37904,16.076618,9.430317,27.875648,13.26363,11.293454,36.56603,37.33662,12.4949875,48.531597,16.042488,23.690065,15.458023,15.934426,31.455767,22.022871,23.288387,30.606916,22.116465,29.889206,40.653873,44.517704
20.627478,9.951456,42.209213,12.814856,14.706405,25.00544,14.669236,14.537828,20.693449,26.164778,37.251686,49.664196,15.396736,9.754082,28.824495,13.342566,11.322945,37.261578,35.496216,12.504245,47.556175,15.977463,21.556871,15.576674,16.754036,31.037153,20.718952,22.41113,31.142376,22.116224,29.826448,40.15504,44.48675
21.041714,9.497389,45.01001,12.82252,13.405305,24.987108,14.932266,14.537828,19.84692,27.683455,41.507267,49.0665,15.7036,9.686702,29.161066,13.869489,11.316092,37.463108,34.63738,12.484838,48.370667,15.717311,20.435385,16.584024,15.698862,33.809097,17.014088,21.9428,30.689625,22.11509,29.524427,40.27253,43.762787
21.48177,9.512267,44.992104,12.840161,12.859605,24.986359,14.987297,14.537828,19.615189,26.997473,42.881405,49.01836,16.155537,10.224361,28.970037,13.641639,11.307769,37.189804,34.58122,12.483859,47.802074,15.662439,22.570522,17.050276,15.42653,35.219,17.942942,21.695837,30.442543,22.110212,29.713013,40.734795,43.69477
21.386692,8.868008,45.97372,12.845528,14.583085,24.99528,14.764867,14.537828,19.355433,28.854235,40.874104,47.899918,17.623343,9.958861,29.112446,13.672745,11.293415,36.455166,37.955322,12.501403,48.97259,15.765963,21.011469,16.856565,15.960752,34.238747,19.924667,22.189455,31.020916,22.113304,29.604555,40.977108,43.547073
21.452833,8.29203,45.129982,12.843026,14.778197,24.994648,14.662165,14.537828,19.570482,28.955864,37.954575,47.3987,17.904675,9.400079,28.391884,13.607374,11.282966,36.032555,39.89109,12.522287,49.277283,15.827438,20.568762,16.738794,16.841543,33.567265,23.118477,23.452154,30.08155,22.118206,29.931973,41.346428,44.054543
21.79314,8.350933,42.272266,12.837978,14.987466,25.011236,14.560502,14.537828,19.856447,25.821283,36.103317,48.75175,16.856312,9.939081,27.281004,13.266825,11.292363,35.860012,39.783264,12.528899,47.34702,15.863841,26.193947,16.166124,17.813623,34.233475,26.045866,23.806967,28.170698,22.118052,31.221144,41.315514,44.181007
21.717768,8.465797,42.86584,12.838741,15.959482,25.009314,14.70056,14.537828,19.860151,25.886263,35.2005,49.043037,16.753082,9.806399,26.894814,13.269634,11.275766,35.7427,40.444847,12.53131,47.742786,15.866321,25.867804,16.120981,17.42089,34.146244,25.27378,24.488983,28.288456,22.11887,31.434532,41.456764,44.52294
21.948395,8.550801,41.78186,12.852194,15.710512,25.027308,14.529345,14.537828,19.559183,25.438921,34.318913,49.796734,16.065954,10.844103,26.899057,12.670956,11.292469,35.55785,39.45163,12.505193,46.1165,16.030237,32.16813,15.854036,17.101988,36.180023,27.969929,24.03898,27.175108,22.114292,31.7752,41.46537,43.74949
21.93496,8.390076,41.445576,12.854266,15.902263,25.032375,14.444056,14.537828,19.560513,25.898672,33.528954,49.65272,16.05027,10.956179,27.23013,12.352381,11.298596,35.32005,37.686646,12.487389,45.75533,16.192251,33.652946,16.171316,16.790493,36.216137,28.715014,23.675793,27.335085,22.111567,31.29868,41.347115,43.428513
21.827703,8.426808,41.701847,12.851403,16.299557,25.02633,14.438381,14.537828,19.697468,25.886688,32.89281,48.916145,16.371996,10.277994,26.941628,12.388173,11.289742,35.28378,37.58487,12.5001745,46.044136,16.248999,32.484848,16.595232,16.923714,35.218433,28.911434,24.021585,27.062588,22.114723,31.112005,41.30159,43.64877
22.165752,7.795699,46.423344,12.863844,16.411001,24.988008,14.776076,14.537828,19.26645,27.539143,38.75289,48.425423,17.226507,8.672257,26.259245,14.025259,11.252377,35.286587,40.690273,12.5283575,49.053154,15.589355,26.703678,17.92257,15.73301,36.193184,25.292126,24.646265,27.396845,22.119057,31.293966,41.21713,44.73895
22.33208,7.5577817,46.33846,12.852787,17.71387,24.986366,14.85933,14.537828,19.861704,24.806662,39.403603,49.034237,16.665686,7.835565,24.882936,14.612296,11.230802,34.966404,42.31615,12.559192,49.178093,15.312153,27.191675,18.509605,15.607273,34.894104,25.490486,25.383842,27.279093,22.11908,32.42156,41.09908,46.124714
22.089993,7.226227,45.22068,12.825626,18.695162,25.001835,14.713099,14.537828,20.202047,24.00143,37.265007,48.010696,17.000471,7.5870204,24.905756,14.529765,11.23468,34.38892,42.579243,12.5716505,48.81739,15.439667,27.679777,18.29224,16.701698,33.02857,27.492252,25.211123,27.438097,22.12016,32.708473,40.98913,45.950157
21.972878,6.9587426,43.56881,12.800458,18.03622,25.001356,14.6455965,14.537828,20.77562,23.006622,36.786354,47.57335,16.754427,6.9936237,24.463095,14.807739,11.231462,34.196484,42.304882,12.58429,48.855503,15.327984,26.751253,18.428022,17.455269,31.078016,27.683134,25.289381,27.52984,22.120605,32.923767,40.900436,46.378906
21.5762,7.004764,42.602165,12.778069,17.888735,25.009739,14.522769,14.537828,20.668766,22.758986,34.55069,47.4891,16.91645,6.1963997,24.096369,15.1705885,11.233134,34.234646,45.416824,12.596815,49.264057,15.29286,25.956,17.520622,17.472044,29.396055,28.352713,25.140898,27.048664,22.126862,33.154865,40.997913,46.127464
21.400574,6.6843567,42.015385,12.775122,16.991037,25.01405,14.378096,14.537828,20.615273,23.678383,32.82087,46.79693,17.593182,5.842247,24.49294,15.053093,11.248195,34.30532,45.721905,12.595073,49.368362,15.440226,24.925425,17.10539,18.037535,28.58081,30.539839,24.985165,26.699274,22.130245,32.691715,40.850437,45.73034
21.532612,6.5061026,41.48894,12.781706,16.336485,25.008707,14.420585,14.537828,20.584831,24.3046,32.39823,46.939896,17.665833,6.104561,24.838251,14.83946,11.253995,34.355507,44.241623,12.585949,49.285294,15.533428,23.813246,17.085022,18.34645,28.952032,30.520512,25.140215,26.966719,22.128284,32.201447,40.955944,45.65671
21.081808,6.667297,43.689,12.784667,18.019758,24.999105,14.627035,14.537828,20.410137,24.590343,32.315002,44.959435,17.796011,6.0673766,25.596817,14.387766,11.255137,35.470352,41.732224,12.59612,48.853783,15.884384,21.506039,17.191795,19.146809,28.957302,30.225452,24.899864,26.063421,22.131779,31.782413,40.395638,44.900444
20.72753,8.429411,43.288303,12.798383,20.110489,25.018085,14.42764,14.537828,20.867474,25.024311,29.874506,45.87464,17.572105,6.755667,26.570812,13.174147,11.267417,35.572662,38.66414,12.564488,47.9143,16.401316,23.480972,16.698465,18.578566,28.247877,28.761066,24.842733,27.523163,22.13349,31.028023,39.840984,44.83155
20.636621,8.752899,45.106045,12.822504,20.935719,25.00865,14.729469,14.537828,20.797743,26.771193,27.568914,44.559597,17.989292,6.6655483,26.827318,12.5372,11.239977,35.20574,37.81511,12.552647,48.546345,16.671534,21.471498,17.408476,17.57005,28.489609,28.665178,26.00656,28.54413,22.133255,30.185154,40.306732,45.24625
20.579441,9.250904,45.83056,12.836234,20.536312,24.991411,14.681906,14.537828,21.271915,27.634298,27.149286,43.934128,17.732494,6.465131,26.911098,12.325306,11.227323,35.098526,35.659264,12.551809,48.677227,16.771114,18.71568,18.077236,17.608015,28.220652,27.750376,27.471052,29.34259,22.13385,29.63184,40.144012,45.977543
20.460936,10.503721,45.365925,12.836732,19.779266,24.987846,14.522939,14.537828,21.253384,27.948967,28.022766,45.841537,17.860813,6.507588,26.567509,12.549732,11.229198,35.355175,36.353134,12.541274,48.97469,16.603642,19.134562,17.549168,16.933428,28.413864,26.010616,27.371572,29.520594,22.13581,29.94101,40.05309,46.07871
20.699951,10.787534,46.258377,12.832237,15.546845,24.959934,14.998971,14.537828,20.795376,30.149805,28.546108,45.67407,19.31328,6.282383,26.52453,13.096929,11.196585,35.170944,36.553383,12.50134,50.969234,16.16548,17.3971,17.424082,16.252218,31.365154,22.253395,27.990313,29.181162,22.142988,29.855639,40.85881,46.646538
21.115175,10.609352,45.38058,12.83228,13.362394,24.947361,15.08989,14.537828,20.650341,29.153198,28.75676,44.970062,19.500109,6.7258673,26.373703,13.081265,11.190024,34.948853,35.45863,12.5083065,50.44577,16.143618,17.609646,17.643036,17.123579,32.913223,23.873838,27.98949,28.639648,22.139904,29.83025,41.639797,46.971745
20.40418,11.82142,44.660564,12.821649,12.29077,24.937962,15.543163,14.537828,21.001276,26.748716,24.909046,43.548843,17.125244,7.792286,26.411043,12.658397,11.202306,37.193565,33.242886,12.530407,48.90253,16.525858,15.490042,16.153963,20.643599,32.83614,24.53075,29.045845,25.42333,22.153416,30.690788,40.807175,47.102882
20.372856,11.337941,43.14184,12.825551,13.128071,24.963203,15.854435,14.537828,20.896902,27.378235,22.432922,42.439976,16.743687,8.960141,27.16134,11.697678,11.215208,36.991566,31.81185,12.515035,47.500214,16.940104,19.200266,15.730843,20.946959,32.83666,27.593908,28.139435,25.455605,22.147638,30.384256,41.206547,46.04257
20.508415,10.7400675,41.244743,12.821157,13.726809,24.98632,15.602334,14.537828,20.718485,26.381948,22.185093,43.305096,16.867645,9.320087,26.908844,11.89859,11.24651,37.11473,33.50682,12.534194,46.343113,16.969229,20.338425,14.562285,22.75603,31.850351,28.810316,27.369251,25.226923,22.15142,31.319025,40.668095,45.189777
20.87844,9.958967,39.89536,12.815404,13.850507,25.00042,15.31972,14.537828,20.613922,25.349785,24.743584,45.166256,17.36774,9.311178,26.60353,12.455479,11.262931,36.52703,35.75061,12.5471325,46.235657,16.630898,22.273903,14.488218,22.128183,31.327126,28.533041,26.273943,25.958294,22.144566,31.49784,40.900978,44.789886
20.964975,9.513471,39.531868,12.811339,14.395641,24.99303,15.235455,14.537828,21.046408,24.498848,24.902515,45.703423,15.6813,9.161063,25.818596,12.824084,11.266426,36.423065,34.9524,12.565928,46.023247,16.598701,20.441278,14.700759,23.491074,30.475506,26.695353,27.422653,25.544783,22.147137,31.812138,40.275795,45.175587
20.920567,8.905132,40.96691,12.813561,14.933961,24.99528,14.857641,14.537828,20.579338,27.241692,25.697857,46.450363,16.076313,9.3759365,26.594593,12.60446,11.278403,36.164356,34.17102,12.524407,46.751625,16.69799,22.206629,14.974831,22.187551,32.249016,25.682482,26.96071,25.581308,22.143023,30.914946,40.214462,44.247932
21.262014,8.260218,42.774464,12.814283,14.82149,24.993515,14.607258,14.537828,19.936258,28.93754,30.708334,46.97532,17.451664,8.847226,27.397083,13.24993,11.282809,35.886196,34.921474,12.503878,48.126778,16.371828,22.549942,16.01249,19.98347,33.358288,24.122456,25.147083,26.921385,22.134977,30.065962,40.36305,43.711876
20.763435,8.442897,44.18856,12.807958,17.777325,25.01423,14.482535,14.537828,19.765099,30.216187,32.43948,47.316193,18.360722,8.911624,28.696503,13.363363,11.289324,35.711815,34.731503,12.493296,48.746758,16.417864,23.18953,16.057016,18.411459,31.65767,22.281284,23.176735,29.41856,22.127079,29.311283,39.87294,42.989517
20.575811,8.579091,44.78193,12.807827,18.414719,25.01277,14.493412,14.537828,19.630447,30.878048,33.662075,48.244766,18.029518,8.567656,28.724676,13.590964,11.289134,35.82854,34.84528,12.48251,49.32041,16.301378,23.502954,16.104258,17.026222,31.685345,21.111359,22.653627,29.797453,22.124893,29.13717,39.68957,43.00526
20.814274,8.163283,42.828117,12.796115,19.635822,25.025175,14.28804,14.537828,20.684528,27.47893,33.501854,48.28547,17.414637,8.661639,28.555256,13.738192,11.304425,34.949947,34.25147,12.525102,48.373753,16.31795,21.630209,16.237005,19.06385,28.86791,23.007969,22.983576,31.47974,22.120897,29.603207,39.285435,43.91147
21.025948,8.118565,42.17533,12.790718,18.83188,25.011972,14.42721,14.537828,21.045715,25.847347,32.19753,48.08488,16.988161,8.40408,27.974552,13.80129,11.296521,34.970314,32.040447,12.531445,47.798306,16.322006,20.943863,16.516047,20.205053,29.12886,22.296255,23.92949,30.443,22.125704,29.830645,39.18203,44.413944
21.858286,7.9601636,42.919483,12.807844,17.219511,24.986282,14.700399,14.537828,21.26613,25.036367,35.335876,48.623356,15.569918,8.889385,26.917507,13.82293,11.282966,34.821648,31.392035,12.535939,48.098137,16.064306,20.133045,17.585672,20.02911,31.59013,19.87147,25.171204,29.47073,22.124166,30.00238,39.74842,45.241707
22.049805,8.0217285,40.75461,12.813542,17.21439,24.985529,14.763355,14.537828,21.844313,23.574997,33.70857,50.71426,13.824689,9.964126,25.593239,13.507725,11.288899,34.523693,31.30373,12.544977,47.251842,16.106874,21.526073,17.369612,20.63234,32.011795,19.379364,27.085667,29.029818,22.120903,30.705454,40.148853,46.040657
21.730598,8.552662,40.45818,12.81866,17.79673,24.982353,14.836332,14.537828,22.704659,23.346323,30.490107,50.99184,15.2189455,10.269998,25.216145,12.980011,11.284309,34.563763,30.631052,12.548581,47.206528,16.387083,20.529123,17.194681,21.179111,31.125917,19.397902,29.531536,29.303762,22.125437,31.098322,40.092175,47.07737
21.927147,8.681375,41.115295,12.832137,17.397776,24.978025,14.874042,14.537828,22.7169,23.592031,30.632881,50.840435,17.15544,10.606687,25.165148,12.553121,11.274761,34.50109,29.979944,12.536671,47.23361,16.434734,22.383068,17.528399,20.530014,32.71372,20.18657,30.02913,28.57158,22.125315,30.912619,40.424397,47.378925
21.62829,9.247214,41.36145,12.835998,17.801994,24.977753,14.826384,14.537828,22.441917,23.9578,29.961823,51.02976,16.448044,10.51734,24.94037,12.517792,11.26926,34.706894,31.219275,12.539335,47.33629,16.400927,22.2985,17.018753,20.851425,33.00654,19.946575,30.011122,27.826426,22.130283,31.27733,40.32324,47.09935
21.450747,9.1460705,41.565758,12.82896,17.867119,24.976175,14.844404,14.537828,21.955376,24.235292,29.800085,50.993713,15.25504,9.6692095,24.708574,13.009494,11.273868,35.137814,31.808704,12.5412,47.63469,16.32165,21.23199,16.603218,21.226585,32.770794,19.751892,29.396605,26.79906,22.135822,31.409569,39.764687,46.542927
20.717922,10.255302,40.973892,12.825745,18.569511,24.99572,14.518528,14.537828,21.676357,25.214092,27.694607,51.201157,15.229044,9.987072,25.606781,12.484726,11.288615,35.576065,30.764578,12.514953,46.710213,16.594193,24.192774,15.473397,21.169088,32.59385,21.555134,27.93444,26.748629,22.138702,31.229801,39.266624,45.634388
20.951553,10.144232,40.620014,12.829833,17.035297,25.000412,14.442711,14.537828,21.041843,26.253798,27.63666,50.104984,15.285282,9.877731,26.207806,12.026179,11.308124,36.03874,30.86064,12.489257,46.056034,16.739851,26.792118,15.429183,20.467005,34.255676,25.992727,26.719505,25.417511,22.137587,30.914267,39.47652,44.7139
20.728615,9.99555,41.698486,12.824996,15.818226,25.0009,14.312796,14.537828,20.298302,28.94763,26.483969,48.53099,16.51129,9.054456,27.096752,11.970206,11.307843,36.300587,32.693935,12.4556055,46.821693,16.759129,26.945204,15.18075,19.24031,35.02186,27.35804,25.758442,25.05644,22.142412,30.516169,39.700268,43.75054
20.964966,9.241465,43.981255,12.83601,16.556759,24.998632,14.392066,14.537828,19.550604,31.047468,29.079914,46.99562,17.007448,8.790133,28.043262,11.945803,11.3088,35.98849,32.88485,12.436967,47.518612,16.734318,26.547375,16.255114,17.580221,36.523544,27.864374,24.719088,25.658682,22.137089,29.807264,39.8778,42.6992
21.105875,8.687613,43.41413,12.831279,15.994138,24.998442,14.381029,14.537828,19.443348,29.910648,28.65148,46.18045,17.3991,9.30193,27.914892,12.063607,11.301062,35.42182,33.491444,12.464741,47.30803,16.777733,24.95227,16.14945,19.560225,36.272133,28.58569,25.135303,26.036457,22.135395,30.057825,40.403675,42.8845
20.988981,8.597016,43.245987,12.828081,15.4814825,24.996803,14.367306,14.537828,19.469584,29.894686,28.014448,45.634823,17.220552,9.442005,28.26539,12.020669,11.305809,35.898468,33.639774,12.4678955,47.100063,16.837357,23.641804,15.950172,20.040434,35.952183,28.74491,25.31086,26.038086,22.13652,30.14571,40.435284,42.777046
20.61536,9.739973,44.344486,12.816759,14.2321615,24.98081,14.661949,14.537828,19.375622,31.789545,27.6883,45.835796,18.591137,8.332952,28.21431,12.605358,11.2827015,36.40912,32.675014,12.437939,48.625156,16.650993,22.108093,15.580042,19.212685,35.857582,24.348848,25.023722,25.838943,22.148048,29.870275,39.88025,43.051495
20.902838,10.836621,43.831104,12.837215,13.103163,24.972815,14.682744,14.537828,19.38202,29.618647,28.684708,46.5488,17.482843,10.148421,27.802511,12.231742,11.284343,36.265987,31.860712,12.444992,47.58736,16.655983,22.17362,15.211876,21.055346,38.29826,23.975048,25.80563,25.76779,22.147755,30.789694,40.152687,43.72164
20.411678,10.765804,45.060307,12.842048,13.723973,24.97114,14.762734,14.537828,19.448265,30.118233,25.635063,46.223804,16.61884,9.521503,27.115654,12.380377,11.2808485,36.700687,34.309475,12.448883,48.104984,16.664576,21.027632,14.436076,21.759119,37.782654,24.58236,27.565662,24.224285,22.159906,31.797125,39.380684,44.12692
20.790178,11.01816,45.917294,12.847339,14.076764,24.965021,15.046306,14.537828,19.417633,28.450262,27.236872,46.509846,16.65334,9.0229435,26.572882,12.766822,11.258705,36.621338,34.048595,12.459372,48.159225,16.43514,22.191872,15.135099,20.91034,38.01034,22.817984,27.607649,23.906132,22.159304,32.15435,39.371876,44.81936
21.237617,10.62125,46.99005,12.848439,13.925678,24.962814,15.136827,14.537828,18.945322,28.594883,29.881756,46.560635,18.416813,8.761661,26.508427,13.116935,11.231591,35.93668,36.320633,12.462819,48.945293,16.11402,24.294243,16.053133,18.639463,38.959595,22.065441,26.518726,24.44416,22.151497,31.836494,40.59493,44.738533
20.765322,9.620276,47.72353,12.830978,13.563279,24.971466,14.922816,14.537828,18.622559,30.2647,27.297943,44.870106,19.562435,7.237542,26.27571,13.544371,11.233742,36.091663,43.206646,12.484654,50.191505,16.01294,23.19606,15.382883,18.067127,37.083862,25.096193,26.444462,23.258993,22.161448,31.947699,41.09142,44.14259
20.135778,8.969216,48.044342,12.822111,13.717907,24.97875,14.683345,14.537828,18.35292,31.821455,25.150652,44.38813,20.078817,6.266564,25.915731,13.791254,11.23738,36.421436,49.722195,12.508629,51.474327,16.010006,21.305788,14.519388,17.019356,35.040756,28.442743,26.26231,22.768702,22.16426,31.806597,41.734222,43.620407
19.742119,8.379225,48.658455,12.825077,14.56349,24.9721,14.591979,14.537828,18.474112,33.456997,24.38832,44.731457,19.921682,5.4627376,25.465605,13.862454,11.230932,36.593163,52.140064,12.515795,52.66887,16.005386,18.436447,14.55627,16.037956,33.860104,28.996601,27.071924,22.809727,22.163425,31.40973,41.813766,43.836395
19.697351,8.048354,47.99153,12.824008,14.022546,24.963985,14.629923,14.537828,18.663383,33.519375,24.198538,44.901917,20.018362,4.873197,25.103172,13.902939,11.226677,36.820553,53.099987,12.524885,53.24387,15.987197,15.9392395,14.619482,15.712974,32.97131,29.77459,27.630093,22.897648,22.161945,31.230764,42.016136,44.412693
20.11044,7.5517464,46.487366,12.826279,15.922539,24.979252,14.636289,14.537828,19.299126,32.496933,24.585426,44.998833,19.228647,6.200522,25.980848,13.24283,11.23417,35.814663,48.50725,12.5326185,51.985256,16.231457,16.248219,15.242467,17.247467,32.19955,29.485775,27.987064,25.161732,22.150158,30.870111,41.952038,44.6375
20.222404,7.729177,45.77132,12.830384,16.672771,24.986412,14.679548,14.537828,20.075987,31.344316,24.673277,45.52893,19.091238,6.6376348,26.326563,12.895319,11.236093,35.684647,46.266678,12.529993,51.42713,16.326328,16.944067,15.615919,17.143238,31.347168,29.259388,28.468073,26.577599,22.144217,30.863249,41.737503,45.42926
20.620293,9.104957,44.415848,12.844305,16.483477,25.005516,14.729949,14.537828,20.191874,29.881227,25.587534,47.35627,18.944687,7.805084,26.216946,12.57356,11.231272,35.19006,44.21838,12.501404,50.16463,16.238096,23.9418,15.8956,15.812907,32.165264,28.82323,27.326874,27.831297,22.135874,31.31939,41.987175,45.635056
20.696898,9.336299,44.78332,12.848904,15.891999,25.000095,14.673394,14.537828,20.020163,31.649704,26.974304,47.61087,19.162075,7.758285,26.29408,12.718592,11.226734,35.285435,42.594543,12.479806,50.53756,16.210152,24.800898,16.515205,15.041196,32.45508,26.949083,26.787495,28.288136,22.134882,30.666666,41.835205,45.412083
21.0169,8.819195,44.19627,12.848457,15.230661,25.003784,14.362783,14.537828,19.888174,32.956863,29.46911,46.664913,19.582525,7.8106103,27.31204,12.922972,11.247509,34.96497,40.90612,12.487279,50.342045,16.266657,23.751633,17.031857,15.609263,31.848501,28.351686,25.354027,29.840506,22.127888,29.531328,41.71441,44.857502
21.156582,8.411805,42.377274,12.811064,14.81879,25.004015,14.408002,14.537828,20.231848,29.867756,29.372879,46.31102,19.716078,7.09909,27.041288,13.397404,11.257854,35.00276,38.460903,12.507892,49.318428,16.233675,24.024948,16.66555,17.56917,30.912107,28.915771,24.800306,28.611729,22.131811,29.976994,41.03787,44.89925
21.403486,7.919328,42.29443,12.801578,15.10922,24.997692,14.4739275,14.537828,20.469522,28.449368,32.013416,45.49324,19.887108,7.50767,27.17471,13.932824,11.255804,34.53953,35.869083,12.544248,48.805454,16.196037,21.029,17.186691,19.693218,29.864775,28.318428,24.71501,30.043985,22.124552,29.975206,40.71194,44.985535
21.160353,7.6349773,43.748856,12.800971,16.17188,24.992207,14.457657,14.537828,20.428354,30.15678,33.121674,43.81789,20.497375,7.519655,27.90997,13.959534,11.250026,34.222794,33.793743,12.562471,49.057076,16.380915,18.33582,17.7995,20.062819,28.726622,28.435188,24.35622,31.24499,22.118824,28.978178,40.604465,44.482307
21.00576,7.468555,44.836243,12.801165,17.90514,24.992842,14.435489,14.537828,20.50647,31.289814,31.234238,43.373734,19.664751,7.610948,28.466858,13.53407,11.252032,34.109173,33.05207,12.553979,49.45217,16.685223,15.967969,17.895575,20.079798,28.423866,27.08755,25.066217,31.838415,22.121119,28.201004,40.529648,44.29718
20.788038,7.6450577,44.670288,12.797731,18.655481,25.002298,14.353248,14.537828,20.955692,31.113005,29.6522,42.382877,19.095327,8.623376,29.683147,12.888212,11.268243,33.81549,31.40917,12.554513,48.84819,17.048765,13.574516,17.97344,20.785452,27.461617,27.881351,25.22639,34.09936,22.116459,27.534483,40.74573,44.332504
20.760902,7.697683,45.089794,12.796106,19.739233,25.00147,14.422818,14.537828,21.207367,30.130592,29.658691,42.554287,19.140738,8.364232,29.61708,12.8393,11.265042,33.442097,31.219065,12.553921,49.048145,17.02217,12.549913,18.120897,20.468893,27.339079,27.648188,25.58775,34.751938,22.116484,27.84403,40.646008,44.77163
21.065891,7.6699758,44.177578,12.792472,19.370987,24.998781,14.53303,14.537828,21.37818,28.832565,30.481394,44.48028,19.305452,7.940682,28.79021,13.320869,11.262583,33.300213,33.03986,12.5510435,49.582886,16.692278,12.677415,17.87279,19.976238,27.336828,26.455473,25.885479,34.9509,22.117565,28.765772,40.663803,45.51706
20.688227,8.267396,44.605915,12.796559,20.828588,25.005856,14.444906,14.537828,21.092274,29.053009,30.259838,44.700474,19.15207,7.790561,28.733757,13.135872,11.258753,33.84476,32.799507,12.5469265,49.25353,16.807142,15.122692,17.526247,19.369896,27.165575,25.979733,25.09722,33.928436,22.11907,28.73545,40.178978,44.77437
20.462904,8.525769,45.679943,12.793283,20.009354,24.999844,14.438295,14.537828,20.369717,31.312439,31.7096,44.50436,19.779114,7.6527705,29.066217,13.4958315,11.255454,34.17621,32.038876,12.536129,49.82829,16.803411,14.954586,17.361032,18.915598,27.927858,24.505451,24.21361,33.536556,22.118973,28.061548,40.086945,43.849052
20.990185,9.181728,44.9902,12.806196,19.213068,24.998724,14.608246,14.537828,20.268572,29.173876,33.95453,45.557972,20.498695,7.8693123,28.400887,13.4181185,11.239315,34.020473,31.827343,12.521278,49.12908,16.50736,19.689245,17.848679,17.498281,29.597618,23.510515,23.411726,33.17486,22.113712,28.84991,40.418148,44.34101
21.115719,10.475121,48.42046,12.841384,17.411768,24.976704,14.993009,14.537828,19.284826,29.872875,37.036724,45.857616,20.380407,8.308087,28.493082,13.51569,11.229456,35.630005,32.921547,12.492045,49.597702,16.207253,20.781654,17.824741,15.974743,34.10927,19.834814,23.28922,30.229727,22.124474,29.52197,40.29025,43.935387
21.442434,10.727725,47.752968,12.849539,14.772877,24.963324,15.26073,14.537828,19.4287,28.350502,37.111282,46.82222,18.953876,8.5136795,27.890385,13.575776,11.229577,36.51346,33.6783,12.485066,49.29519,15.8705225,21.654799,17.742905,15.960791,36.150528,19.191967,24.422314,28.268564,22.13025,30.311394,40.639412,44.7726
21.430286,11.01595,47.52205,12.847635,14.04807,24.956612,15.397143,14.537828,19.182474,28.579115,35.567795,47.92941,18.803604,8.261014,27.074602,13.823147,11.22438,36.581142,34.43632,12.469289,49.660263,15.724511,23.114792,17.180428,15.951985,37.63273,17.852373,24.91923,26.45391,22.139475,30.853518,40.559498,44.775192
21.304935,10.055027,47.88549,12.834624,14.222058,24.958426,15.151768,14.537828,18.942516,29.36116,34.418922,48.428238,18.7394,7.242541,26.130192,14.588354,11.227282,36.4145,39.78102,12.485454,50.916313,15.471016,22.562756,16.321896,16.228136,37.172783,17.78429,25.454874,25.137995,22.149828,31.423286,40.49133,44.644714
20.871311,9.212157,49.29823,12.831,14.770633,24.959335,15.065198,14.537828,18.668165,31.523872,33.273445,48.08681,19.153841,6.434902,25.727962,14.951423,11.213321,36.433273,46.843494,12.503698,52.89124,15.305071,20.224394,15.7193575,15.006229,36.03547,19.028475,26.046337,25.127516,22.153004,31.49737,41.23511,44.7002
20.666405,8.767574,47.067867,12.815275,16.648815,24.978767,14.834225,14.537828,19.213787,29.722952,30.915722,48.211803,18.26268,6.5354257,25.537798,14.488602,11.23108,36.173626,46.724644,12.527857,51.812954,15.617425,19.499363,15.062326,16.749073,33.713654,21.232807,26.48068,25.369677,22.152027,31.857985,40.919556,44.643055
20.835127,8.005326,46.63512,12.810194,18.023756,24.976809,14.818887,14.537828,19.90319,28.103022,30.888842,47.72794,17.62461,6.1424427,25.581642,14.372728,11.238158,35.98555,45.873817,12.553861,51.552456,15.710572,16.234173,15.638612,17.712044,32.189564,22.16566,27.365255,25.967558,22.149578,31.903442,40.622337,45.38328
20.737156,7.645352,47.654236,12.796908,20.121168,24.979685,14.871794,14.537828,19.884398,27.682295,30.907019,47.401993,17.446457,5.2710366,25.487038,14.716954,11.237132,35.99488,44.825138,12.55665,51.681343,15.78274,15.961078,15.9798155,17.546227,31.21403,21.485968,27.157574,25.856781,22.150917,31.886463,39.85432,45.14056
20.297863,8.779109,47.130405,12.788576,19.931671,24.988474,14.825583,14.537828,20.044071,27.443962,28.449335,47.101524,18.005892,5.3055053,25.90365,14.321775,11.240749,36.132893,42.193157,12.535136,50.91977,15.982435,17.752827,15.417052,18.218931,30.891424,20.885101,26.74228,25.54077,22.159164,31.885252,39.29609,44.839684
20.32396,9.798252,46.534664,12.7935505,19.557665,25.000454,14.715595,14.537828,19.727419,26.29941,27.402172,47.022926,18.242125,6.3185334,25.861408,13.879815,11.247041,35.91468,39.99276,12.516904,49.05598,16.124134,23.504728,15.356342,18.643986,32.55582,21.619467,25.69023,24.42143,22.16104,32.305748,39.251137,44.219273
20.360165,10.042922,45.471397,12.802898,19.076483,25.008768,14.653379,14.537828,19.705198,26.829447,27.855223,47.345566,18.44114,7.514137,26.888525,13.38791,11.262936,36.12458,37.294907,12.496869,48.23297,16.309538,25.018175,15.224595,18.77667,33.09792,22.398369,24.852816,25.479122,22.152628,31.807146,39.28041,43.794247
19.98422,10.923068,44.708473,12.809906,17.794928,25.007093,14.696827,14.537828,19.83702,28.086475,26.295403,47.41148,18.356627,8.370008,27.677467,12.789511,11.271527,36.74649,34.755253,12.467694,47.76885,16.494625,25.290792,14.698501,19.071325,33.73619,22.611279,24.825308,25.65387,22.152714,31.489738,39.21905,43.676785
20.102654,10.710065,43.210625,12.8151045,16.784628,24.99978,14.6325445,14.537828,20.347933,27.45832,25.218582,47.84073,17.140652,8.8853245,27.04613,12.671297,11.27366,36.55351,33.64649,12.483438,47.247475,16.573193,23.493755,14.454516,20.947294,33.441547,22.838612,26.38832,25.647427,22.153498,31.638721,39.178482,44.367268
20.401377,10.128223,42.35031,12.829232,14.54736,24.977793,14.719804,14.537828,20.374617,27.53904,24.422987,47.25408,15.726995,9.724658,26.476393,13.029285,11.277321,36.126743,30.78133,12.507906,47.147625,16.852179,17.050707,14.444514,24.729528,33.16233,22.519938,28.14611,26.647049,22.15445,31.11289,38.883057,44.80349
21.012817,9.299398,41.710987,12.824934,14.335068,24.96705,14.784275,14.537828,20.657824,26.150314,25.387266,47.13408,14.637019,9.682626,25.777088,13.28937,11.275202,35.349216,29.778986,12.534498,47.13653,16.837158,14.798281,15.316066,25.505535,32.60975,22.376953,28.736694,27.029037,22.14867,30.671343,39.18863,45.174725
21.030695,9.038371,41.843338,12.803056,14.61739,24.976608,14.678662,14.537828,20.610376,27.999783,27.478313,47.177837,16.43212,9.586403,27.134272,13.120712,11.2753315,35.141373,29.141468,12.507965,47.657352,16.776903,17.96131,15.91833,22.696665,32.725636,22.329086,26.573383,28.4163,22.13636,29.295172,40.072308,44.530586
21.269724,8.442806,43.78161,12.802867,15.650395,24.974705,14.766422,14.537828,20.444517,28.801615,29.91961,46.598545,16.018269,10.226753,27.78309,12.502266,11.268387,34.710915,28.222502,12.485169,48.07611,16.811464,19.17369,17.152224,20.68222,34.766876,21.191483,26.473906,28.683153,22.125704,28.59201,40.782738,44.308926
21.185957,8.311255,45.15388,12.813034,15.329582,24.974785,14.837121,14.537828,20.068756,30.230644,30.722631,45.53705,16.333796,10.599635,28.525269,12.069352,11.254617,34.629665,29.176085,12.468959,48.438114,16.82698,19.963097,17.759657,18.91531,35.882507,21.78883,26.45165,29.367138,22.117638,28.211508,41.685013,44.04304
20.524342,8.657014,49.113453,12.796829,16.164608,24.968767,14.74315,14.537828,19.313395,33.22253,34.483364,42.73545,17.54108,9.293087,30.224545,12.495133,11.25382,34.99745,27.576885,12.4656105,49.794975,17.006302,14.92997,18.822468,17.108694,34.826263,21.240507,24.677914,31.22708,22.113213,26.64826,41.254288,42.873493
19.591894,9.367919,51.25475,12.796212,17.099459,24.968264,14.577605,14.610521,18.9291,40.757458,35.824993,40.08099,17.981152,7.882222,30.254402,12.7753105,11.253605,34.072083,25.191635,12.484688,50.80387,17.2715,12.635776,19.008804,15.674274,32.78516,27.620321,24.390398,31.641945,22.11218,25.113573,40.216507,41.405426
18.590153,10.602946,53.2442,12.805904,18.584423,24.966393,14.76357,14.674541,19.309334,47.63837,35.76972,38.432854,17.77086,6.789372,28.618752,13.12896,11.226442,32.19205,22.365091,12.53276,51.79445,17.360518,10.704008,18.426281,14.555329,30.029282,35.206657,26.10443,31.702435,22.114191,24.384192,38.70056,40.98295
17.627386,11.993631,54.49386,12.805365,18.697622,24.961407,15.008432,14.751882,19.574997,52.273613,35.22877,38.554264,18.583061,6.447374,26.853739,13.80584,11.181883,30.72068,19.672037,12.578301,52.66868,17.335905,10.129642,17.359674,14.130569,27.748058,39.998447,27.48837,32.277313,22.112715,24.342648,37.96925,41.433933
17.530066,11.871775,55.458897,12.823582,18.105495,24.957829,15.333175,14.743672,20.025805,54.954063,35.07492,37.71008,18.529121,5.9621496,26.229097,13.922876,11.174491,30.896566,19.84284,12.582086,53.067158,17.1102,10.163473,17.79571,13.052653,27.292747,41.755337,29.138323,31.343014,22.117622,24.318655,37.302032,41.70632
17.668993,11.847884,54.22175,12.820862,19.4507,24.964485,15.547036,14.778005,20.199533,55.48729,32.392693,37.672256,18.445505,4.898462,25.674086,13.617468,11.187977,30.626959,19.526688,12.56605,53.140247,17.239464,9.201412,17.60093,12.754261,26.683062,42.555664,29.53643,30.410473,22.129133,23.776648,36.439922,41.21139
17.175335,12.713331,55.393795,12.846874,20.848854,24.97006,15.524593,14.784962,20.279652,56.94957,31.062628,37.195435,19.897882,4.9092946,24.473206,13.748031,11.174999,29.751408,19.021,12.60862,52.79412,17.326735,9.25588,16.998348,12.862828,25.178669,45.89691,30.996996,30.119717,22.135025,23.83381,35.580833,41.354595
15.983522,14.080743,56.522476,12.87218,20.978455,24.980576,15.3939495,14.815956,19.50596,68.572685,29.05048,35.16477,20.778074,5.541386,23.784521,13.669974,11.165314,30.042562,21.017332,12.645352,52.222145,17.556664,7.703127,16.846968,10.637057,23.283737,46.643913,33.385242,30.067844,22.137554,21.417088,35.639446,38.947487
15.610695,13.794561,56.64945,12.890451,21.03575,24.990746,15.283141,14.795449,19.896063,67.44377,29.128935,34.556183,22.986618,5.688669,22.856125,13.558309,11.161444,29.724928,19.385763,12.682062,51.329586,17.446474,6.264734,16.838778,10.795974,22.421959,49.373314,35.1557,29.415543,22.140888,21.156948,34.91487,39.47078
15.613231,13.699652,57.354424,12.89412,20.121767,24.991842,15.308317,14.759723,20.7151,64.13042,31.468584,34.715107,23.483055,5.8363423,22.726387,13.786991,11.16405,29.208181,17.703487,12.695976,51.110413,17.055897,6.5512834,16.852852,10.74124,21.88791,52.027767,35.113087,29.517567,22.140028,22.281992,34.080284,40.7333
15.072335,14.04346,57.019394,12.873165,19.138794,24.997086,15.36001,14.765413,20.610235,68.67195,30.921629,33.81029,21.819012,5.621208,23.705614,13.649831,11.174337,30.432123,18.516392,12.678028,50.81171,17.097507,4.6769037,17.198454,8.909236,20.825378,50.237423,35.643215,29.837706,22.137154,21.270277,34.115105,39.633087
15.043306,13.817726,56.869347,12.8666525,18.946175,24.997873,15.332217,14.765097,20.537054,70.14098,30.513046,33.118362,21.764359,5.2598987,23.977468,13.445866,11.188827,30.96556,19.036655,12.663163,50.66499,17.109818,4.2965217,17.645193,8.051297,20.898214,49.61886,35.805378,29.298286,22.137852,20.570166,34.068626,38.959454
14.993321,13.593274,57.15208,12.876196,19.289314,24.999203,15.303245,14.752206,20.535595,70.223885,30.054914,32.56835,23.08164,5.080963,23.745342,13.387156,11.1935,31.110191,19.077827,12.668107,50.259842,17.087143,4.6857324,17.92797,7.7661867,20.854992,50.20849,36.428665,28.624168,22.139952,20.421106,33.799538,38.894577
15.001663,13.907587,57.753754,12.900648,19.240545,24.995983,15.238568,14.733724,20.818287,70.96365,31.347065,32.26373,23.698658,5.2922807,23.103437,13.538937,11.193418,30.41225,18.736065,12.688391,49.52075,16.876572,6.6292644,18.149223,7.4951468,20.656338,54.11844,36.068283,28.603195,22.13917,20.98313,33.3746,38.992107
15.16885,13.546242,58.636505,12.929059,19.056158,24.988245,15.406467,14.715226,21.055902,69.443245,30.865831,32.134277,24.229277,5.158383,22.555351,13.846969,11.183292,30.014551,19.527742,12.6968355,49.69846,16.742083,8.116561,18.479292,8.094026,20.78588,56.354626,36.235943,28.345976,22.143196,21.822617,33.220085,39.983707
15.405504,13.145488,58.71668,12.954061,19.2161,24.982824,15.392755,14.696603,21.544222,68.17281,31.663898,31.916513,24.836018,4.9715285,22.003952,13.8724785,11.191129,29.79806,19.559834,12.710674,49.17246,16.564379,8.928727,18.93754,8.534593,20.906904,59.40347,35.70543,27.850847,22.145725,22.269869,32.804382,40.234188
16.250057,13.209638,58.95581,12.974949,19.495207,24.980728,15.455337,14.651803,22.091421,64.52243,32.546745,31.778612,28.500107,4.5893226,21.526144,14.057583,11.213309,29.895601,18.297749,12.727428,48.516323,16.47813,10.9410715,19.028454,9.522553,20.5652,60.50386,36.224075,26.66707,22.152224,23.007517,31.669184,40.853012
16.41984,14.790685,59.688004,13.014749,19.13456,24.977894,15.117003,14.607319,22.07683,66.769516,32.962406,30.369326,27.27175,5.4462733,21.596481,13.938771,11.214437,29.685589,19.30106,12.76616,46.889366,16.68338,14.192079,19.454313,10.039876,19.817844,62.709743,36.439606,27.026031,22.15154,23.310644,31.889406,40.530624
16.65302,14.780038,58.79155,13.016596,18.768011,24.978607,15.183798,14.642608,21.839119,64.3414,31.330282,30.286072,30.803482,5.117235,21.168007,13.725264,11.224446,29.820232,18.700033,12.765136,46.51018,16.820793,14.538561,19.686258,10.615535,20.02511,61.57506,36.94618,25.947079,22.159838,23.225498,32.121044,40.96393
16.7831,16.090897,58.137115,13.017195,17.820024,24.97924,14.9994755,14.676453,21.408485,64.969475,31.157055,30.788109,33.627403,5.6467857,20.873898,13.708404,11.227296,29.660498,17.488592,12.783173,46.02117,16.968334,14.598565,19.164381,10.952724,19.68689,60.291245,37.557137,25.780035,22.161455,23.052156,32.386642,40.951683
16.920237,15.39791,57.71403,13.006379,17.281517,24.973387,15.2798815,14.704558,21.534847,60.605408,30.92089,31.821787,35.693832,5.2608833,20.898645,13.866301,11.224363,30.229462,16.828745,12.770134,46.724335,16.924627,14.2206,19.08505,11.887745,20.029814,58.45023,37.585743,25.389647,22.163395,24.108992,32.49392,42.2951
17.149353,16.094942,57.215923,12.983204,16.94257,24.977222,15.098511,14.70867,21.340986,58.358,31.888,34.552227,33.91963,5.764003,21.494387,13.9013815,11.203077,29.237305,15.38109,12.754409,48.805843,16.969461,11.030114,16.863483,13.157759,20.588488,56.18412,37.749447,27.198599,22.158434,24.485384,32.567993,43.060284
16.75653,15.944571,56.800922,12.948834,16.962353,24.980722,15.088161,14.724208,21.388454,55.98632,31.962114,36.092857,31.185162,6.379818,22.297613,13.866965,11.175228,28.977537,14.27381,12.740416,50.155365,16.988544,7.823954,15.729786,13.798068,20.983902,53.59249,37.38455,28.905855,22.151474,24.57571,33.20036,43.70225
16.298332,15.755974,56.95113,12.937876,18.379297,24.985909,15.038936,14.710802,21.454027,59.04279,32.219788,35.33658,28.058762,6.3924184,22.518585,13.684509,11.171027,29.128477,15.114537,12.74579,49.863014,17.001244,6.9848657,16.069384,12.755674,20.721226,53.228386,36.8781,29.006792,22.147137,23.687353,33.372715,42.50917
15.763941,15.987108,58.502506,12.938195,18.989666,24.985075,14.937453,14.689971,21.39381,63.18875,33.899952,34.834053,24.596075,6.7738385,22.840452,13.952749,11.1634,28.973537,16.45745,12.750657,49.747536,16.875559,7.918718,16.358265,11.407215,20.242035,54.544117,35.858604,30.006006,22.138733,23.82747,33.346073,41.711327
15.320046,15.905595,60.273823,12.947983,19.965137,24.984976,14.9302435,14.6527,21.357456,66.13439,34.403378,33.59559,22.710337,6.958077,22.85864,14.1539755,11.155776,28.98026,17.70251,12.761368,49.259594,16.814941,9.7367935,16.952707,10.183421,19.69155,55.631554,35.679222,30.125093,22.134253,23.783794,33.180683,41.138474
15.359163,17.14719,60.572834,12.946364,18.808746,24.980612,14.977344,14.632573,21.263256,68.85121,35.422802,32.72293,21.220865,7.3514466,23.297678,13.952551,11.158679,28.963785,17.904636,12.764796,49.06324,16.84965,10.881251,16.928432,9.449766,19.565619,54.901913,35.575714,30.204086,22.129877,23.456684,33.567635,40.62738
15.209178,16.288465,60.458233,12.953736,20.318634,24.989227,15.270758,14.604017,21.42058,67.72815,34.78044,31.842268,23.42608,7.057743,23.057877,13.627524,11.168609,29.983604,16.931751,12.778516,48.46922,16.933193,9.688486,17.203157,9.53309,19.154774,53.215485,37.376503,28.804722,22.132908,22.951147,33.00874,40.519238
14.768838,15.83218,59.289253,12.940927,19.861341,24.99559,15.60532,14.647277,20.67948,74.038994,31.946703,30.734556,22.421165,6.3433256,23.36096,13.379538,11.177691,31.622122,18.799776,12.747804,48.49912,17.185577,6.376263,17.848843,7.9445443,18.59748,50.138096,38.5171,28.279604,22.134169,20.699934,33.27649,38.669773
14.792971,15.200753,58.197624,12.948684,19.601408,24.998203,15.548595,14.671039,20.568554,75.10437,30.794472,30.203876,25.35121,5.9802485,22.971794,13.143318,11.19199,32.115948,18.63299,12.743776,47.893684,17.212479,5.8415837,18.32006,7.8101945,18.816645,50.94018,39.006,27.31204,22.139149,19.926397,33.187767,38.174725
15.103684,15.290719,56.893604,12.957962,19.896318,25.002476,15.290357,14.682078,20.501837,74.899536,29.866663,29.987396,28.370401,5.6124663,22.65733,12.845106,11.21387,32.26074,18.142195,12.748009,46.975273,17.30897,5.5022545,18.494715,8.024391,18.74254,51.429783,39.28916,26.401552,22.145823,19.317558,32.88141,37.556873
15.44047,15.155191,56.983524,12.98079,20.554192,24.99907,15.004583,14.662069,21.052303,72.953514,31.236404,30.658926,27.687227,5.5278006,22.337029,12.988359,11.218102,31.71557,18.36813,12.767081,46.65831,17.158358,6.311906,18.598953,8.823983,18.689693,54.614395,38.264267,26.571686,22.147675,20.13073,32.44656,37.99687
15.512698,15.841937,56.773113,12.969693,20.228653,24.997923,14.753098,14.698243,20.444115,76.25503,30.218971,30.824726,25.49341,5.588578,22.531567,12.984179,11.217802,31.23729,19.964712,12.747296,47.25853,17.322144,5.982354,18.328028,8.39606,19.028215,53.46785,37.558395,27.285452,22.147657,19.320858,32.990425,36.904213
15.763743,16.907116,56.457813,12.949375,18.979641,24.990635,14.834853,14.736166,20.128862,77.88567,29.839634,31.537245,24.35038,5.557564,22.706524,13.162621,11.218312,30.963497,20.349646,12.725949,47.953667,17.359297,6.1019073,17.896381,7.984673,19.10536,51.91616,36.878437,27.744436,22.146957,19.258583,33.349926,36.63466
15.781054,16.402027,55.983955,12.927098,19.86887,24.99162,15.129412,14.741686,20.335464,75.26134,29.936617,32.866318,23.27924,5.063892,23.189985,13.313493,11.216897,31.66372,19.521893,12.712914,48.513256,17.37178,4.668264,17.499592,8.386,18.653316,49.605232,36.683228,28.032173,22.145475,19.846115,33.021275,37.207382
16.229284,14.882878,57.501213,12.925344,19.970049,24.989687,15.422578,14.674507,20.703754,69.539604,30.75821,32.821358,28.265041,4.64325,23.82225,13.792721,11.228627,32.839397,19.09498,12.707016,49.079395,17.185764,5.9369326,17.495255,9.235449,19.440388,47.33768,38.14186,26.877348,22.149403,21.342102,32.205875,39.013206
16.678564,13.420705,59.360355,12.909445,19.289856,24.98473,15.949591,14.585685,21.331274,64.71785,32.53535,32.734425,26.857513,3.9681845,24.911074,14.25696,11.236082,34.109623,19.927105,12.67323,50.323887,16.876247,6.407132,18.114746,8.810524,19.852509,44.584507,38.42882,26.447474,22.14615,22.510607,31.478245,40.475124
16.746395,13.203975,60.056652,12.905163,19.864187,24.984196,16.059885,14.569258,21.40223,64.15188,32.517742,32.688854,25.181273,3.6781316,24.943262,14.44781,11.2372265,34.033157,20.59065,12.662518,50.559105,16.807571,6.8284445,18.319422,8.320559,19.86508,44.23543,37.98668,26.396494,22.145826,22.596972,31.208054,40.386356
16.585,13.340088,59.193954,12.907819,20.966194,24.993196,15.574992,14.605564,20.898327,65.23036,31.536327,32.49246,27.396338,4.2573004,24.605669,13.936344,11.236354,33.420246,20.25678,12.671274,50.160515,17.09189,6.4664965,17.981804,8.799752,20.593798,44.157246,38.11835,26.478874,22.148085,21.6289,31.79901,39.449493
16.320662,12.869437,59.078327,12.885874,20.186275,24.994383,15.541403,14.6190195,20.690962,65.24068,29.406834,32.299095,28.319561,3.8198504,25.02714,13.899344,11.238696,34.431698,20.832853,12.6411705,50.448627,17.182459,5.496152,18.4479,7.9268966,20.598291,41.918358,39.293922,26.039871,22.147524,21.070045,31.967606,39.39488
16.368464,12.1334095,58.075237,12.873902,20.428612,24.998608,15.979068,14.642339,20.838383,61.344246,26.704964,32.790443,31.551462,3.6695175,24.48553,13.942182,11.23552,34.285748,19.733772,12.629987,51.02007,17.224134,5.037981,18.022762,8.833674,20.462084,41.473927,40.310326,25.046463,22.156343,21.481869,31.658669,40.47622
16.638535,13.069497,59.03127,12.900912,20.041096,24.994833,15.708762,14.616319,21.221071,62.499313,29.967604,32.810413,30.136202,3.6695175,24.076067,14.277506,11.2426405,33.00823,19.498032,12.66428,50.45019,16.907482,6.2235656,17.885798,8.643437,20.06057,45.56049,39.001106,25.732431,22.154453,21.921589,31.092482,40.32467
16.687868,13.772233,59.427444,12.91875,20.571117,24.991848,15.536723,14.613365,21.282413,65.01122,31.451666,32.57505,28.136898,3.8176403,23.637201,14.359712,11.244807,32.136303,19.755966,12.684278,49.753895,16.814322,7.3927646,17.865026,8.321244,19.870373,48.278057,37.63785,26.208591,22.15289,21.823463,30.936552,39.529556
17.02526,15.533453,58.818336,12.919461,20.022387,24.987154,15.414938,14.603314,21.395443,65.804535,30.935972,33.12781,24.918156,3.6695175,24.0545,14.371675,11.255215,32.03362,20.590845,12.682915,49.525578,16.886007,6.765065,17.58929,8.42856,18.592377,48.04914,37.18624,26.760164,22.155203,22.126566,30.701628,39.33209
17.108688,16.297297,57.246895,12.91359,19.1172,24.98924,15.122342,14.631906,21.040102,66.65042,28.649006,32.866318,25.98995,3.6695175,24.123335,13.763055,11.261607,32.18835,20.779915,12.6693125,49.375694,17.135355,5.965427,17.759232,8.585405,18.874735,47.197014,37.961773,26.17551,22.15913,21.106112,31.398386,38.829693
17.315586,15.990958,57.283756,12.951463,19.349304,24.98535,15.155267,14.598294,21.550537,64.619064,29.328382,32.154274,26.96645,3.6695175,23.320892,13.645943,11.263768,32.033432,20.580494,12.703219,48.168945,17.021173,7.009801,18.514502,9.289344,18.464949,51.200554,37.820488,25.40898,22.16268,21.712748,31.079676,39.41247
17.605219,15.11616,55.80734,12.9487915,18.86482,24.981632,15.491227,14.648032,22.022549,57.247925,28.7909,33.635128,28.90808,3.6695175,22.31451,13.555891,11.253271,31.170221,18.204357,12.69678,48.49102,16.930977,7.065437,18.341541,11.0880785,18.996265,53.961506,37.063282,25.320467,22.167097,23.266628,31.139227,41.52366
17.518377,14.492484,55.455704,12.957177,18.491167,24.980766,15.523757,14.68453,22.075888,55.2508,28.871447,34.23394,32.073986,3.6695175,21.619226,13.623239,11.2500925,30.967325,16.779459,12.704087,48.340084,16.878498,7.307943,18.312378,11.611359,19.375902,56.02226,37.19272,25.152523,22.16746,23.657642,31.147415,42.239918
17.04665,14.328293,55.76071,12.949082,18.452171,24.981266,15.604914,14.69215,21.945297,56.47158,28.135586,33.960464,29.990732,3.6695175,21.817167,13.628637,11.23246,31.128304,17.156149,12.697166,48.513096,16.922266,6.9982166,18.66682,11.0803385,19.147736,56.187954,37.36696,25.745209,22.163116,23.554466,31.589592,42.343094
17.147297,15.257424,56.011528,12.927604,18.145374,24.978216,15.590211,14.710449,21.59633,59.711735,28.047758,34.689144,28.987738,3.6695175,22.247747,14.030245,11.241922,31.321867,17.62249,12.683645,49.038433,16.92918,6.757028,18.091393,10.117545,18.853199,53.62263,37.27774,26.089872,22.160622,23.075224,31.465385,41.4467
17.291622,15.364876,55.57099,12.919449,19.334414,24.981901,15.507928,14.728964,21.338316,61.131283,27.776442,34.910866,28.986963,3.6695175,22.24958,13.977397,11.25288,31.095304,17.54027,12.677779,48.827564,17.021963,7.0021553,17.77778,9.833864,19.140648,52.574707,36.859543,26.086678,22.162214,22.595882,31.358944,40.498394
16.5254,15.305791,56.788868,12.922499,23.47936,24.994053,15.998571,14.720303,21.138742,59.949203,29.000362,35.18806,27.053617,4.0650344,22.047045,13.995148,11.2068,30.602512,15.470517,12.722524,48.46347,17.244778,8.415253,17.091824,10.721254,18.657835,50.756004,36.709713,27.138939,22.15307,23.49872,31.685495,40.786686
15.970864,15.064436,56.79254,12.915421,26.306347,25.000122,15.917991,14.715115,20.57923,61.002373,28.792723,34.928688,24.824087,4.842858,22.589714,13.491404,11.183422,30.861483,16.297903,12.734353,48.50831,17.62982,8.116838,16.703835,11.209543,19.41675,47.693455,36.14857,27.79224,22.14706,23.13847,32.7765,40.01021
16.121218,15.821921,56.861286,12.902737,27.303677,24.998411,15.861357,14.710451,20.62798,59.097454,29.73243,36.1655,23.003052,5.021236,22.88514,13.598253,11.180443,30.387312,15.758233,12.7381115,48.87261,17.68945,7.960773,15.84897,11.63475,19.150635,46.573853,35.120605,28.630928,22.14298,23.796371,32.677666,40.152237
16.44987,16.112638,56.84254,12.889801,25.69034,24.99183,16.010864,14.717908,20.768978,57.73681,30.303942,36.516106,22.750387,5.0596185,23.038036,13.671184,11.176693,29.961445,15.371224,12.722768,49.85241,17.598513,8.66172,15.668969,11.838152,19.648918,46.507996,34.73249,28.772104,22.142242,24.224907,32.991344,40.90372
16.394978,15.925837,56.43463,12.899552,25.286924,24.993351,15.866151,14.733109,20.878294,60.216167,31.058466,35.95847,22.738182,5.2702246,22.605639,13.570053,11.181914,29.500734,15.386982,12.728711,49.46803,17.499651,9.453831,15.974591,11.634367,19.944082,49.176193,34.110718,28.67636,22.142418,23.675415,32.98687,40.304775
16.377455,15.342874,55.84226,12.907183,25.021917,24.995123,15.927565,14.753272,20.887428,62.031494,30.510675,35.155285,23.935131,4.9936066,22.249651,13.387147,11.194751,29.64663,15.590533,12.725369,49.137928,17.421701,9.32141,16.505442,11.2712,20.320156,50.08103,34.164577,27.79132,22.147383,22.807861,32.936916,39.739452
16.263243,16.563408,58.369534,12.931061,23.972544,24.9879,15.6576395,14.704972,20.556768,65.92365,31.26611,33.945484,23.067364,5.921529,22.386621,13.866757,11.181171,29.596556,17.962751,12.75094,49.02242,17.476574,10.661096,16.543625,10.7745905,19.57589,49.084934,34.899925,28.450014,22.14391,22.807219,33.10992,39.36259
16.38397,16.231415,58.490803,12.958195,21.8552,24.981571,15.431948,14.70615,21.317013,64.76162,33.028797,34.24432,24.370909,6.079315,21.731092,14.209844,11.181077,29.015905,16.706758,12.765222,48.479576,17.074663,12.057922,16.985796,11.371274,19.559542,54.5103,34.903027,28.63354,22.14368,23.841894,32.550068,40.54516
16.163208,15.438843,58.704803,12.989989,20.02518,24.972305,15.361802,14.721442,21.784132,65.46149,33.37981,33.67547,24.842777,6.0111485,21.120407,14.48247,11.1824255,29.18539,17.755945,12.773164,47.861965,16.790417,12.980085,18.011587,11.456578,19.571169,58.870705,34.65107,28.438337,22.14518,24.350058,32.435265,41.059246
16.14522,16.165373,57.653893,12.991134,17.167051,24.962437,15.1379175,14.724527,22.21841,65.106384,34.647545,34.437057,23.869295,6.158754,21.32754,14.339747,11.181086,28.965385,17.247648,12.761444,47.77249,16.63894,13.130341,18.0408,11.439943,19.694113,64.946266,34.167255,29.715565,22.137089,25.571583,32.682575,41.950268
16.162909,16.035458,57.0774,12.97682,16.955286,24.960379,15.201285,14.740253,22.301437,64.421974,34.64252,35.015,23.732843,5.7919235,21.414846,14.305382,11.186144,28.986935,16.844444,12.745484,48.121315,16.585238,12.254355,17.92566,11.16277,19.910046,65.68858,33.77356,29.899834,22.136003,25.689072,32.647705,42.040287
16.388681,15.505335,57.41551,12.951886,16.624327,24.956303,15.435467,14.7352495,22.623615,62.54703,36.941612,36.027603,23.585945,5.795192,21.82991,14.6679735,11.189246,28.926754,15.489509,12.727726,49.38949,16.305243,11.950548,17.359509,11.391528,20.57191,64.31523,32.9143,30.163307,22.131176,26.232975,32.32267,42.540283
16.461735,15.091566,56.549557,12.923644,17.28792,24.957327,15.679147,14.752262,22.903704,59.13943,37.287476,37.052193,21.727734,5.7920847,22.15861,14.592856,11.176714,28.839409,13.632869,12.712329,49.959564,16.309475,11.419991,17.163397,12.321,20.74857,61.665733,32.097107,30.60495,22.127096,26.689377,32.559193,43.184097
17.087671,13.8199005,56.187653,12.892753,17.444427,24.955679,16.040733,14.771817,23.340105,51.03786,37.63568,38.82245,20.993181,5.583852,22.104202,14.840105,11.174281,28.40822,10.932751,12.677486,51.186096,16.177462,10.913023,17.098343,13.851969,21.590466,59.873215,31.029799,30.961103,22.125584,27.90986,32.340073,44.802067
17.703068,13.775141,55.360275,12.856984,17.377947,24.954302,16.187372,14.753921,23.584103,44.73436,37.10711,39.157127,20.211805,5.531925,22.780283,14.418967,11.176018,28.546871,9.09966,12.6482525,51.528408,16.287664,11.152684,17.26776,14.94027,22.32019,56.89025,30.392971,30.73665,22.126314,28.461054,32.821785,45.792507
17.995058,13.168609,55.091053,12.8539095,17.819471,24.95853,16.291464,14.738421,23.841656,41.86906,36.162197,39.052456,21.112053,5.530654,22.685072,14.256113,11.183339,28.986462,8.362673,12.650476,51.479454,16.327879,10.656203,17.497713,15.600137,22.260557,54.91106,31.10359,29.66504,22.130272,28.182041,32.658318,46.106632
17.965416,12.740975,53.699398,12.854264,20.376272,24.971365,16.285383,14.763609,23.358984,43.851974,33.54338,38.97491,21.08098,4.6345263,22.58711,13.91986,11.194612,29.137894,9.444491,12.651058,51.073692,16.63934,8.828895,17.048689,15.430538,22.11531,52.6481,31.430407,28.809813,22.13942,26.68439,32.41682,44.776882
18.075882,12.107207,52.37574,12.843568,22.480433,24.981787,16.382172,14.784238,22.409927,45.95437,29.79874,38.20152,22.56714,3.6695175,22.620598,13.244262,11.213052,29.494165,11.81787,12.623195,51.278027,17.004753,7.8082547,17.053574,14.245359,23.170382,49.862976,32.18202,27.09231,22.152315,24.82707,32.762047,43.415016
17.68662,10.967942,53.659496,12.8956995,23.286737,24.984537,16.39662,14.74201,22.381697,46.485462,29.012518,36.185265,27.654886,3.6695175,22.056524,13.145287,11.2024145,30.663687,12.761038,12.662871,50.10822,17.062347,8.908785,17.87571,14.900317,23.013577,50.46427,34.349686,25.393864,22.157272,24.782358,32.61045,43.56734
17.044504,11.295279,54.753956,12.911133,23.543388,24.991093,16.309118,14.707127,21.910376,50.66022,28.503016,34.464905,28.19388,3.6695175,22.571716,12.968383,11.196678,31.35198,14.82173,12.67871,49.59723,17.198614,8.648634,18.137342,13.7579565,22.487846,49.52564,35.63756,25.370663,22.158165,24.088097,32.92169,42.783173
17.0409,11.038638,54.74454,12.904754,22.008724,24.986414,16.463982,14.725272,21.958242,48.935207,28.61257,34.513733,30.36046,3.916321,22.482094,13.0152,11.187964,31.12382,13.634896,12.67173,50.121788,17.093712,9.766799,18.118015,14.071446,23.315563,50.19657,35.981655,25.264036,22.157112,24.54044,33.364937,43.910076
16.893549,11.512028,55.257763,12.918387,21.268726,24.982985,16.387388,14.757523,21.710526,50.1469,28.529804,34.699005,30.871769,3.9634883,22.002783,13.251336,11.188317,30.518526,14.170157,12.674659,50.14336,17.023172,10.456544,18.160454,13.75323,23.187002,52.066296,35.796894,25.615513,22.159328,24.776556,33.339046,44.04251
17.118937,11.892071,55.519573,12.927777,20.123722,24.972965,16.592941,14.804116,21.776112,46.632442,28.633984,35.96063,30.607222,3.936601,21.493113,13.684727,11.182441,29.90074,13.371899,12.668838,50.489697,16.923868,11.746331,18.108767,14.697743,22.972446,53.00871,34.914177,26.179642,22.16058,26.218798,33.2085,45.441853
17.30884,12.197077,55.317818,12.933296,20.10237,24.97397,16.353558,14.830426,21.618345,45.778175,28.360792,37.50431,29.446785,3.8287523,21.117878,14.00385,11.184653,29.468126,13.128306,12.665582,50.554325,16.996,10.020696,17.542208,15.175714,22.37294,53.73585,34.739334,27.184578,22.1604,26.394613,32.66221,45.42896
17.155952,13.669364,54.969234,12.914115,20.430431,24.979332,16.408453,14.801524,21.452131,50.442307,28.245956,36.695553,26.90056,3.8692741,21.865742,13.687054,11.184014,29.563446,14.149119,12.670303,50.43951,17.10571,9.465855,17.297016,13.661251,21.591997,51.84684,34.838726,27.369276,22.15846,25.350641,33.072372,44.101414
16.88749,14.739012,57.209236,12.931612,19.783642,24.978945,15.832047,14.708723,21.932087,56.37521,32.86714,35.096844,25.767925,5.30264,22.054377,13.776751,11.177816,28.724218,14.730423,12.712108,50.210697,16.835854,11.658234,17.182026,12.61624,21.231178,55.35896,34.88009,28.192602,22.14814,25.173891,32.83159,43.181446
16.710129,14.297491,57.40726,12.935633,22.345446,24.985193,15.963415,14.684637,22.371798,55.46698,34.087914,35.196205,25.652306,5.4808564,21.936295,13.790907,11.181152,29.074629,13.398332,12.733711,49.40852,16.819069,12.116139,17.13615,12.898375,20.587156,55.43889,34.572163,27.993734,22.144674,25.609509,32.10982,42.87267
16.807573,13.509654,56.60967,12.919863,22.329208,24.992746,15.980197,14.691173,22.02899,54.81715,32.88747,34.526913,29.967665,5.09287,22.092937,13.367875,11.20023,29.533136,13.107878,12.71941,49.732075,16.896109,10.916598,16.975943,12.572189,21.776047,53.681175,35.589695,26.561266,22.152071,24.419302,32.298866,42.55465
16.222271,13.896707,57.9687,12.913229,22.175133,24.99274,15.850046,14.6968775,21.414495,57.55491,32.749672,34.250725,29.697329,5.674875,22.24247,13.60337,11.185263,29.37877,14.067629,12.724646,50.07867,16.980152,11.132623,16.566523,11.75245,21.774355,52.71414,35.88564,27.297014,22.147896,24.148941,32.774734,42.237923
16.075262,15.118841,58.588486,12.934666,20.702282,24.988907,15.665753,14.677388,21.229767,62.218388,33.34569,33.410213,29.277176,6.3489523,22.34697,13.66419,11.180209,29.518837,15.279053,12.748597,49.767704,17.017838,10.693119,16.418224,11.421035,21.159475,52.275978,36.8511,27.713568,22.145515,23.642073,33.030903,41.59563
15.857457,15.641296,59.64111,12.942735,19.919426,24.985035,15.590238,14.665712,21.090584,64.84647,33.454296,33.015022,28.155973,6.6190753,22.47532,13.964953,11.172644,29.643145,16.301222,12.755787,49.65927,16.985435,10.964972,16.553349,10.761202,20.553604,52.113422,37.22478,28.17882,22.142519,23.581161,33.081146,41.40395
15.680631,15.225083,59.55606,12.956101,19.092869,24.983673,15.464934,14.678721,21.359602,64.379585,33.40761,33.12221,29.225851,6.655813,21.974718,14.063405,11.166366,29.394625,15.805144,12.761593,49.371124,16.807468,11.2509575,17.013233,10.879372,20.48866,55.240414,37.404243,28.154902,22.143007,23.822104,33.01167,41.972385
15.729536,14.743324,58.53851,12.961736,19.30655,24.986868,15.425059,14.696586,21.43887,63.667316,32.780716,33.08228,32.11226,6.355323,21.571236,13.874596,11.178775,29.638105,15.03818,12.764309,48.833702,16.795002,10.618112,17.239746,11.046117,20.675552,56.20525,37.791145,27.348328,22.14719,23.463383,32.813923,41.82705
15.478275,13.774169,58.53419,12.950861,22.28189,24.995874,15.627275,14.67358,21.82439,61.498306,33.398483,33.603626,29.993294,6.2003813,21.692022,13.839981,11.172398,30.10367,14.293791,12.771254,48.668365,16.810465,8.97364,17.165674,11.3077135,20.08388,54.500793,37.320354,27.528662,22.143621,23.651154,32.28568,41.627804
15.642875,13.797808,58.558243,12.9411955,22.261135,24.995277,15.790657,14.641485,22.623184,60.2065,36.222256,33.918068,27.497,6.3559346,22.181154,13.877309,11.1831,30.206556,13.052026,12.77151,48.60613,16.574236,9.154307,17.10768,11.395546,19.558352,54.756992,36.123642,27.892681,22.137772,24.38368,31.67123,41.832462
15.952797,13.835532,57.93557,12.944747,22.014172,24.99651,15.953082,14.629755,22.789997,60.778675,36.595383,33.42076,27.601524,5.989909,22.258406,13.689826,11.200881,30.471188,12.928822,12.76733,48.324974,16.552874,9.1935215,17.301006,11.245222,19.443993,54.98896,36.068253,27.266438,22.140497,24.041159,31.302773,41.461872
15.814215,13.168329,56.936584,12.91074,21.451517,24.99791,17.011574,14.662434,22.493841,59.88128,34.152596,33.323696,28.056412,5.1606183,22.792858,13.56049,11.199916,31.647774,12.1810875,12.728649,49.07935,16.640892,8.240702,17.376411,10.441439,19.708906,51.866703,36.864548,26.48732,22.141993,23.738247,31.735073,41.93219
15.818126,13.021985,56.58752,12.898044,21.572203,24.997225,16.943388,14.698202,21.53763,62.900017,31.597887,33.290474,27.5803,4.62043,23.144587,13.513971,11.201424,32.31657,14.49865,12.701932,49.756668,16.958858,6.5826735,17.335926,9.836565,20.20492,48.35628,37.209526,26.408657,22.144808,22.424324,32.385902,40.848198
16.152357,12.823696,55.983604,12.88865,21.17479,24.991865,16.752708,14.735775,21.246805,62.486443,30.60876,33.880997,27.967682,4.3332896,23.144745,13.494536,11.204438,32.13681,15.143456,12.680987,50.356686,17.019976,6.8140798,17.35244,10.11549,21.29882,47.786453,36.581997,26.276001,22.147467,22.2116,32.896324,40.78572
16.647057,12.201625,54.799927,12.875512,20.69524,24.990147,16.715618,14.756159,21.138618,59.587185,29.389486,34.152164,30.119347,4.1420083,23.242477,13.172545,11.207829,32.253605,14.678799,12.659102,50.82526,17.148924,7.1885405,17.392103,10.988405,22.825436,46.66041,36.62504,25.618614,22.151163,22.040028,33.532036,41.228897
16.740824,11.43915,53.504414,12.870198,24.558245,25.001587,16.583002,14.770599,21.573112,54.9248,29.34628,35.244003,29.277817,4.0685315,22.5385,12.981419,11.207549,31.50526,12.111285,12.683113,49.825336,17.282108,7.3937783,17.110151,12.616924,22.567366,48.252716,35.15507,25.503197,22.151752,22.27187,32.99483,41.1611
16.582012,11.295214,53.37513,12.881516,26.147152,25.004025,16.522512,14.77286,21.702156,54.447845,29.282465,35.392826,28.791344,4.0089493,22.183222,12.968295,11.206963,31.408003,11.65358,12.700407,49.05787,17.283278,7.573067,17.302034,12.901327,22.088797,49.47047,34.69971,25.416952,22.151827,22.381884,32.70785,40.95711
16.411072,11.069892,54.6925,12.881323,25.098068,24.996683,16.634928,14.758126,21.697943,55.67077,29.87593,35.50823,27.365917,3.8411226,22.798168,13.438052,11.204513,32.051147,12.963988,12.686554,49.685894,17.124096,7.3473287,17.516575,12.232177,21.806242,48.51951,34.923714,26.009977,22.14813,22.993622,32.563187,41.3849
16.176031,11.063886,55.751194,12.8856945,25.260124,24.991278,16.731287,14.757102,21.981596,53.262157,31.355057,36.334614,27.849699,4.4678173,22.6079,13.969854,11.187042,31.756025,11.417898,12.706304,49.73754,16.941763,8.644681,17.265142,12.883904,21.617353,49.3602,34.758503,26.806454,22.140715,24.462208,32.438316,42.617825
16.57825,11.267768,55.820744,12.873197,24.164906,24.9858,16.77779,14.786559,21.803598,52.560226,31.61143,37.070114,27.900492,4.1929674,22.504295,14.200726,11.194604,31.07157,11.545824,12.684539,50.801807,16.825993,8.860341,16.922523,12.6529665,22.414331,48.95277,34.019886,26.83395,22.142675,24.56749,32.46841,42.823692
16.938858,12.329316,56.125202,12.887498,22.937542,24.985838,16.92977,14.771507,21.533363,52.966812,30.590073,36.512737,30.84844,3.9097905,22.269852,14.163798,11.205089,30.870464,12.384147,12.685514,51.022545,16.877197,8.861338,16.52107,12.223887,22.033041,47.884743,35.471867,26.086971,22.151625,24.413942,32.191013,42.868793
16.939537,13.355872,57.121117,12.899306,22.584568,24.9862,16.65262,14.757632,21.195011,56.3793,30.121075,35.780865,30.974298,3.8811293,22.024982,14.367042,11.213066,30.507462,14.224889,12.6923685,50.709946,16.92344,9.229189,16.467888,11.2158375,21.232582,48.13802,35.873608,26.068632,22.155512,23.766909,31.839714,41.923416
16.515406,14.142001,57.36698,12.899429,21.713778,24.98604,16.636812,14.77166,20.747492,60.043667,29.36181,35.110485,30.206606,4.3486524,21.98427,14.285771,11.198028,30.438665,15.278032,12.697258,50.760708,17.056417,8.783516,16.432692,10.647552,20.870916,47.467167,36.381466,26.454603,22.154314,23.085913,32.497265,41.385757
16.484291,14.928131,58.089714,12.902409,21.917606,24.984226,16.066916,14.76716,20.350832,63.070587,30.23919,35.016468,30.961063,4.9676137,22.042719,14.471271,11.202193,30.187426,15.971662,12.714933,50.45429,17.138931,8.909399,15.821834,10.442349,21.00834,46.79517,36.188133,26.900114,22.151958,22.563292,32.517815,40.316998
16.4713,16.335585,58.351532,12.925472,21.39097,24.982988,15.717037,14.731075,20.299992,66.58191,30.813496,33.823242,29.681692,5.66362,22.10771,14.166152,11.199889,30.146126,17.1184,12.742682,49.572468,17.272049,9.12813,16.094494,10.392699,20.256952,47.091694,36.663605,27.07475,22.150753,22.070263,32.844604,39.522057
16.56088,16.083683,56.829113,12.910569,22.248446,24.985432,16.334585,14.789533,20.182554,64.5671,28.579,34.706623,28.20182,4.865664,21.996243,13.982374,11.203017,30.097282,17.172699,12.718139,50.035255,17.389774,8.300216,16.10124,10.66836,20.166885,45.611195,35.765804,26.761532,22.157406,22.140198,33.078285,39.710835
16.459251,15.983059,56.156025,12.906341,23.541426,24.988422,16.673277,14.810219,19.852293,63.35085,26.138777,34.85131,26.180904,4.397301,22.37493,13.750685,11.201852,30.66924,18.483952,12.701712,49.82472,17.655281,7.8955307,16.499662,10.822697,19.830805,43.35419,35.473347,26.771112,22.160818,22.379103,33.543575,39.64214
16.667591,15.343732,55.760372,12.900313,23.194618,24.983603,16.68875,14.843718,19.968103,60.37756,25.929216,35.868027,27.24818,4.0094967,22.351437,13.954347,11.206795,30.618551,17.555489,12.688994,50.03754,17.549349,8.54551,16.475206,11.373517,20.57147,44.02902,35.030144,26.677671,22.161903,23.087782,33.495617,40.53277
16.841528,16.531513,55.71403,12.897491,20.831003,24.979038,16.464746,14.801654,20.252953,62.199917,28.15325,35.175354,25.892006,4.8203673,22.821152,13.64519,11.195935,30.19468,17.005835,12.693679,50.29658,17.451517,9.744949,16.562614,11.144803,20.745243,45.493446,35.19503,27.247301,22.154583,23.111378,34.060753,40.816788
16.779074,17.619001,56.015438,12.90059,21.080086,24.983437,16.499601,14.780569,20.020792,64.26583,27.491636,34.29466,24.68062,5.0610857,22.754913,13.519557,11.195777,30.077272,17.641222,12.702481,49.71398,17.615559,10.1653805,16.811085,10.399239,19.652153,45.390514,35.50892,27.312094,22.154106,22.588299,34.100555,40.085102
16.386042,16.044119,56.397316,12.914884,20.152922,24.987562,16.855062,14.723623,20.285496,64.165115,27.715403,32.36829,27.749905,5.1813354,23.153872,13.11526,11.192982,31.621279,17.417597,12.700825,49.798737,17.518654,8.975094,17.549936,10.39825,20.21446,44.68436,37.964115,26.203312,22.15418,22.25335,34.153973,40.67956
16.115282,14.783908,57.180943,12.913146,19.575735,24.990116,16.65166,14.69298,20.363226,64.769875,28.07883,31.611216,29.003359,5.081343,23.572716,13.098565,11.195943,32.225456,18.017513,12.686691,50.252262,17.409445,8.046869,17.712307,9.944331,21.008762,44.78294,38.942783,25.988148,22.153017,21.796852,33.95339,40.707092
16.232162,15.781222,57.905155,12.921732,17.824497,24.985138,16.10225,14.675886,20.28722,67.52044,28.808792,31.386862,27.5302,5.3777113,23.896168,13.204288,11.203901,31.989246,19.42245,12.684857,50.358643,17.325363,7.8503556,17.77084,9.29316,20.985971,45.314194,39.05108,26.3363,22.15059,21.162292,33.9579,40.10301
16.352617,15.502052,57.655994,12.916687,18.70827,24.986734,15.633869,14.661748,20.89931,65.17439,31.252281,32.66536,25.75338,5.3724403,23.863226,13.226836,11.204479,31.198563,18.594158,12.699604,50.55901,17.144178,6.2537885,17.171934,10.047786,21.049078,46.430614,37.73276,27.07203,22.148123,21.420671,33.516186,40.2017
15.999951,14.9115715,58.655537,12.9186,18.80111,24.98768,15.790409,14.651508,20.936352,64.72683,30.908852,32.077618,26.577032,5.3292036,23.665285,13.402502,11.196673,31.134016,18.583284,12.701926,50.62856,17.036821,6.9953337,17.454435,9.615321,21.02089,47.47216,38.23561,26.8058,22.148046,21.636543,33.398346,40.684452
15.836501,14.730192,60.304775,12.933549,20.763445,24.989697,16.066444,14.618989,21.057224,65.00666,31.496986,31.428896,25.69192,5.3865094,23.113052,13.802677,11.190651,30.816109,18.827133,12.722244,50.067665,16.975328,8.989406,17.632025,9.184649,20.184635,48.73773,37.724297,26.715443,22.147524,22.102495,32.658714,40.508114
15.638906,15.052723,61.66217,12.939146,22.135962,24.987495,16.020977,14.616218,20.888235,66.51379,31.642368,31.453106,24.610306,5.753367,22.786842,14.310541,11.178514,30.513775,19.331278,12.7411995,49.663757,17.03787,10.528838,17.416847,8.995181,19.53224,48.931755,37.044384,27.325397,22.14459,22.415615,32.44999,40.11548
15.685676,14.962414,61.658497,12.943066,21.848852,24.985249,15.980146,14.623007,20.968676,66.76873,32.076256,31.520002,24.965921,5.8583603,22.616148,14.41495,11.178312,30.473501,18.971464,12.744519,49.432274,16.976202,11.2416,17.549387,9.034336,19.626457,49.82209,36.86563,27.357096,22.143454,22.597107,32.417793,40.209335
15.496864,13.752715,60.62681,12.925941,21.42361,24.992126,16.849695,14.610626,21.273294,64.31559,30.431166,30.962362,26.005516,4.8221483,23.045675,14.095013,11.18163,32.10146,17.648106,12.714567,49.51688,16.936743,9.89659,18.47114,8.424145,19.054096,49.040104,38.659565,26.218035,22.14437,22.753351,32.160023,41.189323
15.29092,13.15793,59.57908,12.914241,22.120888,25.002596,17.205826,14.595936,21.234455,63.93923,28.932993,30.371511,26.461843,4.1731734,23.582504,13.630764,11.192421,33.39037,17.323982,12.698676,49.170353,17.109808,7.883661,18.796124,8.03949,18.565542,47.48423,39.96003,25.53768,22.146132,22.252737,31.92591,40.975567
15.319372,12.850415,58.70313,12.911822,21.25041,25.005934,17.098732,14.597806,21.504467,61.829964,29.37427,30.498892,28.685926,4.260599,23.660173,13.35952,11.195768,33.3594,15.796315,12.700352,49.007393,17.052732,7.6630015,18.757256,8.485424,18.903173,48.46458,40.567978,25.392063,22.146729,22.54078,31.996319,41.728058
15.5308695,12.746188,57.94603,12.918972,20.367327,25.000484,17.004417,14.592727,22.194725,60.51968,30.070715,30.876915,28.351109,3.90261,23.593845,13.362825,11.204322,33.601135,15.074042,12.700715,48.30209,16.853601,8.136457,19.46906,8.536093,18.445189,52.153248,40.031414,25.315086,22.145548,23.244032,31.648413,42.305397
15.814266,12.625585,57.261932,12.922113,20.734072,24.993727,16.64344,14.618082,21.844778,62.14829,29.494785,31.34778,27.534248,3.6695175,23.710032,13.260209,11.212495,33.991196,16.697704,12.693037,48.426205,17.028477,7.286729,19.46114,8.958142,19.133797,50.85512,39.171124,25.30708,22.146664,22.606869,32.08182,41.348106
15.761705,13.628347,57.12751,12.912397,20.14856,24.988722,16.148388,14.674511,21.30316,65.87807,30.450018,32.580944,25.31453,4.4107547,23.827982,13.461765,11.205025,33.00089,17.621677,12.691835,49.211933,17.072523,6.7487698,18.408844,9.123638,19.789164,49.72767,37.63372,26.85363,22.143219,22.217127,32.793564,40.456905
15.4894285,14.124921,56.6631,12.887328,19.224945,24.983456,16.346357,14.744144,20.640951,70.5679,29.639238,33.378414,22.76868,4.3608756,24.130074,13.648231,11.2008295,33.15079,18.865435,12.662978,50.248783,17.141869,5.221478,17.895718,8.086582,19.822807,47.547382,36.636757,27.719744,22.14012,21.377298,33.4306,39.420933
15.575155,14.003458,57.142223,12.883082,20.255539,24.98601,16.204723,14.752077,20.398975,71.943245,30.184107,33.38893,21.763521,4.476779,24.054071,13.747923,11.203333,32.506687,19.655582,12.655032,50.65193,17.138449,5.578516,17.669409,7.8886113,20.346832,46.703987,35.58773,28.061481,22.140757,20.97754,33.344063,38.522144
15.564938,14.584042,56.946415,12.884467,22.209053,24.992006,16.61754,14.747191,20.330843,71.8431,29.133955,33.03164,20.609848,4.4475136,23.821896,13.575775,11.201652,32.098404,19.308176,12.660808,50.12371,17.290411,6.8354506,17.610445,7.801894,19.735632,46.772182,35.271404,27.935633,22.142582,21.085289,33.172035,38.08981
15.585767,14.261248,58.1615,12.881879,22.584557,24.993298,16.324818,14.724153,19.990036,71.8315,27.633785,31.85098,20.365768,4.5699105,23.782862,13.540811,11.19448,31.653381,21.32601,12.644147,50.492844,17.438263,8.213443,18.073503,7.297909,20.592113,46.407764,35.50715,27.886282,22.143236,20.528996,33.606094,37.61194
15.535585,14.149994,60.303215,12.905669,22.675245,24.991114,15.727974,14.666491,20.212997,72.05062,29.005836,30.864574,20.322144,4.9745626,23.63752,14.024704,11.195445,30.986385,22.354588,12.6697035,49.70287,17.269289,10.350592,18.373968,7.012939,20.548733,49.40338,35.348927,28.258705,22.140886,20.761879,33.07749,37.540516
15.578372,12.85864,61.42341,12.928332,22.600893,24.988867,15.290554,14.6402445,20.029896,71.20407,27.653603,30.0494,22.883123,4.7922587,23.604599,14.112445,11.202244,31.321487,24.423635,12.668239,49.950893,17.244574,9.936507,18.730534,7.51174,21.717993,48.922955,36.438446,27.233915,22.147339,20.185652,33.085606,37.6171
15.601097,11.579177,60.278492,12.948648,22.935982,24.994757,14.947104,14.63685,20.129099,68.010506,27.269958,29.508049,27.442465,4.667977,23.181803,13.436122,11.216903,31.095842,23.245577,12.678997,49.18196,17.201948,9.619278,19.15416,8.5121765,23.130142,51.958576,37.30303,25.954906,22.153189,19.94427,33.214924,38.03743
16.066387,11.037175,59.269386,12.935377,23.329975,24.993572,15.105193,14.660332,20.40788,62.92007,26.79127,30.902956,29.680916,3.9476798,22.656662,13.522294,11.222697,30.670006,21.86834,12.668421,49.68809,17.130352,9.228725,18.76354,9.622545,23.439192,51.955467,36.935337,25.383886,22.160074,20.715927,32.822216,39.131466
16.096907,11.343536,60.454216,12.958753,24.336733,24.991032,15.049928,14.636682,20.539436,63.491352,27.478844,30.812471,29.19972,4.1253457,22.279018,13.9678135,11.220114,30.60751,22.518986,12.698743,49.131214,17.107363,9.877662,18.714603,9.96565,22.569513,52.43135,36.55155,25.55099,22.16076,21.013992,32.31925,38.939255
15.954491,11.434753,61.490055,12.957017,24.609772,24.988588,15.199265,14.622538,20.448977,64.63359,26.622084,30.975012,27.568176,3.702737,22.63744,14.5013685,11.213114,31.84351,24.229082,12.697229,49.29207,17.202705,8.7895,18.829481,9.653589,21.121016,49.41089,36.99036,25.823496,22.160318,21.334875,31.96079,38.880703
16.183332,12.081018,62.591908,12.988287,24.98287,24.98362,15.301287,14.580563,21.37341,63.708923,29.111818,31.032806,25.644197,3.8459895,21.947989,15.177036,11.215329,31.218584,23.425629,12.73745,47.866688,16.931496,11.421262,19.081793,9.715364,19.429102,54.391693,35.81541,26.551262,22.15762,22.809322,30.74724,39.302586
15.939502,12.498545,63.835068,13.0169115,23.825092,24.973701,15.216253,14.559413,21.589703,66.871956,29.85955,29.665466,23.765247,4.4407053,21.828476,15.436412,11.209203,31.277489,25.12218,12.763688,46.994965,16.819054,13.661045,19.812897,9.231239,19.037382,57.184784,35.205643,26.708637,22.154558,22.83428,31.057236,39.020496
15.569306,13.215621,64.89402,13.018142,23.342089,24.973074,15.070362,14.553038,21.389736,69.80137,30.819464,29.515528,22.357498,5.547023,22.212942,15.653543,11.191471,30.842146,25.135885,12.776591,47.120552,16.811083,14.982048,19.42221,8.922684,19.0748,57.401512,35.15236,27.76806,22.14719,22.834406,31.482693,38.942352
15.082841,14.358203,63.772015,13.023829,20.879827,24.972574,14.983439,14.567478,21.137915,72.57678,32.66384,29.171507,22.214354,7.15232,22.790861,14.598329,11.166105,30.566122,23.146395,12.792287,47.559414,16.865717,14.587071,19.280586,9.495081,20.140928,57.502808,36.43996,28.319317,22.137203,22.674437,33.22677,39.7259
15.377506,14.861966,62.89488,12.991645,18.12435,24.963964,15.12131,14.596509,21.264677,70.25412,35.72246,30.81362,21.962595,7.7823777,23.172363,14.4138565,11.152697,29.508575,20.791859,12.766924,49.28702,16.620468,14.615803,18.367512,10.028489,21.808193,57.04495,35.5303,29.365036,22.128716,23.616098,34.14036,41.061756
15.744123,14.585927,61.313606,12.95122,16.83686,24.966085,15.344356,14.61902,21.146255,68.63874,35.565834,31.580036,20.932106,6.922287,23.945213,14.012399,11.165395,29.993927,20.515612,12.711522,50.373993,16.61559,12.354561,18.581188,9.140828,22.676586,54.938503,35.39772,29.381767,22.127499,23.24745,34.532394,41.040375
15.780826,14.066694,59.57446,12.885375,16.457071,24.968472,15.4365,14.6634,21.421234,61.309246,36.260937,33.685413,19.44014,6.773564,24.335928,13.736255,11.147486,29.186098,17.684156,12.681442,51.68325,16.572994,9.96867,18.090328,10.193329,23.331924,53.128258,33.915455,30.435448,22.122255,24.197056,35.42312,42.526554
15.869229,12.784841,59.042812,12.872664,18.128838,24.977478,15.319356,14.647208,21.745373,56.889236,36.18612,33.419624,20.051836,6.5686436,24.255615,13.333367,11.161597,29.09582,16.553635,12.681546,51.209564,16.590132,9.5715065,18.499731,10.921372,23.825012,53.66761,33.63246,29.6106,22.124847,24.206623,35.1976,42.671097
15.690691,12.8572645,58.872395,12.876887,20.111916,24.991106,15.286444,14.612344,21.98531,56.940243,35.987152,32.516632,20.841871,6.4343185,24.416922,12.969179,11.179633,29.958586,15.880838,12.699009,50.012897,16.77269,9.068845,18.545,10.708466,22.60511,52.866737,34.574955,28.840748,22.12746,23.769976,34.34709,41.89931
15.5523,13.477296,58.761894,12.886199,21.062752,24.997444,15.269866,14.59903,21.975466,59.49177,36.383255,32.15768,20.27068,6.415648,24.551981,12.892058,11.192897,30.463911,16.12365,12.710037,49.24313,16.880878,8.402924,18.305033,10.220633,21.484924,52.024227,34.587475,28.900537,22.127956,23.30067,33.69286,40.872063
15.285448,13.771146,58.91265,12.925484,21.617691,24.997475,15.068089,14.606614,21.618404,64.91788,35.178745,31.621798,20.57956,6.529262,24.04139,13.009529,11.188923,30.36481,17.813852,12.7301235,48.698742,16.947826,8.694571,18.339054,9.922314,21.028322,53.929962,35.097485,28.970222,22.130573,22.564228,33.547607,39.90604
15.658984,12.573277,58.024452,12.941369,21.679525,24.99935,15.287646,14.611888,22.244375,61.285587,34.270504,31.960192,26.441803,6.0013556,23.007662,13.105477,11.195633,30.937807,15.830897,12.7486515,48.492596,16.811714,7.590275,18.47019,11.0981655,20.85227,54.57622,36.895256,27.207043,22.140245,22.616571,32.71615,40.948124
15.898615,10.909077,57.212494,12.9107895,21.45103,25.00583,15.669036,14.615717,22.38387,55.38354,32.51773,31.688581,32.623257,5.508727,23.234692,12.944653,11.20442,31.988234,13.502201,12.726389,48.71019,16.889502,7.5971766,18.773907,11.51368,21.731174,52.095272,38.818512,25.760252,22.144165,22.73586,32.768333,42.167915
16.17454,10.273898,56.712654,12.886723,21.75996,25.004957,15.819683,14.643958,22.575483,50.71033,31.993309,32.851803,32.963802,5.484781,22.87998,13.10482,11.194716,31.472927,12.02351,12.716466,49.369965,16.86734,7.673024,18.565123,12.514292,22.195473,51.298573,38.26094,25.731245,22.144459,23.32666,32.930573,43.11571
16.332977,10.24179,56.435596,12.882191,22.998041,25.00503,16.02336,14.660596,22.282658,50.786148,31.296015,33.267914,31.96334,4.954116,22.537062,13.0666685,11.194127,31.238495,12.354371,12.705744,49.792336,16.947475,7.526658,18.31454,12.501146,22.501148,50.419113,37.630875,25.351488,22.147404,23.105108,32.824913,42.7557
16.15896,10.565637,57.51149,12.8933115,25.927612,25.007328,16.286654,14.63467,22.123062,51.25386,31.309614,33.277153,30.466248,4.56865,22.269018,13.19244,11.188097,31.291513,12.846503,12.716276,49.52906,17.036158,8.104774,18.190212,12.1202,21.561409,49.95,37.30555,25.361837,22.147644,23.622099,32.139885,42.374256
15.769021,10.770131,58.436394,12.915145,27.190584,25.008999,16.133764,14.63904,20.907566,59.201294,29.050476,31.808792,30.02062,4.304373,22.367662,13.182554,11.191833,32.1471,17.140625,12.715321,49.442635,17.4028,6.705352,18.197178,10.992038,21.606009,47.326828,37.949375,25.228191,22.152191,21.66585,32.405575,40.002888
15.801299,11.365333,58.38548,12.942549,26.417067,25.00447,15.72509,14.6597185,20.720045,63.64991,29.20458,31.337887,29.472534,4.540752,22.084848,13.221336,11.202038,31.745285,18.707159,12.724891,48.863903,17.349678,7.392054,18.436583,10.7807,21.673319,49.650738,37.094894,25.382658,22.1549,20.975483,32.489983,38.88157
15.859794,11.395918,57.20226,12.95535,26.391216,25.008451,15.756618,14.673565,20.731028,64.115585,28.646059,30.8882,31.64845,4.37672,21.862675,12.907939,11.213681,32.1071,17.931488,12.732935,47.93155,17.415728,7.318885,18.685743,10.943743,21.382116,50.290062,37.481693,24.744385,22.159323,20.657093,32.362686,38.604076
16.208782,11.768899,57.196198,12.960103,24.875277,25.002262,15.711974,14.666466,21.142332,63.992794,31.008045,31.150194,31.832811,4.7130094,21.878618,13.057239,11.221728,31.681536,17.040321,12.738296,48.03951,17.156796,8.354279,18.547087,11.099977,21.724857,51.896923,36.732307,24.893387,22.157192,21.094048,32.15318,39.008026
15.963606,12.367672,57.082077,12.958469,26.152441,25.008308,15.671988,14.661487,20.95922,65.746544,30.879967,30.910122,29.851826,4.907554,21.996902,12.879139,11.221878,31.750633,17.022034,12.746159,47.40031,17.324114,8.223696,18.494122,10.649817,20.895895,51.41752,36.545116,25.270927,22.1543,20.720198,32.0611,38.161903
16.135334,13.904622,56.367393,12.959426,23.774046,25.002901,15.7764435,14.682325,21.235376,68.09089,31.47063,31.164454,28.06462,4.9328465,21.953432,12.957567,11.22825,31.104818,16.618824,12.742377,47.13573,17.163687,9.169289,18.444822,9.865059,20.082468,53.903152,36.149097,25.823524,22.153364,21.011568,31.97498,38.190468
16.204676,14.755238,57.177174,12.966992,23.487923,24.99761,15.580635,14.679138,21.354834,69.72513,32.400093,31.305311,26.366827,5.1241803,21.761803,13.362493,11.231148,30.383526,17.236,12.752436,46.835674,17.041393,10.439389,18.298876,9.424369,19.579763,55.545235,35.20491,26.467083,22.151772,21.287724,31.620256,37.865616
16.265764,14.590951,57.396667,12.97064,22.761293,24.992857,15.728723,14.683432,21.683996,67.317535,32.925903,31.839426,28.798761,5.1155453,21.427227,13.628612,11.225885,30.36809,15.985329,12.763082,46.99365,16.869102,10.816478,18.166061,9.998945,19.607653,56.380203,35.68452,26.11173,22.152643,22.14108,31.423334,39.020958
16.1643,14.1953,57.44422,12.968883,23.178265,24.992052,15.858593,14.685827,22.076195,64.25923,34.04579,32.699512,28.800016,5.3847766,21.172216,13.712418,11.211053,30.052929,14.50397,12.774554,47.394676,16.742409,10.756414,17.899326,10.949943,19.71329,56.659664,35.379498,26.303137,22.149755,22.97517,31.410372,40.070652
15.924105,14.453115,58.117374,12.971336,24.348476,24.995014,15.6821,14.681649,21.804602,64.732254,34.13741,32.804394,29.379223,5.886804,21.180311,13.882858,11.205441,29.985292,14.435331,12.791619,47.100574,16.850592,11.147905,17.411585,11.136427,19.514507,55.749264,35.470135,26.644493,22.147966,23.080656,31.34197,39.82506
16.18903,14.168839,57.905117,12.953606,24.905813,24.997074,15.509094,14.688752,21.312115,65.20585,33.278065,32.59058,28.892117,5.673193,21.526964,13.648123,11.214877,29.881187,15.693345,12.766554,47.77856,17.045822,10.8786335,17.27012,10.974227,20.693172,54.25045,34.858223,26.541342,22.150194,22.1468,31.76498,38.974102
16.056082,12.9116335,58.44241,12.961538,25.131723,25.001644,15.610734,14.653413,21.065853,63.783295,31.693506,30.650547,32.614464,5.6069713,21.442467,13.222081,11.213054,30.504068,16.10465,12.759679,47.60427,17.157892,11.269703,18.129595,10.865777,21.705418,54.059647,36.670277,25.261864,22.154095,21.555462,32.134453,39.135723
16.253428,11.707833,58.946007,12.964075,23.781628,25.000696,15.933413,14.606103,21.58847,60.474567,31.654,30.033716,37.51758,4.8494787,21.762661,13.49317,11.223331,31.697489,15.105069,12.74487,47.43283,16.897943,11.991866,18.966745,10.40346,21.529112,54.524326,38.571358,24.153421,22.156126,22.3569,31.395714,40.42937
16.546581,13.205928,58.595978,12.962645,21.38663,24.995785,16.123001,14.595084,21.764315,61.93177,32.14337,30.22981,36.226845,4.769493,22.173983,13.557667,11.231344,32.101242,15.001111,12.7414875,47.384296,16.829689,11.805443,19.00956,9.792292,20.443075,54.00033,39.138046,24.244484,22.154327,22.518246,31.281357,40.647587
16.48882,14.263356,57.65018,12.950858,19.745394,24.992887,16.269138,14.614756,21.628912,63.61022,31.74558,30.555058,32.800137,4.8889775,22.836193,13.22266,11.228552,32.379444,15.365176,12.726335,47.74633,16.922678,10.609322,18.969837,9.533137,20.217321,52.83399,39.1295,24.791471,22.151487,22.373566,31.99915,40.69542
16.192776,14.4955845,57.12804,12.931407,19.961739,24.994171,16.49949,14.635822,21.52551,64.058304,31.50661,31.094198,27.65654,5.0802717,23.37823,12.956962,11.211894,32.11103,15.79237,12.709584,48.555443,17.032984,9.559053,18.64302,9.604953,20.308731,51.51762,38.162193,25.858637,22.14728,22.415668,32.729237,40.71469
16.258873,15.020521,58.483616,12.945821,19.138416,24.983257,16.414635,14.644588,21.128325,65.886284,31.093466,31.171494,26.390266,5.3345966,23.382652,13.460275,11.200718,31.788437,18.592266,12.713503,49.420906,17.050198,9.984975,18.346989,9.890412,20.3881,49.31843,37.72523,26.324177,22.150148,22.629719,33.16465,40.81381
16.29502,13.723539,58.9258,12.951009,19.076708,24.985151,16.665054,14.626689,21.085064,62.17314,29.441366,30.779974,33.01114,4.608318,23.06005,13.733014,11.204667,32.742893,18.463987,12.717544,49.673065,17.066998,8.836335,18.276823,10.492404,20.243393,46.958824,39.9382,24.926233,22.158981,22.87959,32.64938,41.88096
16.132572,13.381957,58.711536,12.96064,19.731272,24.98633,16.340008,14.640457,20.919714,61.822926,29.174646,30.900455,37.181698,4.6458087,22.565084,13.830403,11.206564,32.820408,17.849411,12.737811,48.97422,17.132357,8.200455,18.080914,10.835654,20.13967,46.94749,40.611794,24.869404,22.160728,22.890152,32.524143,41.797173
16.040127,14.084911,58.56847,12.956606,20.256765,24.983717,15.894571,14.68406,20.533308,63.73428,29.323711,31.980663,35.77137,5.182947,22.246382,13.960014,11.195967,31.903675,17.964394,12.747034,49.094482,17.22913,7.9283524,17.357418,11.085507,20.488077,46.875523,39.741722,25.978085,22.157927,22.744776,32.98608,41.22309
16.206446,14.731888,57.11249,12.946121,22.679783,24.994223,16.004513,14.714621,20.101067,62.736183,27.467312,32.052734,36.262535,4.938782,22.0781,13.416415,11.210343,31.720766,17.229855,12.745516,48.257435,17.587639,7.8627787,17.184757,11.250849,20.319033,44.84812,39.334496,25.381577,22.164267,22.20918,33.08041,40.224888
16.147331,14.457049,56.264294,12.926005,23.196535,25.001566,16.362392,14.703663,20.323313,63.29732,26.649572,32.211216,33.19564,4.117304,22.763372,13.228424,11.221506,32.742184,16.980461,12.717709,48.050323,17.582146,7.0874248,17.651493,10.235119,19.51417,44.9379,39.23709,25.001143,22.161963,21.812593,32.575874,39.759613
15.9238615,13.743051,56.53308,12.92477,21.63559,25.004396,16.275127,14.670663,20.451277,64.09685,26.274954,30.917343,34.330383,4.1211586,23.13021,13.014826,11.217807,33.407646,17.222445,12.704538,48.325764,17.56257,6.6595592,18.308325,9.758658,19.711031,45.73373,40.836437,24.677225,22.159483,21.181149,32.726154,39.981564
16.478998,12.790163,56.202934,12.962731,20.08158,25.001253,16.268747,14.632775,21.065418,58.661476,27.571196,29.468336,44.62517,4.294404,22.63201,12.871859,11.237937,33.61115,14.600813,12.730379,46.753345,17.31695,10.942388,19.521988,10.991172,20.604788,50.62676,42.025536,22.991283,22.165798,22.582106,32.475964,41.794865
16.524439,12.732292,57.05043,12.992151,20.62805,24.993916,16.234755,14.61524,22.001387,57.203415,30.918951,29.511776,44.214054,4.9521084,21.828156,13.099288,11.231989,32.669556,12.970169,12.767945,46.079315,16.934488,13.581759,19.8428,11.8652315,20.518276,55.79066,40.481106,23.227116,22.162508,23.921114,31.905159,42.502754
16.074965,12.755382,59.353367,13.019807,22.44786,24.991734,16.200336,14.570443,22.651548,57.440414,33.51407,29.183865,41.255314,5.79461,21.149128,13.559313,11.211749,31.977291,12.532718,12.810866,45.533524,16.700296,15.14903,19.928692,12.110253,19.385544,58.14781,39.69328,23.91898,22.155785,24.79937,31.127447,42.704063
15.480767,13.532898,60.488068,12.999465,24.445032,24.994013,16.155039,14.5731945,22.465254,59.875908,35.036537,30.529406,35.484856,6.77165,21.31181,13.850507,11.184501,31.151728,12.3087635,12.823338,46.253445,16.739275,14.283428,18.40016,11.840668,19.014719,56.284107,38.565575,25.833733,22.144396,25.142738,31.151817,42.184822
15.497017,13.498298,59.491188,12.968791,24.119759,24.997833,16.231827,14.601565,21.956776,60.01689,33.9017,31.375051,35.67018,6.33597,21.846792,13.70082,11.187873,31.412867,12.472339,12.797163,47.22444,16.888699,11.746613,17.610933,11.440546,19.578817,53.084003,38.984077,26.068636,22.145046,24.523958,31.565544,41.932316
15.91631,13.184344,58.68273,12.949179,24.525774,24.99448,16.780767,14.627578,21.770681,57.80052,32.962048,31.262869,37.08119,5.9072776,22.152641,13.610788,11.199906,31.950127,11.568627,12.774486,47.34395,16.965004,13.330434,17.917713,11.727244,20.412666,51.839993,38.225983,25.216965,22.147625,24.756071,31.81235,42.142704
16.462599,13.465917,57.8535,12.938779,23.754517,24.989359,16.971104,14.667522,21.39237,56.740467,31.78657,31.029009,38.42512,5.8483076,22.332544,13.453149,11.215305,31.918896,11.637639,12.752975,47.335056,17.063683,15.462146,18.21176,11.91025,21.58899,51.249607,37.24937,24.51051,22.15327,24.629427,32.384018,42.132946
16.760864,13.789777,57.777615,12.9466,22.695433,24.983152,16.56606,14.693646,21.590052,56.739906,32.344788,31.198574,38.296597,5.9833417,21.8917,13.57817,11.221579,30.965528,11.542793,12.755236,47.09658,16.931545,17.451506,18.483074,12.144553,22.046137,53.952404,36.124153,24.543089,22.15525,24.632647,32.427692,42.189182
15.9186735,14.62603,58.619278,12.942248,25.26453,24.99035,16.106403,14.722137,20.616308,64.84985,31.22022,31.402443,31.182747,6.596789,21.594275,13.735721,11.196914,30.341059,15.0608015,12.772316,47.426693,17.349707,14.712614,17.520388,11.265543,21.115345,52.140205,34.97776,26.27075,22.148458,22.671558,32.87141,39.435543
15.542354,14.977539,58.022827,12.954272,24.920187,24.996128,15.604409,14.730849,20.09348,69.59182,30.39934,30.606014,30.36904,6.903688,21.50084,13.310772,11.19578,30.328888,16.481125,12.778349,46.95884,17.528593,12.832208,17.645573,10.790234,21.012915,52.22667,35.53876,26.536573,22.1479,21.19826,33.366314,38.005848
15.228101,15.921214,56.92203,12.941227,23.174864,24.997972,15.175113,14.785543,19.122015,77.74501,28.541084,30.625292,26.169254,6.907968,21.808,12.974247,11.188898,30.249338,19.447412,12.748081,47.78239,17.787928,9.418294,17.50114,9.394587,20.808155,50.144844,35.54106,27.602434,22.144838,18.862652,34.461742,35.797466
15.0621605,15.145604,56.705315,12.977876,22.564842,25.000317,14.770314,14.774618,19.521778,78.73387,28.7269,29.916723,26.90178,6.8259554,21.377993,12.839579,11.194378,29.955584,19.874838,12.7639065,46.861614,17.584944,9.4581995,18.367256,9.486066,20.937075,54.949234,35.910473,27.448774,22.147509,18.615385,34.280563,35.770264
14.996211,14.134972,56.256386,12.986905,25.394728,25.010578,14.91987,14.750323,19.94184,75.33103,28.678162,30.124691,26.680716,6.2387714,21.024042,12.634484,11.198302,30.129368,19.055578,12.777914,46.191704,17.574968,8.722786,18.665192,9.975311,20.426727,55.692966,35.702564,26.841715,22.150694,18.824371,33.554855,35.86164
15.294499,13.710769,56.05159,12.97246,25.749214,25.009813,15.306668,14.729057,20.490961,73.69894,29.30911,30.610699,25.1204,5.2491045,21.53916,12.74636,11.2139225,30.917719,18.670078,12.754267,46.375847,17.427843,8.017758,18.903467,9.391172,19.660471,54.841198,35.341244,26.606857,22.151373,19.35622,32.65916,36.10309
15.621832,13.332778,56.132446,12.959663,26.516993,25.007914,15.949899,14.695321,21.16476,70.50226,30.12356,30.88094,23.395971,4.573421,22.189571,12.9085865,11.224227,31.548094,17.700481,12.735051,46.322372,17.287529,9.549004,19.296276,9.270113,19.09533,55.068314,34.792686,26.654724,22.149893,20.782536,31.898977,36.973434
16.02028,13.04865,55.88771,12.942628,25.095701,24.996563,16.524847,14.699565,21.933441,64.74011,31.25393,31.921871,23.93282,4.381006,22.394142,13.047631,11.215102,31.296276,15.612996,12.717821,47.2696,17.008776,11.465779,19.350355,10.195096,20.0367,56.251865,34.384193,26.586601,22.148026,22.774712,32.12594,39.31969
16.077944,13.297655,55.3094,12.92893,24.014769,24.991203,16.749622,14.717298,21.911982,63.481647,31.48513,32.59619,23.294968,4.605526,22.754688,12.952477,11.204378,31.48539,14.8127985,12.708874,47.89967,17.016489,11.473165,19.132833,10.686831,20.481253,54.872757,34.202065,26.70823,22.144287,23.164759,32.786465,40.087727
16.579174,13.726758,56.584393,12.947351,23.276781,24.98241,16.132925,14.674729,22.248932,61.496017,33.71602,32.980633,23.985691,4.976136,22.490726,13.344362,11.204913,30.939157,15.225624,12.733159,48.02303,16.888367,12.310962,18.835072,11.7474785,20.610645,54.91282,34.136223,26.774837,22.143717,23.921425,32.399395,40.756535
17.372921,13.05249,56.755898,12.931147,23.393211,24.976614,15.967033,14.663834,22.504772,57.763683,35.02399,34.580166,23.340887,4.358569,22.418316,13.743242,11.217921,30.263021,15.545666,12.709832,49.314377,16.690695,11.486673,18.245543,12.312655,21.69845,53.688923,32.711903,26.856434,22.145597,24.309837,31.883783,41.06034
17.566645,13.428916,55.751556,12.9069195,23.033699,24.982,15.686143,14.683816,22.178993,57.32871,33.84312,35.6718,22.533455,3.973647,22.94746,13.598564,11.230221,29.97544,16.014946,12.682236,49.986423,16.828377,9.028691,17.492558,12.014677,21.823797,51.963276,32.71288,27.440697,22.148262,23.802917,31.952457,40.722572
17.269035,13.9690075,57.264423,12.911092,23.578796,24.986097,15.658861,14.646211,22.199038,59.27941,36.038902,35.150604,21.473549,4.6949105,23.096506,13.823139,11.2274885,29.78391,16.10067,12.7035055,49.75867,16.764502,9.502712,17.264593,11.257813,21.09285,51.831306,32.52802,28.057829,22.14224,23.781996,31.606155,40.24857
17.371843,13.612746,58.411236,12.912456,22.326405,24.985855,15.750695,14.595505,22.316214,60.45291,38.524162,34.149437,21.536919,4.8723745,23.607866,13.920899,11.245649,30.597366,16.569656,12.694694,49.533745,16.522163,9.74776,17.939486,9.796483,21.437304,51.057552,32.701687,27.721268,22.138021,23.410889,31.26303,39.863155
17.234962,14.810785,59.001167,12.912395,20.37582,24.98294,15.957666,14.582583,22.270756,62.80532,39.98148,33.60496,20.677109,5.336413,23.888378,13.981388,11.244907,30.831444,16.119137,12.695616,49.12574,16.446402,10.548886,17.92807,8.608791,20.882542,51.144356,33.140236,28.11761,22.131594,23.511389,31.256168,39.809177
16.90358,15.027388,59.162888,12.893899,18.325657,24.9803,16.22351,14.588375,21.924685,64.46561,39.333145,33.18741,19.303375,5.1862807,24.833458,13.883394,11.244328,32.115036,16.83864,12.663823,49.348797,16.478977,9.383155,18.405935,7.186313,20.816927,48.658756,34.097923,28.259203,22.12696,23.148144,31.772846,39.81124
17.359064,14.253736,58.41846,12.871907,16.062721,24.975342,16.066198,14.620958,21.188198,62.389683,37.326828,33.585445,19.408476,4.9908075,25.463999,13.425909,11.244998,32.582806,18.853033,12.595671,50.542236,16.60266,9.306322,19.215038,6.2916393,24.002918,45.514153,34.431847,27.910587,22.127268,22.349276,33.420944,39.906834
17.409546,13.599111,58.49859,12.86564,15.720135,24.973278,15.966148,14.634255,20.792912,61.92595,36.524887,33.671516,19.555769,4.9379926,25.669125,13.351889,11.245017,32.738857,20.081863,12.570768,50.997322,16.630371,9.387953,19.422611,5.9744387,25.393066,43.91782,34.23308,27.72788,22.127682,21.995506,33.97374,39.754147
17.526648,13.675234,58.48729,12.864802,15.974907,24.973812,16.119493,14.620042,21.388988,58.549618,36.11602,34.057133,21.491531,4.7941675,25.082155,13.539624,11.232534,31.889727,18.4426,12.597602,51.567154,16.51226,9.761289,18.956966,7.3322988,24.712946,45.81197,35.063522,27.270685,22.13225,22.90132,33.63021,41.27008
17.25052,13.681023,58.482113,12.869482,16.444548,24.974155,16.313847,14.629262,21.552374,58.723946,34.590458,33.789078,22.488457,4.5729876,24.618374,13.665744,11.216196,31.526537,17.81617,12.614504,51.772144,16.524847,9.911281,18.754976,7.9585342,23.685843,47.47288,35.71053,27.109268,22.135677,23.214691,33.48622,41.89186
16.68661,12.453653,60.256153,12.894728,21.301899,24.988205,16.27573,14.5664835,21.485634,59.180088,34.812553,32.440006,21.852024,4.871328,24.477654,13.696175,11.208773,31.99078,18.805239,12.658399,50.893463,16.800173,9.39592,18.706308,8.812756,22.536348,46.263397,35.89588,27.01993,22.135952,23.023752,32.66576,40.98911
16.552328,12.065084,61.1459,12.8884115,25.425608,24.9935,16.441326,14.559022,21.413307,56.820904,33.14017,32.795105,21.838463,4.4226203,23.80443,14.064913,11.197625,31.34146,19.037777,12.674585,51.02743,16.990992,10.067873,18.086939,9.446271,21.611494,45.663765,35.086285,26.946333,22.1407,23.489798,32.00263,40.897976
16.706919,11.842669,61.018505,12.894741,26.059177,24.99163,16.513596,14.575252,21.48188,55.434692,32.368397,33.00425,23.552216,4.1752267,23.192595,14.220344,11.197467,30.98664,18.39003,12.681665,50.855762,16.965763,11.003244,18.019146,9.948391,21.622234,46.48736,34.895485,26.45271,22.145123,23.723223,31.76837,41.210743
17.321304,12.7061405,61.401527,12.897232,25.22083,24.990152,16.551508,14.537826,21.858273,52.619324,32.668163,32.997547,25.138422,4.020285,23.37499,14.43997,11.211409,31.0698,17.391945,12.6820345,50.391438,16.897768,13.723378,18.11975,9.88442,20.92833,47.45203,35.66241,26.07211,22.146727,24.562935,31.075,42.06087
17.592,13.300753,60.857353,12.892759,24.870455,24.98916,16.399323,14.54065,21.7105,53.248787,31.151917,33.082474,25.706758,3.6695204,23.283976,14.549042,11.226024,30.935022,17.740513,12.671055,49.97017,16.947239,14.534769,18.129517,9.383351,20.665394,47.815826,35.63008,25.831993,22.150986,24.156319,30.87358,41.611168
17.765509,13.0006895,61.91611,12.899505,24.36166,24.982943,16.226362,14.537826,21.706663,55.031857,32.34621,33.18594,25.058945,3.6695204,23.772732,15.028002,11.236132,31.615694,19.48665,12.665971,50.149937,16.770794,13.965867,18.224602,8.933687,21.25059,46.119568,35.30646,25.94452,22.148926,23.948528,30.61372,41.0247
17.429081,12.675333,61.771206,12.892677,24.116476,24.983397,16.453003,14.544095,21.379692,57.254494,31.086676,32.873425,24.75457,3.6695204,23.794346,14.9853,11.229269,32.018307,20.197775,12.651832,50.483704,16.838123,13.101381,18.2541,8.331543,21.420752,44.87533,35.626724,25.819445,22.148832,23.33815,30.939718,40.588196
17.416988,12.535961,62.525455,12.885359,25.93425,24.980381,16.872839,14.571494,21.240667,55.586533,29.26989,33.27101,24.975742,3.6695204,23.211424,15.587891,11.221681,31.535534,20.25956,12.656221,50.67663,16.915018,14.538905,17.705524,8.654633,20.923504,43.921364,34.60534,25.74349,22.1531,23.704493,30.68024,40.70667
17.245298,12.391115,61.837357,12.888845,26.221067,24.981964,17.010887,14.603102,21.506062,54.560383,30.544085,33.71431,25.447084,3.6695204,22.814379,15.401638,11.215413,30.88212,18.13114,12.671869,50.553905,16.833467,14.50332,17.502192,9.324001,20.834711,46.340298,33.99192,26.089222,22.151812,24.3458,30.691517,41.28284
16.810118,12.284053,62.847637,12.902309,28.270706,24.98361,17.15678,14.599106,21.585155,55.178463,30.603151,33.150356,24.994078,3.6695204,22.322678,15.644424,11.205992,30.773876,17.965574,12.701771,49.786636,16.862633,15.135861,17.593231,9.405881,19.9749,47.09612,33.536137,26.150257,22.15058,24.409939,30.378016,40.896164
16.089054,11.981197,62.878025,12.924786,30.352808,24.990396,17.699652,14.601234,21.690285,55.456367,30.255852,31.789938,27.057465,4.0228624,21.708954,15.365621,11.195961,31.383,16.21595,12.739388,48.226936,16.920876,15.634928,18.233795,9.54295,18.968977,48.33796,34.17506,25.314882,22.150433,24.454878,30.244177,40.82474
15.812271,11.438099,63.816772,12.928717,29.712173,24.986671,18.187517,14.615924,21.266607,55.405106,28.482386,30.866604,29.000505,4.069166,21.528717,15.727239,11.179975,31.973545,16.57798,12.734677,48.357,16.978098,16.580322,18.572609,9.298118,18.983282,46.7069,34.963215,24.839056,22.151773,24.323296,30.624681,41.257595
15.935565,11.620401,62.415585,12.91534,26.559002,24.988417,18.567701,14.606798,21.340473,56.636044,27.722504,30.884668,28.94647,3.6695204,22.297434,15.441461,11.190572,33.050518,16.564924,12.6996765,48.882557,16.87959,14.678853,18.93424,8.353177,18.47858,46.15787,36.7744,24.434767,22.15169,24.123102,30.671246,41.771435
16.368204,12.119793,61.955967,12.9196415,24.646013,24.980606,18.109287,14.635647,21.621471,54.051006,29.168833,32.78778,28.297945,3.6695204,22.203722,15.626405,11.185296,32.141495,15.757136,12.7012005,49.783703,16.73351,14.510548,18.502926,9.698962,18.677504,47.271893,36.309532,25.446869,22.150236,25.315628,30.85519,43.09417
16.831264,13.801312,62.882076,12.926075,22.879976,24.972069,17.465748,14.6425905,21.606024,54.60113,30.433516,33.91293,26.670137,4.228115,22.144064,16.179026,11.182569,30.884739,15.996514,12.716204,50.041798,16.712664,16.31678,17.790073,10.203605,18.225636,48.264957,35.60358,26.806793,22.147833,25.907724,30.842834,43.37483
17.03932,14.472173,62.365124,12.922677,20.602938,24.969902,17.051947,14.6650505,21.513494,54.620956,31.240808,34.73898,27.11797,4.4950485,22.262323,16.076488,11.182512,30.12025,15.473484,12.707804,50.702682,16.648026,16.123566,17.291346,10.441881,18.657372,49.201443,35.601673,27.45247,22.148142,26.082197,31.13014,43.931545
16.818062,14.823414,63.087925,12.930665,21.09735,24.966848,16.51231,14.653976,21.380213,58.099705,32.70268,34.50891,25.638659,5.3322535,22.378374,16.08001,11.172997,29.83221,17.108978,12.72933,50.664658,16.706123,15.486312,16.875147,10.590364,19.257853,48.8189,35.072266,28.165686,22.143991,25.71275,31.541666,42.942436
16.387684,14.32682,62.047203,12.930418,23.06343,24.974628,16.7676,14.667123,21.475992,59.39925,31.991186,34.04964,24.814014,5.0155387,22.270409,15.60931,11.179102,30.150106,17.389631,12.731208,50.048344,16.756464,13.98931,17.16332,10.334702,19.15199,49.122566,34.69148,27.703032,22.146784,25.192066,31.488506,42.111504
16.47753,13.155635,60.26354,12.933948,25.106562,24.987902,16.86931,14.673866,21.548422,56.112774,30.861313,34.074203,28.55278,4.1947546,21.732624,14.87347,11.196888,30.449461,16.156672,12.72973,49.7682,16.860817,11.15782,17.125397,11.090272,19.59518,48.754696,35.482502,26.237978,22.156301,24.599792,31.025352,41.95562
16.37002,13.704048,58.584072,12.920334,26.007885,24.993734,16.912167,14.728455,20.869507,57.07093,28.799107,34.586655,28.92799,4.130596,21.650621,14.327191,11.198276,30.366982,16.279253,12.72251,49.83391,17.221289,9.471046,16.557232,11.229598,19.963427,46.814766,35.4959,26.130087,22.160042,23.721588,31.753893,41.16126
15.987935,13.555396,57.318546,12.901265,26.75963,24.997583,16.91062,14.785695,20.22311,60.88374,27.190334,34.61392,29.082079,4.1071916,21.643257,13.99547,11.197931,30.732956,16.486681,12.709595,49.919846,17.439629,7.958853,16.370401,10.669458,20.549925,45.780514,35.411083,26.035097,22.159111,22.330648,32.403385,39.79101
16.126505,13.813466,57.201756,12.902161,25.667034,24.993326,16.890966,14.805278,20.30091,60.56381,27.499844,35.015827,29.867256,4.1780605,21.536528,14.187651,11.199995,30.470146,15.716535,12.7101555,49.894474,17.339054,8.783386,16.305103,10.742201,20.63297,46.790962,35.370422,26.14642,22.15871,22.686325,32.38626,40.23511
16.269361,13.468228,58.12009,12.919261,25.237453,24.985556,16.964342,14.797945,20.799328,57.862244,28.97714,35.31219,30.819866,4.302059,21.352962,14.70466,11.199706,30.36924,14.613066,12.726594,49.606007,17.06179,10.49852,16.5474,11.377077,20.58812,48.36113,34.98168,26.15866,22.15727,23.94623,31.915129,41.367035
16.33369,14.934554,58.389675,12.927732,24.264513,24.982372,16.62191,14.790876,20.782213,59.85667,29.787828,35.040905,29.234003,5.127276,21.337408,14.669327,11.192607,29.686974,14.83159,12.74563,49.034554,17.144817,12.539536,16.607336,11.389328,20.069462,49.83206,34.734776,26.920935,22.153708,24.15547,32.318687,41.240803
16.326056,15.474807,60.163555,12.977407,22.135195,24.975327,16.093723,14.706908,22.188246,61.81853,34.124504,33.250298,27.456608,6.214654,20.780457,14.969117,11.189417,28.819584,14.482903,12.788801,47.3197,16.640594,16.951105,17.860422,11.38318,18.952217,57.949173,34.171707,27.554924,22.147001,25.29121,31.378056,41.708904
16.092453,15.4751625,59.71071,12.987972,21.316835,24.975769,16.070833,14.684383,22.649574,62.79304,35.25703,32.31317,26.781507,6.531773,20.81274,14.512289,11.186694,28.900612,14.024517,12.794931,46.74255,16.511213,17.541964,18.631144,11.231051,18.873222,60.599636,34.295895,27.501602,22.143879,25.430079,31.56436,41.88848
16.14745,14.757261,59.343803,12.98495,22.677723,24.98073,15.960356,14.674064,22.541754,63.273098,35.2831,32.221264,28.319674,6.1460953,20.861376,14.408594,11.20062,29.404821,13.93336,12.794435,46.683575,16.546116,15.842,18.380638,11.21279,19.2592,59.765095,34.48357,26.88657,22.145428,24.623299,31.151672,41.033302
15.59885,14.86037,59.107616,12.979427,22.495268,24.982244,15.874827,14.724423,22.084673,64.36702,34.31692,33.04641,28.531317,6.6245203,20.64081,14.495127,11.180543,29.08201,13.677925,12.796031,46.91757,16.619484,15.390344,17.947369,11.204585,19.42175,59.663292,34.601826,27.596636,22.142813,24.582115,31.766382,41.18473
15.335296,15.344782,59.083015,12.96629,21.684568,24.980719,15.72811,14.737523,21.944397,64.55436,35.208744,34.127525,27.29325,7.3059278,20.88429,14.541629,11.159453,28.691599,13.048496,12.795295,47.63488,16.623674,15.105572,17.243868,11.430741,19.606222,59.13195,34.461246,28.764835,22.134962,25.08416,32.350037,41.723415
15.441599,15.312368,59.012814,12.968128,23.682636,24.988737,15.701483,14.727666,21.64236,64.52921,33.992966,33.823467,28.243504,6.8533316,20.796549,14.418181,11.174937,28.897316,13.666603,12.800349,47.157173,16.808672,14.113579,17.03592,11.144319,19.320671,57.31584,34.73446,28.039942,22.141508,24.3266,31.901121,40.799908
15.593162,14.737639,58.353294,12.970212,24.095778,24.99701,15.709562,14.705535,21.401726,64.551094,32.59116,32.9628,31.104897,6.137724,20.84719,13.982173,11.19073,29.739223,14.189181,12.79391,47.00406,16.954203,11.596231,17.254099,10.844184,19.392748,55.531033,36.427643,26.824125,22.148956,23.233133,31.722181,40.233707
15.893687,14.068393,57.60473,12.969683,23.781252,25.001503,15.800852,14.701836,21.160648,62.977882,31.046816,32.23947,36.42588,5.4015203,20.829796,13.6979,11.210814,30.449047,14.144931,12.782705,47.075436,17.046568,9.941694,17.335245,10.918501,19.85998,53.426495,37.959183,25.315184,22.158785,22.460962,31.581682,40.145973
16.563728,15.024933,57.697006,12.98815,23.675005,25.001598,15.49064,14.659527,21.2818,62.918854,31.740622,30.947655,39.495514,5.5710583,20.960142,13.628662,11.24409,30.420986,13.840391,12.8019905,45.470116,17.083668,13.02523,17.707684,11.126541,19.591928,55.126453,37.952328,24.467033,22.164385,22.613829,30.983654,39.63677
16.794273,15.0817795,57.185555,13.001926,24.734304,25.004303,15.320511,14.6544075,21.53829,61.411373,32.099064,30.97292,38.306293,5.5209923,20.644163,13.334041,11.249841,29.9165,13.780581,12.81357,44.939262,17.125782,13.509591,17.960205,11.799861,19.596638,56.741673,37.18105,24.380415,22.167023,22.733627,30.876928,39.556816
17.27873,15.714217,57.329105,12.995022,24.147972,24.996862,15.505897,14.655855,22.022846,57.50429,32.857437,32.217705,37.279205,5.286427,20.627327,13.615655,11.250546,29.46835,12.4853945,12.80929,45.126102,16.994562,15.246903,17.891487,12.284827,19.142916,57.51151,36.511414,24.653315,22.165962,24.219172,30.578531,40.86934
17.208424,14.902542,59.043114,13.007527,24.203821,24.9926,15.537509,14.6102705,22.166441,56.21775,33.19517,31.69788,38.981518,5.308726,20.743198,14.023317,11.242414,30.189423,13.410462,12.816275,45.536663,16.93288,15.0949,18.082619,12.649244,19.011932,55.978027,37.45487,24.399893,22.165197,24.602741,30.307518,41.38752
16.60848,13.504365,60.339233,13.027455,24.554104,24.9878,15.878957,14.578018,22.427065,56.480984,33.562313,29.926916,39.272938,5.537846,20.807608,14.087883,11.224156,31.344158,14.689823,12.830157,45.452812,16.845098,15.042177,19.169695,12.879339,18.998518,54.859497,37.99607,23.99117,22.163193,24.910496,30.590809,41.832054
16.2963,13.117485,61.15328,13.039842,23.79477,24.98587,15.865598,14.56162,22.496326,58.299633,33.2165,29.338285,38.820633,5.316686,20.612852,14.391279,11.220017,31.8025,15.777853,12.832114,45.06973,16.749437,14.999545,19.773556,12.006915,18.317263,56.652973,38.4335,23.912605,22.161392,24.603373,30.33095,41.693222
16.115116,13.266514,61.02683,13.03115,23.133585,24.987314,15.823769,14.599563,22.079082,58.068535,32.31509,29.989962,40.623726,5.6367836,20.42488,14.496975,11.210282,31.2781,14.828448,12.823103,45.402817,16.810925,15.333453,19.253357,11.852817,18.651001,56.457134,38.84502,24.368767,22.1609,24.645506,30.678394,42.087337
16.173386,13.481312,59.918118,12.998658,21.209482,24.98601,15.996983,14.653637,21.572338,59.372906,30.187828,30.904837,37.08892,5.062536,20.895464,14.354823,11.206272,31.140242,15.993417,12.7735815,46.762733,16.91254,14.097105,19.155552,11.143377,19.254461,55.60889,38.557453,24.897903,22.161263,24.030396,31.530073,42.132008
15.590897,13.994316,58.626087,12.978126,22.288141,24.993273,16.166492,14.6986,20.857916,66.11102,28.398209,30.732841,31.585106,5.155737,21.22347,13.803397,11.194003,31.37495,17.658827,12.759348,47.059784,17.20294,11.137749,19.0493,9.962238,19.256504,53.38084,38.24595,25.555159,22.157192,22.204082,32.544662,40.109154
